recno,Gal,RAJ2000,DEJ2000,ID,Per,F555W,e_F555W,F814W,e_F814W,AmpV,AmpI,AmpWh,Z,Flag,Ref,R16,RCat,SimbadName
1,M101,210.69896,54.36145,371996,5.016,26.198,46,25.322,34,0.950,0.668,,9.096,O,S11,0,0,[HMR2016] M101  371996
2,M101,210.91264,54.34753,25168,5.060,25.964,44,25.100,33,1.012,0.608,,9.077,OH,S11,1,0,[HMR2016] M101  25168
3,M101,210.71027,54.31466,196870,5.066,26.251,26,25.139,20,0.776,0.584,,9.089,OH,S11,1,0,[HMR2016] M101  196870
4,M101,210.66898,54.32655,389294,5.145,26.091,29,25.253,22,0.764,0.438,,9.031,O,S11,0,0,[HMR2016] M101  389294
5,M101,210.71867,54.32853,202091,5.261,25.912,32,24.995,25,0.634,0.406,,9.126,OH,S11,1,0,[HMR2016] M101  202091
6,M101,210.89127,54.35620,136682,5.358,25.927,30,24.850,22,0.826,0.456,,9.118,OH,S11,1,0,[HMR2016] M101  136682
7,M101,210.88545,54.36866,200074,5.450,25.877,34,24.850,22,0.706,0.328,,9.119,O,S11,0,0,[HMR2016] M101  200074
8,M101,210.68791,54.36025,398859,5.506,26.114,48,25.257,38,0.840,0.552,,9.075,O,S11,0,0,[HMR2016] M101  398859
9,M101,210.72162,54.34015,224407,5.566,26.328,36,25.252,42,0.680,0.332,,9.143,OH,S11,1,0,[HMR2016] M101  224407
10,M101,210.69714,54.33675,314474,5.567,25.847,30,24.978,23,0.606,0.336,,9.093,O,S11,0,0,[HMR2016] M101  314474
11,M101,210.85670,54.39081,385340,5.623,26.092,40,25.214,32,0.820,0.596,,9.120,O,S11,0,0,[HMR2016] M101  385340
12,M101,210.90146,54.32902,17723,5.671,26.365,27,25.377,20,0.500,0.340,,9.088,OH,,1,0,[HMR2016] M101  17723
13,M101,210.70174,54.36899,380072,5.796,25.869,22,24.953,32,0.728,0.450,,9.094,O,S11,0,0,[HMR2016] M101  380072
14,M101,210.74564,54.33090,90168,5.980,25.940,21,24.873,17,0.742,0.456,,9.177,OH,S11,1,0,[HMR2016] M101  90168
15,M101,210.69290,54.35272,372009,6.050,25.599,31,24.653,27,0.806,0.286,,9.088,O,S11,0,0,[HMR2016] M101  372009
16,M101,210.69016,54.34508,363373,6.059,26.135,31,25.152,29,0.648,0.464,,9.083,OH,S11,1,0,[HMR2016] M101  363373
17,M101,210.70807,54.31847,218108,6.080,25.965,37,25.131,34,0.852,0.720,,9.092,OH,S11,1,0,[HMR2016] M101  218108
18,M101,210.88773,54.38451,234212,6.100,25.900,26,24.932,19,0.540,0.338,,9.090,O,S11,0,0,[HMR2016] M101  234212
19,M101,210.74535,54.30369,7864,6.135,26.106,35,25.217,31,0.788,0.514,,9.114,O,S11,0,0,[HMR2016] M101  7864
20,M101,210.89297,54.34535,94991,6.161,25.537,27,24.746,25,0.692,0.420,,9.116,O,S11,0,0,[HMR2016] M101  94991
21,M101,210.72067,54.34136,230998,6.163,25.962,29,24.962,25,0.590,0.340,,9.141,OH,S11,1,0,[HMR2016] M101  230998
22,M101,210.71307,54.32949,228952,6.275,26.242,33,25.275,25,0.658,0.316,,9.117,O,S11,0,0,[HMR2016] M101  228952
23,M101,210.67232,54.34572,408106,6.278,26.046,24,25.117,21,0.700,0.436,,9.048,O,S11,0,0,[HMR2016] M101  408106
24,M101,210.71780,54.32662,651054,6.282,26.063,84,25.038,44,0.776,0.466,,9.122,O,S11,0,0,[HMR2016] M101  651054
25,M101,210.69144,54.32677,309447,6.378,25.631,35,24.776,24,0.732,0.478,,9.073,OH,S11,1,0,[HMR2016] M101  309447
26,M101,210.87932,54.38230,262376,6.418,25.456,26,24.581,26,0.866,0.416,,9.108,O,S11,0,0,[HMR2016] M101  262376
27,M101,210.83896,54.35697,355259,6.555,25.681,21,24.504,26,0.674,0.452,,9.219,O,S11,0,0,[HMR2016] M101  355259
28,M101,210.68954,54.35270,382740,6.604,25.735,20,24.820,14,0.502,0.260,,9.081,O,S11,0,0,[HMR2016] M101  382740
29,M101,210.69653,54.31756,260598,6.608,25.846,37,24.970,26,0.702,0.376,,9.071,OH,S11,1,0,[HMR2016] M101  260598
30,M101,210.72981,54.30702,86385,6.745,25.750,42,24.863,35,0.908,0.442,,9.103,O,S11,0,0,[HMR2016] M101  86385
31,M101,210.67735,54.34376,397164,6.758,25.700,38,24.665,24,0.698,0.368,,9.057,H,S11,1,0,[HMR2016] M101  397164
32,M101,210.87000,54.35660,223294,6.763,25.958,29,24.933,22,0.674,0.450,,9.160,O,S11,0,0,[HMR2016] M101  223294
33,M101,210.93399,54.36643,1917,6.813,25.707,22,24.707,14,0.500,0.234,,9.029,O,S11,0,0,[HMR2016] M101  1917
34,M101,210.69217,54.36618,398557,6.841,25.364,20,24.600,14,0.574,0.334,,9.079,O,S11,0,0,[HMR2016] M101  398557
35,M101,210.90205,54.35625,90087,6.851,25.490,21,24.722,16,0.662,0.320,,9.097,O,S11,0,0,[HMR2016] M101  90087
36,M101,210.91148,54.35723,54672,6.859,25.642,32,24.724,28,0.702,0.374,,9.078,OH,S11,1,0,[HMR2016] M101  54672
37,M101,210.71092,54.35151,299699,6.860,25.591,20,24.769,15,0.604,0.468,,9.124,OH,S11,1,0,[HMR2016] M101  299699
38,M101,210.88463,54.33899,110830,6.879,25.941,31,24.847,27,0.644,0.434,,9.129,O,S11,0,0,[HMR2016] M101  110830
39,M101,210.88664,54.34654,126118,6.969,25.544,32,24.698,28,0.834,0.434,,9.129,OH,S11,1,0,[HMR2016] M101  126118
40,M101,210.92798,54.36971,28064,6.973,25.809,20,24.912,16,0.538,0.322,,9.038,O,S11,0,0,[HMR2016] M101  28064
41,M101,210.85257,54.33441,228526,7.027,25.515,22,24.583,16,0.636,0.330,,9.185,O,S11,0,0,[HMR2016] M101  228526
42,M101,210.67574,54.33802,392033,7.130,25.443,22,24.524,19,0.798,0.384,,9.052,O,S11,0,0,[HMR2016] M101  392033
43,M101,210.72377,54.35083,242444,7.151,25.733,26,24.634,23,0.636,0.362,,9.149,OH,S11,1,0,[HMR2016] M101  242444
44,M101,210.73083,54.31112,94464,7.238,25.807,25,24.840,17,0.602,0.354,,9.114,O,S11,0,0,[HMR2016] M101  94464
45,M101,210.88550,54.33176,84633,7.255,25.394,40,24.520,32,0.890,0.590,,9.121,O,S11,0,0,[HMR2016] M101  84633
46,M101,210.86452,54.35872,252496,7.277,25.615,31,24.507,23,0.810,0.350,,9.169,OH,,1,0,[HMR2016] M101  252496
47,M101,210.71397,54.31971,195818,7.364,25.695,30,24.728,21,0.554,0.264,,9.104,OH,S11,1,0,[HMR2016] M101  195818
48,M101,210.70592,54.33674,277390,7.459,25.826,31,24.917,24,0.566,0.472,,9.110,OH,S11,1,0,[HMR2016] M101  277390
49,M101,210.65720,54.32299,407427,7.511,25.632,29,24.725,18,0.734,0.422,,9.005,O,S11,0,0,[HMR2016] M101  407427
50,M101,210.88799,54.33447,82579,7.552,25.337,26,24.459,20,0.636,0.416,,9.119,OH,S11,1,0,[HMR2016] M101  82579
51,M101,210.88414,54.36751,202156,7.571,25.403,26,24.533,20,0.746,0.394,,9.123,OH,S11,1,0,[HMR2016] M101  202156
52,M101,210.68225,54.34459,387355,7.573,25.420,19,24.655,15,0.520,0.326,,9.067,O,S11,0,0,[HMR2016] M101  387355
53,M101,210.88567,54.38062,230896,7.579,25.292,25,24.422,25,0.636,0.448,,9.101,O,S11,0,0,[HMR2016] M101  230896
54,M101,210.72864,54.36169,254029,7.639,25.310,23,24.527,18,0.572,0.348,,9.152,O,S11,0,0,[HMR2016] M101  254029
55,M101,210.73328,54.35355,214250,7.673,25.785,38,24.841,28,0.706,0.452,,9.167,OH,S11,1,0,[HMR2016] M101  214250
56,M101,210.88850,54.38532,233366,7.757,25.625,41,24.745,31,1.012,0.516,,9.087,O,S11,0,0,[HMR2016] M101  233366
57,M101,210.90356,54.33352,21501,7.758,25.463,37,24.664,29,0.716,0.570,,9.088,O,S11,0,0,[HMR2016] M101  21501
58,M101,210.89249,54.36142,147959,7.762,25.910,30,24.885,24,0.716,0.280,,9.113,OH,S11,1,0,[HMR2016] M101  147959
59,M101,210.92757,54.37384,39807,7.841,25.698,17,24.827,12,0.612,0.304,,9.035,O,S11,0,0,[HMR2016] M101  39807
60,M101,210.69791,54.33226,298224,7.868,25.385,20,24.538,19,0.740,0.336,,9.091,O,S11,0,0,[HMR2016] M101  298224
61,M101,210.73579,54.34059,163272,7.876,25.759,37,24.749,27,0.826,0.534,,9.170,OH,S11,1,0,[HMR2016] M101  163272
62,M101,210.88210,54.36849,680030,7.876,25.351,33,24.413,23,0.764,0.226,,9.125,H,,1,0,[HMR2016] M101  680030
63,M101,210.69583,54.36410,387187,7.935,25.673,23,24.827,18,0.508,0.408,,9.088,O,S11,0,0,[HMR2016] M101  387187
64,M101,210.70367,54.36504,364363,7.969,25.360,27,24.502,18,0.810,0.484,,9.102,O,S11,0,0,[HMR2016] M101  364363
65,M101,210.71075,54.34048,267743,7.977,25.552,39,24.635,24,0.670,0.486,,9.122,OH,S11,1,0,[HMR2016] M101  267743
66,M101,210.91441,54.36694,71270,8.152,25.296,19,24.513,15,0.768,0.386,,9.067,O,S11,0,0,[HMR2016] M101  71270
67,M101,210.88855,54.34493,112715,8.173,25.767,34,24.783,27,0.704,0.350,,9.124,OH,S11,1,0,[HMR2016] M101  112715
68,M101,210.70422,54.36345,358736,8.189,25.615,22,24.612,17,0.778,0.390,,9.104,O,S11,0,0,[HMR2016] M101  358736
69,M101,210.89149,54.34354,95661,8.270,25.602,16,24.686,13,0.506,0.392,,9.118,O,S11,0,0,[HMR2016] M101  95661
70,M101,210.76633,54.34856,52640,8.282,25.654,32,24.615,35,0.686,0.336,,9.233,O,S11,0,0,[HMR2016] M101  52640
71,M101,210.84879,54.37784,378711,8.296,26.214,26,24.840,21,0.432,0.200,,9.163,O,S11,0,0,[HMR2016] M101  378711
72,M101,210.91901,54.35078,12428,8.356,25.282,28,24.492,28,0.610,0.398,,9.065,O,S11,0,0,[HMR2016] M101  12428
73,M101,210.74214,54.35193,170133,8.361,25.455,19,24.571,15,0.518,0.342,,9.185,O,S11,0,0,[HMR2016] M101  170133
74,M101,210.86842,54.34611,202631,8.370,25.333,36,24.548,23,0.620,0.416,,9.164,O,S11,0,0,[HMR2016] M101  202631
75,M101,210.73415,54.31774,100066,8.375,25.898,23,24.850,17,0.472,0.224,,9.133,O,S11,0,0,[HMR2016] M101  100066
76,M101,210.71393,54.33727,244364,8.447,26.112,142,24.953,110,0.888,0.624,,9.126,O,S11,0,0,[HMR2016] M101  244364
77,M101,210.73692,54.31540,80602,8.459,25.098,20,24.129,15,0.574,0.244,,9.132,O,S11,0,0,[HMR2016] M101  80602
78,M101,210.67332,54.32286,797083,8.495,25.686,21,24.598,15,0.600,0.386,,9.035,O,S11,0,0,[HMR2016] M101  797083
79,M101,210.87395,54.38578,295589,8.578,25.507,25,24.628,17,0.560,0.310,,9.109,O,S11,0,0,[HMR2016] M101  295589
80,M101,210.71082,54.35254,303130,8.660,25.174,29,24.445,20,0.444,0.268,,9.123,O,S11,0,0,[HMR2016] M101  303130
81,M101,210.85818,54.35216,259030,8.668,25.191,21,24.471,15,0.596,0.404,,9.185,O,S11,0,0,[HMR2016] M101  259030
82,M101,210.86909,54.38873,325324,8.744,25.111,25,24.270,21,0.616,0.470,,9.109,O,S11,0,0,[HMR2016] M101  325324
83,M101,210.87077,54.37021,261233,8.768,25.304,30,24.468,22,0.802,0.426,,9.143,O,S11,0,0,[HMR2016] M101  261233
84,M101,210.68752,54.34190,364866,8.779,25.568,17,24.565,15,0.536,0.340,,9.077,OH,S11,1,0,[HMR2016] M101  364866
85,M101,210.71863,54.36448,305086,8.872,25.217,18,24.315,14,0.616,0.364,,9.131,O,S11,0,0,[HMR2016] M101  305086
86,M101,210.85789,54.36952,313411,8.976,25.108,19,24.190,21,0.484,0.300,,9.167,O,,0,0,[HMR2016] M101  313411
87,M101,210.67844,54.32033,343850,9.044,25.177,29,24.359,18,0.780,0.404,,9.042,O,S11,0,0,[HMR2016] M101  343850
88,M101,210.73611,54.35466,205210,9.064,25.184,35,24.186,36,0.832,0.462,,9.172,OH,S11,1,0,[HMR2016] M101  205210
89,M101,210.88354,54.37656,227346,9.166,25.552,25,24.489,19,0.590,0.460,,9.111,OH,S11,1,0,[HMR2016] M101  227346
90,M101,210.69028,54.36653,402518,9.194,25.445,17,24.486,15,0.560,0.354,,9.075,O,S11,0,0,[HMR2016] M101  402518
91,M101,210.88853,54.32584,54859,9.261,25.511,23,24.574,15,0.642,0.346,,9.108,O,S11,0,0,[HMR2016] M101  54859
92,M101,210.87820,54.34481,157343,9.268,25.295,35,24.390,25,0.788,0.440,,9.145,OH,S11,1,0,[HMR2016] M101  157343
93,M101,210.88808,54.33218,75429,9.274,25.420,19,24.404,19,0.594,0.382,,9.117,OH,S11,1,0,[HMR2016] M101  75429
94,M101,210.73299,54.31394,93667,9.278,25.256,24,24.363,15,0.712,0.406,,9.123,O,S11,0,0,[HMR2016] M101  93667
95,M101,210.72792,54.34532,212709,9.278,25.363,25,24.539,18,0.506,0.358,,9.157,OH,S11,1,0,[HMR2016] M101  212709
96,M101,210.75462,54.34260,85765,9.329,25.568,21,24.518,20,0.482,0.396,,9.208,O,S11,0,0,[HMR2016] M101  85765
97,M101,210.69850,54.35194,350718,9.372,25.501,25,24.608,17,0.586,0.430,,9.099,OH,S11,1,0,[HMR2016] M101  350718
98,M101,210.74651,54.31014,22712,9.383,25.498,24,24.476,17,0.446,0.406,,9.133,O,S11,0,0,[HMR2016] M101  22712
99,M101,210.74841,54.32312,537481,9.559,24.913,31,24.178,17,0.374,0.378,,9.167,O,S11,0,0,[HMR2016] M101  537481
100,M101,210.87801,54.34339,153771,9.561,25.481,22,24.368,17,0.658,0.352,,9.145,O,S11,0,0,[HMR2016] M101  153771
101,M101,210.73300,54.34751,196905,9.579,25.339,26,24.397,15,0.486,0.380,,9.168,O,S11,0,0,[HMR2016] M101  196905
102,M101,210.72128,54.32466,178616,9.650,25.764,25,24.650,22,0.546,0.436,,9.125,OH,S11,1,0,[HMR2016] M101  178616
103,M101,210.74736,54.35413,153734,9.656,25.373,24,24.342,21,0.602,0.382,,9.194,O,S11,0,0,[HMR2016] M101  153734
104,M101,210.86188,54.37582,316077,9.683,25.575,16,24.460,15,0.422,0.332,,9.148,OH,,1,0,[HMR2016] M101  316077
105,M101,210.88995,54.33633,79991,9.691,25.634,19,24.593,13,0.554,0.366,,9.117,O,S11,0,0,[HMR2016] M101  79991
106,M101,210.88525,54.37972,229933,9.810,24.848,15,24.037,10,0.536,0.344,,9.103,O,S11,0,0,[HMR2016] M101  229933
107,M101,210.69075,54.36201,395566,9.826,25.384,20,24.428,15,0.630,0.296,,9.079,O,S11,0,0,[HMR2016] M101  395566
108,M101,210.75041,54.32151,40060,9.882,25.544,26,24.489,20,0.514,0.342,,9.166,OH,S11,1,0,[HMR2016] M101  40060
109,M101,210.74654,54.35528,160848,9.888,25.212,21,24.350,15,0.500,0.428,,9.192,O,S11,0,0,[HMR2016] M101  160848
110,M101,210.71236,54.32269,212178,9.950,25.159,31,24.262,24,0.780,0.528,,9.106,OH,S11,1,0,[HMR2016] M101  212178
111,M101,210.87715,54.36583,221442,9.973,25.431,19,24.496,15,0.670,0.320,,9.138,OH,S11,1,0,[HMR2016] M101  221442
112,M101,210.87605,54.35119,186264,10.018,25.494,29,24.442,24,0.714,0.306,,9.150,OH,S11,1,0,[HMR2016] M101  186264
113,M101,210.91972,54.37894,85507,10.091,25.193,20,24.386,12,0.500,0.266,,9.044,O,S11,0,0,[HMR2016] M101  85507
114,M101,210.88069,54.37150,223903,10.164,25.110,24,24.107,20,0.628,0.432,,9.124,OH,S11,1,0,[HMR2016] M101  223903
115,M101,210.69452,54.36668,394434,10.201,25.681,21,24.530,17,0.640,0.332,,9.083,O,S11,0,0,[HMR2016] M101  394434
116,M101,210.92010,54.36852,53242,10.258,25.538,21,24.425,18,0.420,0.266,,9.054,OH,S11,1,0,[HMR2016] M101  53242
117,M101,210.87566,54.37365,251511,10.259,25.858,22,24.848,17,0.336,0.240,,9.129,OH,,1,0,[HMR2016] M101  251511
118,M101,210.72646,54.33764,195561,10.264,25.313,24,24.366,21,0.736,0.448,,9.150,OH,S11,1,0,[HMR2016] M101  195561
119,M101,210.89288,54.37809,197731,10.336,25.820,23,24.597,21,0.620,0.368,,9.093,O,S11,0,0,[HMR2016] M101  197731
120,M101,210.74698,54.32956,79671,10.376,25.005,20,23.946,13,0.592,0.282,,9.177,OH,S11,1,0,[HMR2016] M101  79671
121,M101,210.89191,54.33846,78285,10.387,25.175,24,24.262,17,0.742,0.458,,9.115,OH,S11,1,0,[HMR2016] M101  78285
122,M101,210.74927,54.31036,11016,10.434,25.664,38,24.636,31,0.774,0.382,,9.137,O,S11,0,0,[HMR2016] M101  11016
123,M101,210.74431,54.33044,94097,10.460,25.463,21,24.133,18,0.622,0.320,,9.174,OH,S11,1,0,[HMR2016] M101  94097
124,M101,210.87830,54.38571,277031,10.476,25.380,39,24.450,30,0.788,0.596,,9.103,O,S11,0,0,[HMR2016] M101  277031
125,M101,210.87105,54.34565,190226,10.478,25.212,24,24.169,29,0.626,0.438,,9.159,OH,S11,1,0,[HMR2016] M101  190226
126,M101,210.71715,54.35117,272115,10.496,25.628,42,24.446,30,0.898,0.464,,9.136,OH,S11,1,0,[HMR2016] M101  272115
127,M101,210.89941,54.34021,53207,10.556,25.349,41,24.428,30,0.868,0.598,,9.101,O,S11,0,0,[HMR2016] M101  53207
128,M101,210.92262,54.37519,62432,10.581,24.962,28,24.086,19,0.892,0.482,,9.043,O,S11,0,0,[HMR2016] M101  62432
129,M101,210.72893,54.32375,141870,10.586,25.160,25,24.189,23,0.724,0.326,,9.137,OH,S11,1,0,[HMR2016] M101  141870
130,M101,210.71326,54.33918,253052,10.678,25.054,131,24.178,92,0.764,0.506,,9.126,OH,S11,1,0,[HMR2016] M101  253052
131,M101,210.73752,54.35212,190990,10.685,25.220,27,24.243,23,0.844,0.456,,9.176,H,S11,1,0,[HMR2016] M101  190990
132,M101,210.86395,54.36047,716117,10.686,25.059,25,24.145,23,0.558,0.396,,9.168,OH,,1,0,[HMR2016] M101  716117
133,M101,210.88724,54.32795,66130,10.704,25.342,92,24.419,78,0.670,0.526,,9.113,O,S11,0,0,[HMR2016] M101  66130
134,M101,210.73914,54.33344,126265,10.761,25.408,32,24.300,26,0.976,0.512,,9.169,OH,S11,1,0,[HMR2016] M101  126265
135,M101,210.87827,54.33214,606682,10.791,25.681,34,24.461,22,0.738,0.260,,9.135,OH,,1,0,[HMR2016] M101  606682
136,M101,210.75008,54.35703,150644,10.837,25.229,19,24.294,15,0.498,0.326,,9.197,O,S11,0,0,[HMR2016] M101  150644
137,M101,210.72243,54.34664,236954,10.857,25.454,25,24.543,28,0.798,0.514,,9.147,O,S11,0,0,[HMR2016] M101  236954
138,M101,210.72089,54.34127,230116,10.858,25.163,32,24.103,21,0.830,0.386,,9.142,OH,S11,1,0,[HMR2016] M101  230116
139,M101,210.75772,54.32686,24350,10.872,25.089,16,24.014,13,0.654,0.416,,9.189,O,S11,0,0,[HMR2016] M101  24350
140,M101,210.88794,54.33972,98953,10.873,25.476,26,24.339,18,0.814,0.388,,9.123,OH,S11,1,0,[HMR2016] M101  98953
141,M101,210.70523,54.35703,338708,10.892,25.548,19,24.267,15,0.650,0.404,,9.111,O,S11,0,0,[HMR2016] M101  338708
142,M101,210.76111,54.35396,92049,10.903,25.348,18,24.386,16,0.742,0.418,,9.221,O,S11,0,0,[HMR2016] M101  92049
143,M101,210.86247,54.36632,284067,10.950,25.363,22,24.465,18,0.736,0.534,,9.164,OH,S11,1,0,[HMR2016] M101  284067
144,M101,210.74683,54.33196,87556,10.955,25.104,27,24.202,15,0.898,0.582,,9.181,OH,S11,1,0,[HMR2016] M101  87556
145,M101,210.74341,54.32386,78026,10.956,25.523,18,24.325,16,0.774,0.360,,9.160,H,S11,1,0,[HMR2016] M101  78026
146,M101,210.86082,54.37261,310588,10.956,25.113,20,24.256,13,0.620,0.384,,9.156,OH,S11,1,0,[HMR2016] M101  310588
147,M101,210.73022,54.33247,162947,10.976,25.468,23,24.161,15,0.720,0.406,,9.152,O,S11,0,0,[HMR2016] M101  162947
148,M101,210.70107,54.36475,372666,11.016,25.461,27,24.501,14,0.666,0.432,,9.097,O,S11,0,0,[HMR2016] M101  372666
149,M101,210.85045,54.39182,415546,11.027,25.259,25,24.239,17,0.720,0.372,,9.125,O,S11,0,0,[HMR2016] M101  415546
150,M101,210.75658,54.32432,21692,11.054,25.587,36,24.522,33,0.926,0.698,,9.181,O,S11,0,0,[HMR2016] M101  21692
151,M101,210.87917,54.38760,279164,11.054,25.685,19,24.514,18,0.612,0.288,,9.097,O,S11,0,0,[HMR2016] M101  279164
152,M101,210.73528,54.34390,175703,11.079,25.104,26,24.190,17,0.910,0.510,,9.171,O,S11,0,0,[HMR2016] M101  175703
153,M101,210.75172,54.33369,71362,11.091,25.263,27,24.261,27,0.958,0.590,,9.192,OH,S11,1,0,[HMR2016] M101  71362
154,M101,210.74818,54.35605,155981,11.094,25.063,40,24.173,28,0.668,0.544,,9.195,O,S11,0,0,[HMR2016] M101  155981
155,M101,210.73805,54.34561,168798,11.155,25.802,36,24.388,24,0.622,0.220,,9.177,OH,S11,1,0,[HMR2016] M101  168798
156,M101,210.74768,54.32926,75602,11.271,24.949,21,23.959,17,0.796,0.430,,9.178,OH,S11,1,0,[HMR2016] M101  75602
157,M101,210.70461,54.34708,313164,11.272,25.198,25,24.221,18,0.844,0.448,,9.112,OH,S11,1,0,[HMR2016] M101  313164
158,M101,210.69066,54.33874,345893,11.300,25.353,24,24.373,16,0.438,0.276,,9.082,OH,S11,1,0,[HMR2016] M101  345893
159,M101,210.87115,54.34666,192848,11.363,24.991,23,24.058,16,0.918,0.462,,9.159,OH,S11,1,0,[HMR2016] M101  192848
160,M101,210.68211,54.34419,387014,11.366,25.094,26,24.299,17,0.808,0.384,,9.067,O,S11,0,0,[HMR2016] M101  387014
161,M101,210.71931,54.35334,269346,11.375,25.244,43,24.270,30,1.044,0.590,,9.140,OH,S11,1,0,[HMR2016] M101  269346
162,M101,210.72057,54.33169,203569,11.388,25.406,27,24.384,26,0.964,0.570,,9.133,OH,S11,1,0,[HMR2016] M101  203569
163,M101,210.89034,54.32672,50419,11.448,24.913,20,23.957,11,0.810,0.440,,9.106,O,S11,0,0,[HMR2016] M101  50419
164,M101,210.85458,54.34082,239488,11.469,25.111,20,24.072,17,0.806,0.528,,9.189,O,S11,0,0,[HMR2016] M101  239488
165,M101,210.87013,54.35621,221570,11.477,25.604,25,24.379,15,0.562,0.256,,9.160,OH,S11,1,0,[HMR2016] M101  221570
166,M101,210.87740,54.36926,230803,11.490,25.113,21,23.954,21,0.590,0.360,,9.133,OH,S11,1,0,[HMR2016] M101  230803
167,M101,210.87573,54.36577,227165,11.499,24.955,22,24.070,17,0.654,0.322,,9.140,OH,S11,1,0,[HMR2016] M101  227165
168,M101,210.74829,54.33198,81242,11.520,25.419,23,24.358,20,0.748,0.500,,9.183,OH,S11,1,0,[HMR2016] M101  81242
169,M101,210.89809,54.36030,119836,11.558,25.120,15,24.194,11,0.476,0.358,,9.103,OH,S11,1,0,[HMR2016] M101  119836
170,M101,210.84593,54.37811,391972,11.560,25.115,21,24.183,17,0.810,0.472,,9.167,O,S11,0,0,[HMR2016] M101  391972
171,M101,210.75871,54.35398,102639,11.563,25.631,20,24.384,20,0.830,0.490,,9.217,O,S11,0,0,[HMR2016] M101  102639
172,M101,210.75674,54.33428,535594,11.582,25.213,35,24.327,27,0.918,0.584,,9.202,O,S11,0,0,[HMR2016] M101  535594
173,M101,210.90889,54.36908,100993,11.665,25.167,32,24.188,30,1.036,0.536,,9.075,OH,S11,1,0,[HMR2016] M101  100993
174,M101,210.91547,54.34593,12515,11.666,25.297,28,24.258,20,0.922,0.522,,9.072,OH,S11,1,0,[HMR2016] M101  12515
175,M101,210.88622,54.37106,204177,11.667,25.033,29,24.192,18,0.872,0.562,,9.115,O,S11,0,0,[HMR2016] M101  204177
176,M101,210.75941,54.32594,13941,11.673,24.885,20,24.079,12,0.534,0.336,,9.189,O,S11,0,0,[HMR2016] M101  13941
177,M101,210.66847,54.33718,405211,11.681,24.981,23,24.021,17,0.814,0.506,,9.037,O,S11,0,0,[HMR2016] M101  405211
178,M101,210.89655,54.36172,131189,11.686,25.113,23,24.195,16,0.672,0.382,,9.105,O,S11,0,0,[HMR2016] M101  131189
179,M101,210.75589,54.34364,83478,11.688,25.236,36,24.081,28,0.974,0.590,,9.211,O,S11,0,0,[HMR2016] M101  83478
180,M101,210.86581,54.33798,188771,11.702,25.057,37,23.979,24,0.968,0.622,,9.165,O,S11,0,0,[HMR2016] M101  188771
181,M101,210.87975,54.36708,214942,11.750,25.403,29,24.305,24,0.546,0.312,,9.131,OH,S11,1,0,[HMR2016] M101  214942
182,M101,210.86409,54.33662,191757,11.759,25.344,24,24.385,17,0.692,0.376,,9.166,OH,S11,1,0,[HMR2016] M101  191757
183,M101,210.69095,54.35652,386266,11.804,25.319,17,24.204,20,0.790,0.462,,9.083,O,S11,0,0,[HMR2016] M101  386266
184,M101,210.87982,54.33565,121146,11.860,25.556,36,24.581,27,0.988,0.344,,9.136,OH,S11,1,0,[HMR2016] M101  121146
185,M101,210.89227,54.36125,148312,11.860,25.407,22,24.324,19,0.892,0.570,,9.113,OH,S11,1,0,[HMR2016] M101  148312
186,M101,210.87148,54.34474,185748,11.876,25.478,17,24.467,16,0.798,0.470,,9.158,OH,S11,1,0,[HMR2016] M101  185748
187,M101,210.87231,54.33927,165222,11.900,25.720,20,24.143,18,0.622,0.368,,9.153,O,S11,0,0,[HMR2016] M101  165222
188,M101,210.85973,54.35283,254566,12.068,25.342,38,24.236,27,1.012,0.530,,9.181,OH,S11,1,0,[HMR2016] M101  254566
189,M101,210.74017,54.31390,61817,12.113,24.870,32,23.898,17,0.910,0.510,,9.134,O,S11,0,0,[HMR2016] M101  61817
190,M101,210.87386,54.36521,233297,12.139,25.480,14,24.303,20,0.792,0.478,,9.145,OH,S11,1,0,[HMR2016] M101  233297
191,M101,210.86502,54.34024,198908,12.150,25.127,18,24.151,14,0.662,0.474,,9.168,O,S11,0,0,[HMR2016] M101  198908
192,M101,210.74155,54.33104,108111,12.151,25.784,37,24.546,24,0.960,0.678,,9.170,O,S11,0,0,[HMR2016] M101  108111
193,M101,210.75885,54.32625,17392,12.162,25.784,30,24.644,25,0.922,0.414,,9.189,O,S11,0,0,[HMR2016] M101  17392
194,M101,210.73021,54.31136,97924,12.170,24.976,27,24.066,19,0.932,0.564,,9.114,O,S11,0,0,[HMR2016] M101  97924
195,M101,210.87746,54.38757,286207,12.174,25.328,24,24.367,17,0.916,0.540,,9.100,O,S11,0,0,[HMR2016] M101  286207
196,M101,210.66684,54.32661,394229,12.177,24.951,14,24.030,10,0.772,0.476,,9.027,O,S11,0,0,[HMR2016] M101  394229
197,M101,210.87634,54.33066,120504,12.178,26.015,29,24.604,17,0.886,0.392,,9.137,O,S11,0,0,[HMR2016] M101  120504
198,M101,210.72433,54.33389,193338,12.178,24.924,27,23.984,22,0.886,0.574,,9.143,OH,S11,1,0,[HMR2016] M101  193338
199,M101,210.88802,54.36401,175251,12.210,25.133,23,24.029,16,0.666,0.440,,9.119,OH,,1,0,[HMR2016] M101  175251
200,M101,210.87141,54.33083,628213,12.248,25.040,25,23.906,29,0.954,0.506,,9.146,O,S11,0,0,[HMR2016] M101  628213
201,M101,210.71306,54.33739,248530,12.290,25.750,53,24.500,37,0.950,0.716,,9.124,O,S11,0,0,[HMR2016] M101  248530
202,M101,210.72874,54.34001,192614,12.299,25.110,24,24.117,23,0.944,0.594,,9.156,OH,S11,1,0,[HMR2016] M101  192614
203,M101,210.85262,54.34165,250418,12.353,25.337,24,24.166,18,0.964,0.526,,9.193,O,S11,0,0,[HMR2016] M101  250418
204,M101,210.89828,54.37583,168114,12.475,25.214,25,24.232,16,0.858,0.526,,9.086,O,S11,0,0,[HMR2016] M101  168114
205,M101,210.84494,54.34782,301266,12.478,26.059,41,24.541,24,1.070,0.550,,9.211,H,S11,1,0,[HMR2016] M101  301266
206,M101,210.74901,54.32089,44333,12.492,25.685,26,24.356,25,0.890,0.474,,9.162,OH,S11,1,0,[HMR2016] M101  44333
207,M101,210.86493,54.34159,203452,12.555,25.334,20,24.204,14,0.618,0.486,,9.169,OH,S11,1,0,[HMR2016] M101  203452
208,M101,210.77464,54.34587,7890,12.557,25.237,30,24.196,26,0.794,0.574,,9.249,O,S11,0,0,[HMR2016] M101  7890
209,M101,210.86571,54.36835,276726,12.561,24.862,19,23.775,19,0.714,0.314,,9.155,OH,S11,1,0,[HMR2016] M101  276726
210,M101,210.73399,54.35632,219452,12.783,25.148,18,24.144,16,0.752,0.460,,9.167,OH,S11,1,0,[HMR2016] M101  219452
211,M101,210.75122,54.32418,44666,12.803,25.267,38,24.156,32,0.892,0.624,,9.173,OH,S11,1,0,[HMR2016] M101  44666
212,M101,210.74240,54.33638,120706,12.861,25.393,41,24.219,25,1.132,0.552,,9.179,OH,S11,1,0,[HMR2016] M101  120706
213,M101,210.87132,54.33474,155359,12.885,24.505,32,23.777,20,0.580,0.376,,9.151,O,,0,0,[HMR2016] M101  155359
214,M101,210.86209,54.33774,203549,12.895,24.556,27,23.582,21,0.964,0.494,,9.171,OH,S11,1,0,[HMR2016] M101  203549
215,M101,210.70988,54.32486,228878,12.898,24.868,21,23.949,14,0.818,0.504,,9.105,OH,S11,1,0,[HMR2016] M101  228878
216,M101,210.86357,54.36088,262967,12.910,25.384,16,24.091,13,0.712,0.366,,9.168,OH,S11,1,0,[HMR2016] M101  262967
217,M101,210.72543,54.33157,181580,12.913,25.510,30,24.384,25,1.014,0.578,,9.142,OH,S11,1,0,[HMR2016] M101  181580
218,M101,210.88831,54.32571,55459,12.924,25.303,26,24.123,22,1.088,0.504,,9.108,O,S11,0,0,[HMR2016] M101  55459
219,M101,210.86858,54.34315,192950,12.982,24.762,19,23.834,11,0.814,0.448,,9.163,OH,S11,1,0,[HMR2016] M101  192950
220,M101,210.87845,54.33777,133966,13.001,25.046,29,24.006,18,0.874,0.498,,9.140,OH,S11,1,0,[HMR2016] M101  133966
221,M101,210.75188,54.35827,146413,13.014,25.581,31,24.257,22,0.924,0.508,,9.200,O,S11,0,0,[HMR2016] M101  146413
222,M101,210.77565,54.35592,34317,13.020,25.755,38,24.345,26,1.056,0.662,,9.246,O,S11,0,0,[HMR2016] M101  34317
223,M101,210.75099,54.32048,34514,13.022,25.217,30,24.106,18,1.072,0.528,,9.164,O,S11,0,0,[HMR2016] M101  34514
224,M101,210.72952,54.30997,96728,13.156,24.567,27,23.686,21,0.592,0.412,,9.109,O,S11,0,0,[HMR2016] M101  96728
225,M101,210.86992,54.35774,227062,13.173,24.465,21,23.666,16,0.626,0.392,,9.159,O,S11,0,0,[HMR2016] M101  227062
226,M101,210.87556,54.34186,159452,13.208,25.595,29,24.386,21,0.612,0.388,,9.149,OH,S11,1,0,[HMR2016] M101  159452
227,M101,210.88470,54.34666,134953,13.390,25.486,35,24.447,29,0.780,0.592,,9.132,OH,S11,1,0,[HMR2016] M101  134953
228,M101,210.87238,54.36016,224156,13.521,24.927,43,23.997,27,1.180,0.720,,9.152,O,S11,1,0,[HMR2016] M101  224156
229,M101,210.76788,54.34569,37114,13.530,25.348,36,24.277,28,1.078,0.676,,9.236,O,S11,0,0,[HMR2016] M101  37114
230,M101,210.73708,54.30698,54331,13.562,24.810,49,23.861,31,1.210,0.702,,9.113,O,S11,0,0,[HMR2016] M101  54331
231,M101,210.84390,54.34216,288267,13.584,24.952,33,23.893,29,1.118,0.688,,9.210,OH,S11,1,0,[HMR2016] M101  288267
232,M101,210.85538,54.39011,388919,13.608,26.080,52,24.557,35,0.998,0.498,,9.124,O,S11,0,0,[HMR2016] M101  388919
233,M101,210.71442,54.31188,169755,13.654,25.199,37,24.076,23,1.028,0.654,,9.091,O,S11,0,0,[HMR2016] M101  169755
234,M101,210.69447,54.32136,280742,13.674,24.836,24,23.875,15,0.708,0.390,,9.072,OH,S11,1,0,[HMR2016] M101  280742
235,M101,210.75072,54.34993,125649,13.773,25.196,24,24.141,16,0.878,0.602,,9.203,O,S11,0,0,[HMR2016] M101  125649
236,M101,210.73096,54.31548,107213,13.779,25.662,36,24.403,25,0.730,0.502,,9.124,O,S11,0,0,[HMR2016] M101  107213
237,M101,210.75803,54.32574,19579,13.832,26.326,26,24.909,19,1.100,0.618,,9.187,O,S11,0,0,[HMR2016] M101  19579
238,M101,210.71242,54.36131,321770,13.842,24.941,30,23.995,18,1.004,0.582,,9.122,O,S11,0,0,[HMR2016] M101  321770
239,M101,210.88078,54.37898,246191,13.864,25.130,28,24.081,19,0.978,0.594,,9.112,O,S11,0,0,[HMR2016] M101  246191
240,M101,210.74303,54.33150,103016,13.929,24.837,20,23.768,19,1.036,0.586,,9.173,OH,S11,1,0,[HMR2016] M101  103016
241,M101,210.72774,54.33733,188874,13.929,25.479,47,24.441,29,1.062,0.696,,9.152,OH,S11,1,0,[HMR2016] M101  188874
242,M101,210.71034,54.36118,329829,13.995,24.983,12,23.814,13,0.890,0.444,,9.118,O,S11,0,0,[HMR2016] M101  329829
243,M101,210.88080,54.33786,123858,14.001,25.113,16,24.027,11,0.872,0.518,,9.136,OH,S11,1,0,[HMR2016] M101  123858
244,M101,210.86519,54.36563,270570,14.002,26.099,46,24.524,27,1.136,0.640,,9.160,O,S11,0,0,[HMR2016] M101  270570
245,M101,210.70166,54.32643,265018,14.027,24.838,34,23.815,23,1.174,0.662,,9.092,OH,S11,1,0,[HMR2016] M101  265018
246,M101,210.70097,54.33189,721202,14.036,24.964,49,23.988,34,1.342,0.748,,9.097,OH,S11,1,0,[HMR2016] M101  721202
247,M101,210.74579,54.32000,55763,14.102,25.344,17,24.106,17,0.938,0.660,,9.156,OH,S11,1,0,[HMR2016] M101  55763
248,M101,210.70824,54.34571,294062,14.125,25.487,33,24.383,25,0.744,0.426,,9.118,OH,S11,1,0,[HMR2016] M101  294062
249,M101,210.74770,54.32671,67770,14.157,25.764,19,24.160,17,0.800,0.346,,9.173,O,S11,0,0,[HMR2016] M101  67770
250,M101,210.69955,54.32256,262610,14.176,25.345,33,23.981,27,0.916,0.432,,9.083,O,S11,0,0,[HMR2016] M101  262610
251,M101,210.66905,54.34191,408593,14.190,25.572,18,24.407,12,0.934,0.572,,9.040,O,S11,0,0,[HMR2016] M101  408593
252,M101,210.71350,54.32598,217106,14.325,24.880,23,23.788,21,1.092,0.526,,9.113,OH,S11,1,0,[HMR2016] M101  217106
253,M101,210.85558,54.39205,394174,14.330,25.637,27,24.441,19,0.582,0.398,,9.119,O,,0,0,[HMR2016] M101  394174
254,M101,210.85382,54.37658,352846,14.346,25.025,26,24.089,17,0.618,0.500,,9.159,O,S11,0,0,[HMR2016] M101  352846
255,M101,210.72501,54.31308,126200,14.383,25.234,21,24.230,18,1.086,0.576,,9.110,O,S11,0,0,[HMR2016] M101  126200
256,M101,210.87450,54.34108,161621,14.427,25.748,34,24.494,23,1.152,0.594,,9.150,OH,S11,1,0,[HMR2016] M101  161621
257,M101,210.69154,54.34217,351392,14.431,25.025,33,24.154,23,0.702,0.298,,9.085,OH,S11,1,0,[HMR2016] M101  351392
258,M101,210.74773,54.32628,66284,14.475,25.433,24,24.069,19,0.694,0.282,,9.172,OH,S11,1,0,[HMR2016] M101  66284
259,M101,210.88426,54.37202,212413,14.487,24.928,34,23.948,21,0.930,0.590,,9.117,OH,S11,1,0,[HMR2016] M101  212413
260,M101,210.69009,54.34083,353248,14.568,24.627,26,23.887,17,0.588,0.472,,9.081,O,S11,0,0,[HMR2016] M101  353248
261,M101,210.86772,54.33341,166559,14.587,25.296,25,24.246,18,0.906,0.642,,9.156,O,S11,0,0,[HMR2016] M101  166559
262,M101,210.85297,54.38041,368618,14.621,24.712,21,23.622,19,0.998,0.512,,9.152,O,S11,0,0,[HMR2016] M101  368618
263,M101,210.76576,54.34720,50896,14.629,24.772,43,23.849,23,1.026,0.680,,9.232,O,S11,0,0,[HMR2016] M101  50896
264,M101,210.87265,54.37156,257602,14.658,25.969,22,24.369,17,0.900,0.490,,9.138,OH,S11,1,0,[HMR2016] M101  257602
265,M101,210.83054,54.35671,391245,14.714,25.094,18,24.141,15,0.746,0.470,,9.234,O,S11,0,0,[HMR2016] M101  391245
266,M101,210.75580,54.33429,55304,14.799,24.666,18,23.653,17,0.968,0.548,,9.200,O,S11,0,0,[HMR2016] M101  55304
267,M101,210.87711,54.33524,131821,14.826,25.869,27,24.329,19,0.722,0.362,,9.140,O,,0,0,[HMR2016] M101  131821
268,M101,210.89351,54.36826,164932,14.923,25.348,23,24.201,17,0.844,0.452,,9.105,OH,S11,1,0,[HMR2016] M101  164932
269,M101,210.76009,54.32626,507453,14.946,24.785,12,23.813,8,0.872,0.556,,9.191,O,S11,0,0,[HMR2016] M101  507453
270,M101,210.75296,54.35129,119761,14.953,25.640,23,24.321,20,0.772,0.474,,9.207,O,S11,0,0,[HMR2016] M101  119761
271,M101,210.86533,54.35366,233739,14.994,25.087,44,24.074,42,1.334,0.828,,9.170,OH,S11,1,0,[HMR2016] M101  233739
272,M101,210.72511,54.31574,134136,15.028,25.377,47,24.360,34,1.198,0.668,,9.115,OH,S11,1,0,[HMR2016] M101  134136
273,M101,210.72585,54.34000,205603,15.048,25.128,32,23.888,24,1.106,0.542,,9.151,OH,S11,1,0,[HMR2016] M101  205603
274,M101,210.74847,54.34528,121167,15.058,25.372,24,24.009,18,1.088,0.646,,9.198,O,S11,0,0,[HMR2016] M101  121167
275,M101,210.86589,54.33482,178794,15.097,25.413,26,24.152,20,0.840,0.580,,9.161,OH,S11,1,0,[HMR2016] M101  178794
276,M101,210.69435,54.31530,263257,15.202,24.710,42,23.666,29,1.232,0.478,,9.063,OH,S11,1,0,[HMR2016] M101  263257
277,M101,210.87061,54.33495,159255,15.244,24.847,20,23.796,14,0.964,0.538,,9.152,OH,S11,1,0,[HMR2016] M101  159255
278,M101,210.73880,54.34259,156149,15.287,25.954,56,24.356,33,1.328,0.590,,9.177,O,S11,0,0,[HMR2016] M101  156149
279,M101,210.90932,54.36785,95172,15.311,24.757,14,23.772,10,0.846,0.546,,9.075,OH,S11,1,0,[HMR2016] M101  95172
280,M101,210.87843,54.34611,160554,15.342,24.639,20,23.843,12,0.912,0.580,,9.145,O,S11,0,0,[HMR2016] M101  160554
281,M101,210.74055,54.31810,73007,15.371,24.896,30,23.881,22,1.144,0.714,,9.144,OH,S11,1,0,[HMR2016] M101  73007
282,M101,210.86922,54.36394,248832,15.483,24.734,22,23.693,13,0.766,0.514,,9.155,OH,S11,1,0,[HMR2016] M101  248832
283,M101,210.69659,54.32644,286623,15.512,25.254,43,24.028,25,1.112,0.648,,9.083,OH,S11,1,0,[HMR2016] M101  286623
284,M101,210.87601,54.37286,247523,15.520,25.313,47,24.027,31,1.066,0.698,,9.130,OH,S11,1,0,[HMR2016] M101  247523
285,M101,210.85995,54.36553,292339,15.561,25.814,33,24.448,24,0.954,0.722,,9.169,OH,S11,1,0,[HMR2016] M101  292339
286,M101,210.87337,54.36358,230395,15.599,25.163,41,24.017,25,0.852,0.320,,9.147,OH,S11,1,0,[HMR2016] M101  230395
287,M101,210.75192,54.32255,36737,15.706,25.165,42,23.996,27,1.248,0.674,,9.170,O,S11,0,0,[HMR2016] M101  36737
288,M101,210.75066,54.31124,7523,15.736,25.810,59,24.596,42,1.128,0.656,,9.141,O,S11,0,0,[HMR2016] M101  7523
289,M101,210.85420,54.37610,349479,15.817,25.726,44,24.254,32,1.290,0.624,,9.160,O,S11,0,0,[HMR2016] M101  349479
290,M101,210.88319,54.35033,153182,15.854,25.235,26,24.019,23,1.158,0.630,,9.136,OH,S11,1,0,[HMR2016] M101  153182
291,M101,210.76585,54.34087,31400,15.869,24.770,28,23.816,18,1.140,0.630,,9.228,O,S11,0,0,[HMR2016] M101  31400
292,M101,210.84480,54.34408,290336,15.875,24.958,23,24.003,16,1.026,0.630,,9.210,OH,S11,1,0,[HMR2016] M101  290336
293,M101,210.87190,54.36047,227057,15.884,24.889,29,23.791,19,0.866,0.630,,9.153,OH,S11,1,0,[HMR2016] M101  227057
294,M101,210.82872,54.34824,372241,15.934,25.188,18,23.916,12,0.858,0.518,,9.243,O,S11,0,0,[HMR2016] M101  372241
295,M101,210.75279,54.35899,144564,16.032,24.646,22,23.619,13,0.680,0.400,,9.200,O,S11,0,0,[HMR2016] M101  144564
296,M101,210.88356,54.33571,105242,16.086,25.231,19,24.016,14,0.946,0.542,,9.129,OH,S11,1,0,[HMR2016] M101  105242
297,M101,210.85619,54.35301,269853,16.156,24.445,19,23.578,13,0.834,0.458,,9.188,OH,S11,1,0,[HMR2016] M101  269853
298,M101,210.88313,54.37564,226297,16.198,25.339,29,24.099,20,1.138,0.712,,9.113,OH,S11,1,0,[HMR2016] M101  226297
299,M101,210.87239,54.34400,179538,16.330,25.927,26,24.531,21,1.130,0.724,,9.156,O,S11,0,0,[HMR2016] M101  179538
300,M101,210.74683,54.35742,166142,16.369,24.801,30,23.796,23,1.168,0.742,,9.191,O,S11,0,0,[HMR2016] M101  166142
301,M101,210.71040,54.34872,293622,16.429,25.352,58,24.044,40,1.170,0.516,,9.123,OH,S11,1,0,[HMR2016] M101  293622
302,M101,210.73415,54.31058,78262,16.438,24.960,25,23.811,25,1.122,0.636,,9.117,O,S11,0,0,[HMR2016] M101  78262
303,M101,210.76228,54.35908,102624,16.544,25.202,26,23.908,16,1.182,0.682,,9.218,O,S11,0,0,[HMR2016] M101  102624
304,M101,210.86581,54.36227,257841,16.599,25.919,36,24.568,22,1.010,0.648,,9.163,O,S11,0,0,[HMR2016] M101  257841
305,M101,210.75035,54.35224,134603,16.620,24.685,21,23.738,18,1.172,0.698,,9.201,O,S11,0,0,[HMR2016] M101  134603
306,M101,210.84392,54.38234,413923,16.734,24.723,40,23.696,32,1.384,0.808,,9.158,O,S11,0,0,[HMR2016] M101  413923
307,M101,210.91069,54.37826,122083,16.738,25.087,25,24.034,16,0.822,0.518,,9.061,O,S11,0,0,[HMR2016] M101  122083
308,M101,210.86584,54.33382,175878,16.764,25.059,21,23.820,17,1.118,0.608,,9.160,O,S11,0,0,[HMR2016] M101  175878
309,M101,210.75258,54.32574,43437,16.769,25.205,23,24.055,19,1.012,0.432,,9.179,O,S11,0,0,[HMR2016] M101  43437
310,M101,210.73604,54.31757,91136,16.779,24.684,28,23.732,24,1.280,0.750,,9.136,O,S11,0,0,[HMR2016] M101  91136
311,M101,210.75143,54.33224,68198,16.801,25.722,30,24.168,24,1.184,0.740,,9.189,O,S11,0,0,[HMR2016] M101  68198
312,M101,210.74689,54.35384,154863,16.845,24.637,32,23.663,25,1.262,0.756,,9.194,O,S11,0,0,[HMR2016] M101  154863
313,M101,210.82703,54.35449,399324,16.872,24.772,23,23.627,23,0.718,0.494,,9.244,O,S11,0,0,[HMR2016] M101  399324
314,M101,210.88084,54.33715,121481,16.888,25.127,24,24.055,17,1.080,0.654,,9.135,O,S11,0,0,[HMR2016] M101  121481
315,M101,210.88979,54.38253,219557,16.890,24.686,19,23.731,14,0.794,0.546,,9.090,O,S11,0,0,[HMR2016] M101  219557
316,M101,210.72385,54.32978,183024,16.908,24.631,33,23.704,20,0.976,0.660,,9.137,OH,S11,1,0,[HMR2016] M101  183024
317,M101,210.84996,54.38294,389828,16.913,25.075,25,23.875,17,1.072,0.654,,9.149,O,S11,0,0,[HMR2016] M101  389828
318,M101,210.85878,54.35227,256862,16.920,24.622,30,23.680,26,1.292,0.728,,9.183,O,S11,0,0,[HMR2016] M101  256862
319,M101,210.88303,54.34757,145156,16.986,25.448,35,24.187,22,0.862,0.524,,9.136,O,S11,0,0,[HMR2016] M101  145156
320,M101,210.72343,54.33294,194602,17.058,24.920,37,23.892,25,1.398,0.728,,9.140,OH,S11,1,0,[HMR2016] M101  194602
321,M101,210.86176,54.33970,209367,17.066,25.668,30,24.225,20,1.226,0.632,,9.174,OH,S11,1,0,[HMR2016] M101  209367
322,M101,210.75111,54.32210,38839,17.076,24.857,34,23.839,34,0.470,0.422,,9.168,OH,S11,1,0,[HMR2016] M101  38839
323,M101,210.70422,54.35971,349586,17.078,24.744,19,23.768,14,0.968,0.546,,9.107,O,S11,0,0,[HMR2016] M101  349586
324,M101,210.69614,54.32433,282450,17.185,25.794,32,24.410,34,1.036,0.484,,9.079,OH,S11,1,0,[HMR2016] M101  282450
325,M101,210.70715,54.33292,260680,17.189,25.369,24,24.002,17,0.882,0.524,,9.109,OH,S11,1,0,[HMR2016] M101  260680
326,M101,210.87798,54.33690,133176,17.212,24.946,22,23.920,19,1.160,0.712,,9.140,OH,S11,1,0,[HMR2016] M101  133176
327,M101,210.75166,54.32271,38279,17.250,24.579,33,23.546,23,1.190,0.684,,9.170,OH,S11,1,0,[HMR2016] M101  38279
328,M101,210.88390,54.36235,187438,17.273,25.139,34,24.063,21,1.094,0.684,,9.129,OH,S11,1,0,[HMR2016] M101  187438
329,M101,210.74817,54.35157,142127,17.284,24.262,17,23.369,13,0.864,0.496,,9.197,O,S11,0,0,[HMR2016] M101  142127
330,M101,210.88693,54.33582,91034,17.297,24.935,18,23.774,15,1.026,0.564,,9.122,OH,S11,1,0,[HMR2016] M101  91034
331,M101,210.88586,54.36595,190080,17.307,25.243,35,24.086,22,0.930,0.588,,9.121,O,S11,0,0,[HMR2016] M101  190080
332,M101,210.71895,54.36019,291118,17.327,24.812,19,23.779,15,0.978,0.656,,9.135,O,S11,0,0,[HMR2016] M101  291118
333,M101,210.87279,54.33454,148496,17.405,24.610,51,23.700,31,0.998,0.656,,9.148,OH,S11,1,0,[HMR2016] M101  148496
334,M101,210.76653,54.35065,58050,17.472,24.095,20,23.148,16,0.874,0.502,,9.234,O,S11,0,0,[HMR2016] M101  58050
335,M101,210.86456,54.36788,280098,17.501,25.516,41,23.975,24,1.134,0.564,,9.158,O,S11,0,0,[HMR2016] M101  280098
336,M101,210.74911,54.35462,608275,17.526,25.254,26,24.153,15,0.952,0.598,,9.197,O,S11,0,0,[HMR2016] M101  608275
337,M101,210.88828,54.35060,131897,17.571,25.052,25,23.951,15,0.932,0.530,,9.126,OH,S11,1,0,[HMR2016] M101  131897
338,M101,210.86646,54.34051,193736,17.583,25.118,26,23.968,19,0.730,0.490,,9.165,OH,S11,1,0,[HMR2016] M101  193736
339,M101,210.74934,54.31439,23143,17.607,24.916,33,23.831,22,1.134,0.742,,9.147,O,S11,0,0,[HMR2016] M101  23143
340,M101,210.87267,54.34257,174075,17.704,25.215,41,24.093,27,0.932,0.576,,9.155,O,S11,0,0,[HMR2016] M101  174075
341,M101,210.73820,54.31904,86123,17.775,25.122,22,24.013,18,0.914,0.520,,9.142,OH,S11,1,0,[HMR2016] M101  86123
342,M101,210.84248,54.34131,291662,17.831,24.733,32,23.574,21,1.212,0.576,,9.212,OH,S11,1,0,[HMR2016] M101  291662
343,M101,210.92897,54.36758,19798,17.837,24.257,28,23.449,21,0.828,0.468,,9.038,O,S11,0,0,[HMR2016] M101  19798
344,M101,210.77808,54.34979,4689,17.880,24.605,33,23.436,20,0.702,0.354,,9.257,O,S11,0,0,[HMR2016] M101  4689
345,M101,210.86623,54.36517,264930,17.923,24.537,32,23.527,26,1.194,0.724,,9.159,OH,S11,1,0,[HMR2016] M101  264930
346,M101,210.87979,54.33376,115287,17.953,24.382,11,23.408,7,1.058,0.542,,9.134,OH,S11,1,0,[HMR2016] M101  115287
347,M101,210.68517,54.33489,356191,17.965,25.176,42,24.237,35,1.194,0.708,,9.069,H,S11,1,0,[HMR2016] M101  356191
348,M101,210.86324,54.36813,286474,18.076,24.790,38,23.699,29,0.626,0.342,,9.160,OH,S11,1,0,[HMR2016] M101  286474
349,M101,210.84595,54.34589,291090,18.078,24.406,19,23.220,14,0.982,0.480,,9.209,OH,S11,1,0,[HMR2016] M101  291090
350,M101,210.74654,54.32471,66773,18.092,25.049,30,24.102,19,0.886,0.604,,9.167,OH,S11,1,0,[HMR2016] M101  66773
351,M101,210.72110,54.36515,296665,18.111,25.061,23,23.856,15,0.934,0.588,,9.134,O,S11,0,0,[HMR2016] M101  296665
352,M101,210.84605,54.36491,349498,18.179,24.543,35,23.482,29,1.242,0.644,,9.195,O,S11,0,0,[HMR2016] M101  349498
353,M101,210.87457,54.36681,235109,18.197,25.195,22,23.947,15,0.818,0.446,,9.141,O,S11,0,0,[HMR2016] M101  235109
354,M101,210.70148,54.33805,300056,18.248,24.695,29,23.694,20,1.002,0.524,,9.102,OH,S11,1,0,[HMR2016] M101  300056
355,M101,210.85201,54.39015,403684,18.269,24.688,33,23.678,20,1.078,0.662,,9.128,O,S11,0,0,[HMR2016] M101  403684
356,M101,210.75056,54.32462,48875,18.272,24.514,19,23.458,21,1.194,0.650,,9.173,OH,S11,1,0,[HMR2016] M101  48875
357,M101,210.75018,54.32142,40851,18.284,24.631,18,23.581,14,0.964,0.450,,9.165,OH,S11,1,0,[HMR2016] M101  40851
358,M101,210.75037,54.34109,100017,18.363,24.435,28,23.519,19,1.242,0.678,,9.199,OH,S11,1,0,[HMR2016] M101  100017
359,M101,210.88911,54.37904,213144,18.391,25.179,25,24.076,15,1.022,0.656,,9.098,O,S11,0,0,[HMR2016] M101  213144
360,M101,210.76257,54.33487,27415,18.403,24.934,27,23.673,17,1.088,0.536,,9.213,O,S11,0,0,[HMR2016] M101  27415
361,M101,210.72475,54.31276,126429,18.417,24.773,26,23.727,16,1.022,0.640,,9.108,O,S11,0,0,[HMR2016] M101  126429
362,M101,210.73354,54.30874,75194,18.491,24.706,19,23.745,15,0.858,0.542,,9.112,O,S11,0,0,[HMR2016] M101  75194
363,M101,210.87068,54.36291,239550,18.505,25.497,37,23.894,28,1.128,0.764,,9.153,O,S11,0,0,[HMR2016] M101  239550
364,M101,210.85748,54.38905,376398,18.516,24.609,34,23.666,23,1.088,0.690,,9.124,O,S11,0,0,[HMR2016] M101  376398
365,M101,210.82315,54.34418,383715,18.557,25.167,29,24.007,21,1.032,0.708,,9.251,O,S11,0,0,[HMR2016] M101  383715
366,M101,210.87047,54.33079,146644,18.607,25.209,21,23.887,13,0.926,0.474,,9.147,O,S11,0,0,[HMR2016] M101  146644
367,M101,210.84923,54.38315,393523,18.643,25.738,19,24.185,13,0.964,0.576,,9.150,O,S11,0,0,[HMR2016] M101  393523
368,M101,210.71315,54.36265,322521,18.665,24.870,25,23.802,18,1.146,0.662,,9.122,O,S11,0,0,[HMR2016] M101  322521
369,M101,210.87073,54.33490,158575,18.742,25.507,52,24.015,39,1.522,0.850,,9.152,O,S11,1,0,[HMR2016] M101  158575
370,M101,210.88309,54.38165,244775,18.798,24.974,33,23.814,21,1.098,0.696,,9.103,O,S11,0,0,[HMR2016] M101  244775
371,M101,210.74477,54.35120,156248,18.815,24.737,36,23.654,24,1.388,0.684,,9.191,OH,S11,1,0,[HMR2016] M101  156248
372,M101,210.83121,54.36881,425065,18.818,25.695,30,24.065,20,0.974,0.548,,9.209,O,S11,0,0,[HMR2016] M101  425065
373,M101,210.88876,54.37212,196790,18.898,24.337,12,23.393,7,0.984,0.554,,9.109,OH,,1,0,[HMR2016] M101  196790
374,M101,210.85455,54.33674,227320,18.899,24.803,48,23.707,30,1.032,0.724,,9.184,OH,S11,1,0,[HMR2016] M101  227320
375,M101,210.77763,54.34966,6307,19.023,24.737,25,23.412,17,1.002,0.524,,9.256,O,S11,0,0,[HMR2016] M101  6307
376,M101,210.89099,54.36987,180705,19.058,25.095,28,23.692,20,0.916,0.440,,9.107,O,S11,0,0,[HMR2016] M101  180705
377,M101,210.87379,54.35983,217260,19.117,24.847,28,23.767,18,1.098,0.696,,9.150,O,S11,0,0,[HMR2016] M101  217260
378,M101,210.75916,54.32321,6705,19.163,24.044,49,22.984,29,0.492,0.280,,9.182,H,S11,1,0,[HMR2016] M101  6705
379,M101,210.86626,54.36607,267629,19.199,25.153,31,23.901,20,1.262,0.690,,9.157,OH,,1,0,[HMR2016] M101  267629
380,M101,210.71695,54.35039,270678,19.214,25.287,20,24.223,21,0.954,0.668,,9.136,H,S11,1,0,[HMR2016] M101  270678
381,M101,210.84566,54.34705,295889,19.263,25.302,38,23.994,29,0.974,0.628,,9.210,OH,S11,1,0,[HMR2016] M101  295889
382,M101,210.74570,54.33207,93020,19.306,25.395,22,23.834,15,1.042,0.680,,9.179,OH,S11,1,0,[HMR2016] M101  93020
383,M101,210.86719,54.36880,271937,19.313,24.208,28,23.295,18,0.896,0.520,,9.152,OH,S11,1,0,[HMR2016] M101  271937
384,M101,210.86351,54.34313,211559,19.384,24.140,17,23.162,12,1.050,0.508,,9.173,H,S11,1,0,[HMR2016] M101  211559
385,M101,210.92459,54.37721,60449,19.440,24.375,23,23.456,16,1.128,0.640,,9.037,O,S11,0,0,[HMR2016] M101  60449
386,M101,210.85365,54.35225,278069,19.460,24.360,16,23.326,14,0.936,0.564,,9.194,OH,S11,1,0,[HMR2016] M101  278069
387,M101,210.70662,54.31682,219429,19.461,24.932,29,23.690,21,0.916,0.582,,9.087,OH,S11,1,0,[HMR2016] M101  219429
388,M101,210.72000,54.34751,248945,19.545,24.553,24,23.531,14,1.156,0.644,,9.142,OH,S11,1,0,[HMR2016] M101  248945
389,M101,210.71164,54.32960,678246,19.560,25.287,28,24.197,24,1.080,0.600,,9.114,H,S11,1,0,[HMR2016] M101  678246
390,M101,210.88335,54.37003,210917,19.587,24.089,19,23.150,13,0.916,0.474,,9.121,H,S11,1,0,[HMR2016] M101  210917
391,M101,210.75209,54.32483,42877,19.621,24.613,25,23.536,18,0.936,0.468,,9.176,OH,S11,1,0,[HMR2016] M101  42877
392,M101,210.76106,54.33900,46632,19.682,24.391,15,23.451,11,0.936,0.560,,9.216,O,S11,0,0,[HMR2016] M101  46632
393,M101,210.68849,54.36574,831579,19.792,24.736,23,23.686,15,0.984,0.650,,9.072,O,S11,0,0,[HMR2016] M101  831579
394,M101,210.87100,54.35744,221683,19.835,24.549,46,23.418,27,0.618,0.332,,9.157,OH,S11,1,0,[HMR2016] M101  221683
395,M101,210.87708,54.34346,158110,19.853,25.008,17,23.557,15,0.936,0.480,,9.146,O,S11,0,0,[HMR2016] M101  158110
396,M101,210.86211,54.38157,332818,19.892,24.800,34,23.610,29,1.312,0.770,,9.136,O,S11,0,0,[HMR2016] M101  332818
397,M101,210.86063,54.35175,247555,19.905,24.162,22,23.158,13,1.060,0.650,,9.180,OH,S11,1,0,[HMR2016] M101  247555
398,M101,210.85588,54.35148,266580,19.907,24.355,36,23.376,28,1.322,0.656,,9.189,O,S11,0,0,[HMR2016] M101  266580
399,M101,210.86539,54.36948,281523,20.175,24.460,41,23.489,26,1.158,0.788,,9.154,OH,S11,1,0,[HMR2016] M101  281523
400,M101,210.88815,54.38257,226510,20.280,24.702,25,23.533,24,1.196,0.714,,9.093,O,S11,0,0,[HMR2016] M101  226510
401,M101,210.86427,54.34260,677641,20.478,23.890,28,23.020,21,0.752,0.464,,9.171,H,S11,1,0,[HMR2016] M101  677641
402,M101,210.69203,54.32205,293249,20.488,24.477,25,23.573,19,0.946,0.504,,9.069,OH,S11,1,0,[HMR2016] M101  293249
403,M101,210.87943,54.33298,604966,20.582,26.040,77,24.732,53,0.994,0.722,,9.134,O,S11,0,0,[HMR2016] M101  604966
404,M101,210.75072,54.33013,64911,20.604,24.932,25,23.730,19,1.168,0.652,,9.184,OH,S11,1,0,[HMR2016] M101  64911
405,M101,210.87436,54.35977,215047,20.637,24.286,41,23.281,30,1.284,0.728,,9.149,OH,S11,1,0,[HMR2016] M101  215047
406,M101,210.75285,54.35229,123458,20.667,24.132,16,23.260,8,0.994,0.618,,9.206,O,S11,0,0,[HMR2016] M101  123458
407,M101,210.87341,54.35433,206223,20.738,25.837,30,24.262,22,1.092,0.624,,9.154,OH,S11,1,0,[HMR2016] M101  206223
408,M101,210.86290,54.36672,283512,20.878,24.997,29,23.843,22,0.898,0.504,,9.162,OH,S11,1,0,[HMR2016] M101  283512
409,M101,210.72733,54.30694,97178,21.083,25.246,34,23.857,24,0.754,0.384,,9.099,O,S11,0,0,[HMR2016] M101  97178
410,M101,210.91502,54.35108,25852,21.192,24.349,35,23.329,22,1.258,0.702,,9.073,OH,S11,1,0,[HMR2016] M101  25852
411,M101,210.73466,54.30652,544373,21.247,24.321,30,23.464,14,0.996,0.686,,9.108,O,S11,0,0,[HMR2016] M101  544373
412,M101,210.88446,54.35575,164618,21.510,24.070,17,23.198,10,0.814,0.518,,9.132,OH,S11,1,0,[HMR2016] M101  164618
413,M101,210.72987,54.31021,95929,22.117,24.754,22,23.609,15,0.952,0.526,,9.110,O,S11,0,0,[HMR2016] M101  95929
414,M101,210.89574,54.35263,105877,22.303,24.251,29,23.185,23,1.322,0.672,,9.111,O,S11,0,0,[HMR2016] M101  105877
415,M101,210.84888,54.35023,292053,22.710,24.962,24,23.652,18,0.964,0.644,,9.203,O,S11,0,0,[HMR2016] M101  292053
416,M101,210.85577,54.35506,277736,22.762,24.564,30,23.531,19,0.838,0.536,,9.188,OH,S11,1,0,[HMR2016] M101  277736
417,M101,210.87192,54.34615,188098,22.852,23.893,23,23.063,15,0.966,0.694,,9.158,O,S11,0,0,[HMR2016] M101  188098
418,M101,210.86195,54.37772,321646,22.954,24.908,27,23.666,23,0.800,0.532,,9.144,O,S11,0,0,[HMR2016] M101  321646
419,M101,210.71701,54.33869,236615,23.044,25.012,38,23.836,30,1.260,0.758,,9.133,H,S11,1,0,[HMR2016] M101  236615
420,M101,210.74632,54.33275,92329,23.076,24.562,30,23.460,23,1.358,0.778,,9.181,OH,S11,1,0,[HMR2016] M101  92329
421,M101,210.86668,54.34101,194374,23.383,24.750,30,23.585,19,1.008,0.660,,9.165,OH,S11,1,0,[HMR2016] M101  194374
422,M101,210.75993,54.32700,14971,23.551,24.560,26,23.543,17,1.116,0.804,,9.192,O,S11,0,0,[HMR2016] M101  14971
423,M101,210.86040,54.34517,228604,23.604,24.964,28,23.555,24,0.794,0.498,,9.180,OH,S11,1,0,[HMR2016] M101  228604
424,M101,210.86322,54.36092,264597,23.684,25.085,27,23.909,19,1.068,0.678,,9.169,O,S11,0,0,[HMR2016] M101  264597
425,M101,210.75961,54.34598,74207,23.882,24.560,17,23.325,17,0.992,0.594,,9.220,O,S11,0,0,[HMR2016] M101  74207
426,M101,210.84483,54.34129,281695,23.886,24.240,27,23.180,17,1.030,0.662,,9.208,OH,S11,1,0,[HMR2016] M101  281695
427,M101,210.85806,54.34432,235682,23.889,24.556,20,23.413,14,0.982,0.680,,9.184,OH,S11,1,0,[HMR2016] M101  235682
428,M101,210.84671,54.35624,319860,24.037,24.696,19,23.427,16,1.168,0.696,,9.205,OH,S11,1,0,[HMR2016] M101  319860
429,M101,210.72089,54.34097,229426,24.048,25.207,40,23.750,29,1.248,0.578,,9.142,OH,S11,1,0,[HMR2016] M101  229426
430,M101,210.86153,54.34449,221821,24.106,24.896,20,23.673,14,1.062,0.708,,9.177,OH,S11,1,0,[HMR2016] M101  221821
431,M101,210.84315,54.35525,766167,24.402,24.603,22,23.440,15,0.758,0.500,,9.212,O,S11,0,0,[HMR2016] M101  766167
432,M101,210.87306,54.35469,208093,24.449,25.140,20,23.714,11,0.858,0.588,,9.155,OH,S11,1,0,[HMR2016] M101  208093
433,M101,210.74648,54.33480,97872,24.600,24.653,20,23.509,15,0.938,0.522,,9.184,OH,S11,1,0,[HMR2016] M101  97872
434,M101,210.72852,54.33592,181233,24.650,24.884,27,23.648,25,0.968,0.610,,9.152,OH,S11,1,0,[HMR2016] M101  181233
435,M101,210.70544,54.33726,280928,24.832,24.593,21,23.486,15,0.850,0.542,,9.109,O,S11,0,0,[HMR2016] M101  280928
436,M101,210.74425,54.32873,89050,24.842,24.720,19,23.509,10,1.118,0.744,,9.171,OH,S11,1,0,[HMR2016] M101  89050
437,M101,210.88251,54.35932,184108,24.883,24.500,24,23.362,14,1.038,0.650,,9.134,H,S11,1,0,[HMR2016] M101  184108
438,M101,210.73297,54.34323,183892,24.895,25.020,48,23.781,33,1.266,0.732,,9.150,O,S11,0,0,[SS2011b] F2-4709
439,M101,210.84579,54.34674,294352,24.990,24.170,28,23.209,19,1.070,0.746,,9.209,OH,S11,2,0,[HMR2016] M101  294352
440,M101,210.73546,54.31330,80606,25.152,24.334,36,23.216,22,1.150,0.710,,9.126,O,S11,0,0,[HMR2016] M101  80606
441,M101,210.74835,54.35465,151007,25.245,24.182,13,23.197,8,1.002,0.642,,9.196,O,S11,0,0,[HMR2016] M101  151007
442,M101,210.72139,54.34074,227088,25.269,25.016,31,23.664,19,1.032,0.674,,9.142,OH,S11,1,0,[HMR2016] M101  227088
443,M101,210.84116,54.33729,285003,25.477,24.597,34,23.383,19,1.112,0.662,,9.209,O,S11,0,0,[HMR2016] M101  285003
444,M101,210.87549,54.34114,157556,25.567,24.634,27,23.481,17,1.114,0.708,,9.148,OH,S11,1,0,[HMR2016] M101  157556
445,M101,210.90500,54.35602,77186,25.600,24.761,85,23.670,52,0.934,0.664,,9.091,OH,S11,1,0,[HMR2016] M101  77186
446,M101,210.87346,54.37907,276932,25.664,24.380,33,23.284,21,1.274,0.754,,9.124,O,S11,0,0,[HMR2016] M101  276932
447,M101,210.88243,54.38116,245967,25.669,24.095,27,23.172,16,1.164,0.748,,9.105,O,S11,0,0,[HMR2016] M101  245967
448,M101,210.88324,54.37621,227583,25.794,24.439,22,23.250,18,0.996,0.570,,9.112,O,S11,0,0,[HMR2016] M101  227583
449,M101,210.86456,54.35515,241530,25.970,23.757,24,22.866,13,1.006,0.628,,9.171,OH,S11,1,0,[HMR2016] M101  241530
450,M101,210.88426,54.33440,98167,25.996,24.061,21,23.027,15,1.006,0.642,,9.126,OH,S11,1,0,[HMR2016] M101  98167
451,M101,210.70502,54.33368,272146,26.118,24.424,42,23.399,41,1.336,0.734,,9.106,OH,S11,1,0,[HMR2016] M101  272146
452,M101,210.84573,54.34684,294887,26.168,24.804,56,23.566,32,0.948,0.624,,9.209,OH,S11,2,0,[HMR2016] M101  294887
453,M101,210.86481,54.33252,176319,26.220,24.759,29,23.708,20,0.758,0.548,,9.160,O,S11,0,0,[HMR2016] M101  176319
454,M101,210.69629,54.32457,282449,26.253,25.111,41,23.625,28,1.296,0.864,,9.080,OH,S11,1,0,[HMR2016] M101  282449
455,M101,210.74297,54.35023,161100,26.458,24.307,30,23.304,26,1.258,0.840,,9.187,OH,S11,1,0,[HMR2016] M101  161100
456,M101,210.85567,54.34155,237220,26.602,24.262,37,23.052,27,1.328,0.692,,9.187,OH,S11,1,0,[HMR2016] M101  237220
457,M101,210.72095,54.32005,165984,26.612,24.771,17,23.800,15,1.168,0.582,,9.117,H,S11,1,0,[HMR2016] M101  165984
458,M101,210.73526,54.30597,59175,26.639,24.998,36,23.581,24,1.228,0.776,,9.108,O,S11,0,0,[HMR2016] M101  59175
459,M101,210.88210,54.38151,248477,26.691,24.488,24,23.479,15,0.938,0.706,,9.105,O,S11,0,0,[HMR2016] M101  248477
460,M101,210.87137,54.34252,179331,26.753,24.646,27,23.459,20,1.088,0.694,,9.157,OH,S11,1,0,[HMR2016] M101  179331
461,M101,210.83650,54.36459,390207,26.792,23.911,32,22.798,23,1.108,0.784,,9.211,O,S11,0,0,[HMR2016] M101  390207
462,M101,210.76299,54.35447,85404,26.846,23.978,18,22.925,14,1.128,0.700,,9.224,O,S11,0,0,[HMR2016] M101  85404
463,M101,210.68994,54.31884,292617,26.898,24.767,20,23.493,16,0.988,0.622,,9.061,OH,S11,1,0,[HMR2016] M101  292617
464,M101,210.73659,54.33458,141245,27.253,24.935,35,23.717,25,0.730,0.456,,9.166,H,S11,1,0,[HMR2016] M101  141245
465,M101,210.86578,54.35461,234711,27.303,24.047,36,22.933,28,0.670,0.286,,9.169,OH,S11,1,0,[HMR2016] M101  234711
466,M101,210.89110,54.33356,66960,27.591,23.776,17,22.826,14,1.128,0.732,,9.112,OH,S11,1,0,[HMR2016] M101  66960
467,M101,210.86554,54.33139,169654,27.990,24.800,19,23.529,12,0.988,0.680,,9.157,O,S11,0,0,[HMR2016] M101  169654
468,M101,210.86661,54.34464,205415,28.295,24.399,23,23.225,17,1.106,0.708,,9.168,O,S11,0,0,[HMR2016] M101  205415
469,M101,210.86096,54.35167,245913,28.502,24.917,49,23.632,29,1.236,0.966,,9.179,O,S11,0,0,[HMR2016] M101  245913
470,M101,210.84348,54.34268,291657,28.669,24.851,18,23.354,23,1.076,0.578,,9.211,O,S11,0,0,[HMR2016] M101  291657
471,M101,210.87196,54.37823,280724,28.700,24.681,25,23.491,17,1.086,0.624,,9.128,OH,S11,1,0,[HMR2016] M101  280724
472,M101,210.75948,54.32718,17505,28.764,24.633,52,23.394,30,1.036,0.644,,9.192,O,S11,0,0,[HMR2016] M101  17505
473,M101,210.84448,54.34143,283560,28.935,24.619,24,23.360,14,1.024,0.690,,9.208,OH,S11,1,0,[HMR2016] M101  283560
474,M101,210.75813,54.32633,20978,29.039,23.943,32,22.981,23,1.234,0.776,,9.188,OH,S11,1,0,[HMR2016] M101  20978
475,M101,210.83852,54.36257,374962,29.073,24.752,35,23.468,23,0.964,0.718,,9.211,O,S11,0,0,[HMR2016] M101  374962
476,M101,210.76283,54.34100,44941,29.187,24.304,45,23.152,25,1.004,0.692,,9.222,O,S11,0,0,[HMR2016] M101  44941
477,M101,210.70320,54.32533,255017,29.519,25.221,23,23.668,15,1.120,0.718,,9.093,OH,S11,1,0,[HMR2016] M101  255017
478,M101,210.86011,54.33433,201571,29.847,23.887,40,22.956,24,1.060,0.732,,9.171,O,S11,0,0,[HMR2016] M101  201571
479,M101,210.71925,54.35580,276801,30.200,24.715,34,23.462,21,1.204,0.672,,9.139,O,S11,0,0,[HMR2016] M101  276801
480,M101,210.85522,54.38729,380581,30.221,24.250,23,23.077,18,1.086,0.634,,9.131,O,S11,0,0,[HMR2016] M101  380581
481,M101,210.88464,54.33585,101062,30.742,25.073,30,23.610,18,1.190,0.758,,9.127,OH,S11,1,0,[HMR2016] M101  101062
482,M101,210.75314,54.32120,27226,30.760,24.466,24,23.062,24,1.248,0.680,,9.169,O,S11,0,0,[HMR2016] M101  27226
483,M101,210.85681,54.35104,261273,30.924,24.004,35,22.909,28,1.276,0.870,,9.188,O,S11,0,0,[HMR2016] M101  261273
484,M101,210.88179,54.38094,248033,31.514,23.970,24,22.768,22,1.230,0.672,,9.106,O,,0,0,[HMR2016] M101  248033
485,M101,210.74789,54.34413,120224,31.541,24.457,24,23.025,17,1.142,0.652,,9.196,OH,S11,1,0,[HMR2016] M101  120224
486,M101,210.71979,54.31229,147283,31.588,23.988,33,22.788,32,1.356,0.738,,9.100,O,S11,0,0,[HMR2016] M101  147283
487,M101,210.86519,54.33497,182192,32.133,24.318,30,23.168,18,1.202,0.764,,9.163,O,S11,0,0,[HMR2016] M101  182192
488,M101,210.84906,54.34415,272627,32.202,24.903,37,23.284,21,1.308,0.790,,9.202,OH,S11,1,0,[HMR2016] M101  272627
489,M101,210.86873,54.35678,229119,32.495,24.316,40,23.148,22,1.246,0.874,,9.162,OH,S11,1,0,[HMR2016] M101  229119
490,M101,210.70360,54.31850,679198,32.916,24.261,28,23.068,22,1.230,0.696,,9.084,OH,S11,1,0,[HMR2016] M101  679198
491,M101,210.88239,54.36918,211924,32.980,23.837,25,22.847,17,1.076,0.702,,9.124,OH,S11,1,0,[HMR2016] M101  211924
492,M101,210.86649,54.34311,201549,33.719,24.337,26,23.262,24,1.246,0.758,,9.167,O,S11,0,0,[HMR2016] M101  201549
493,M101,210.87756,54.35146,180634,33.822,24.389,31,23.020,27,1.350,0.804,,9.147,OH,S11,1,0,[HMR2016] M101  180634
494,M101,210.86884,54.35824,232984,34.081,24.557,23,23.305,15,0.956,0.640,,9.161,O,S11,0,0,[HMR2016] M101  232984
495,M101,210.75760,54.35772,118967,34.157,24.122,22,22.894,18,1.002,0.652,,9.211,O,S11,0,0,[HMR2016] M101  118967
496,M101,210.75357,54.33252,59670,34.472,23.570,20,22.549,13,1.064,0.710,,9.193,O,S11,0,0,[HMR2016] M101  59670
497,M101,210.88264,54.37322,220991,34.565,24.398,42,23.156,28,1.402,0.800,,9.118,OH,S11,1,0,[HMR2016] M101  220991
498,M101,210.70441,54.33953,292025,34.869,24.338,22,23.021,14,1.068,0.696,,9.109,OH,S11,1,0,[HMR2016] M101  292025
499,M101,210.86217,54.34483,220172,35.210,24.738,28,23.270,20,1.098,0.792,,9.176,OH,S11,1,0,[HMR2016] M101  220172
500,M101,210.70439,54.31219,215117,35.216,24.643,25,23.288,18,1.080,0.740,,9.075,O,S11,0,0,[HMR2016] M101  215117
501,M101,210.84612,54.34341,282769,36.124,23.767,15,22.775,8,0.862,0.536,,9.207,OH,S11,1,0,[HMR2016] M101  282769
502,M101,210.85132,54.38255,382651,36.300,23.627,30,22.540,21,1.034,0.592,,9.149,O,S11,0,0,[HMR2016] M101  382651
503,M101,210.75282,54.35143,120786,36.517,24.333,24,23.107,18,1.030,0.578,,9.206,O,S11,0,0,[HMR2016] M101  120786
504,M101,210.87025,54.35687,222965,36.781,24.713,53,23.364,33,1.498,0.752,,9.159,O,S11,0,0,[HMR2016] M101  222965
505,M101,210.76962,54.33636,1742,37.294,23.820,24,22.719,17,1.116,0.704,,9.227,O,S11,0,0,[HMR2016] M101  1742
506,M101,210.75404,54.34411,92984,37.437,23.780,21,22.614,12,1.024,0.640,,9.208,O,S11,0,0,[HMR2016] M101  92984
507,M101,210.82372,54.35541,416516,38.442,23.938,32,22.820,26,1.208,0.786,,9.248,O,,0,0,[HMR2016] M101  416516
508,M101,210.67572,54.33629,817039,39.673,23.771,31,22.716,21,1.326,0.752,,9.051,O,S11,0,0,[HMR2016] M101  817039
509,M101,210.87216,54.36015,225028,40.141,23.892,12,22.914,9,0.870,0.644,,9.153,H,S11,1,0,[HMR2016] M101  225028
510,M101,210.88235,54.37015,213832,40.991,23.912,29,22.715,18,1.074,0.758,,9.123,OH,S11,1,0,[HMR2016] M101  213832
511,M101,210.70668,54.35807,335784,41.167,24.009,22,22.842,15,1.046,0.662,,9.113,O,S11,0,0,[HMR2016] M101  335784
512,M101,210.88721,54.33398,84304,42.362,24.032,32,22.864,19,1.086,0.678,,9.120,OH,S11,1,0,[HMR2016] M101  84304
513,M101,210.84882,54.34698,282328,43.332,24.504,22,23.197,15,0.922,0.530,,9.203,O,,0,0,[HMR2016] M101  282328
514,M101,210.72917,54.35669,237507,44.702,24.368,35,22.983,23,0.680,0.488,,9.157,H,S11,1,0,[HMR2016] M101  237507
515,M101,210.86101,54.37771,325587,45.616,24.023,15,22.765,9,0.768,0.628,,9.146,O,S11,0,0,[HMR2016] M101  325587
516,M101,210.75919,54.32690,17965,45.673,23.814,22,22.617,15,0.892,0.672,,9.191,O,S11,0,0,[HMR2016] M101  17965
517,M101,210.87849,54.35087,174970,45.896,24.272,24,22.822,14,0.956,0.670,,9.145,OH,S11,1,0,[HMR2016] M101  174970
518,M101,210.76685,54.35468,68933,46.953,23.860,24,22.622,18,0.782,0.548,,9.232,O,S11,0,0,[HMR2016] M101  68933
519,M101,210.85141,54.38573,392319,47.659,23.728,16,22.554,12,0.734,0.550,,9.140,O,S11,0,0,[HMR2016] M101  392319
520,M101,210.75772,54.33716,55621,47.954,24.052,23,22.761,24,0.760,0.474,,9.208,O,S11,0,0,[HMR2016] M101  55621
521,M101,210.84178,54.37080,386961,50.160,24.170,15,22.859,15,0.710,0.588,,9.190,O,S11,0,0,[HMR2016] M101  386961
522,M101,210.75917,54.35546,105213,50.402,23.730,28,22.559,21,0.770,0.580,,9.216,O,S11,0,0,[HMR2016] M101  105213
523,M101,210.76166,54.33432,29818,51.142,23.358,16,22.323,11,0.746,0.556,,9.210,O,S11,0,0,[HMR2016] M101  29818
524,M101,210.89629,54.37200,164811,53.750,24.331,25,23.013,18,1.004,0.672,,9.095,O,S11,0,0,[HMR2016] M101  164811
525,M101,210.84514,54.35728,329753,57.856,23.464,46,22.379,35,1.026,0.644,,9.207,O,S11,0,0,[HMR2016] M101  329753
526,M101,210.88049,54.35063,165631,61.067,23.574,17,22.379,11,0.618,0.488,,9.141,O,S11,0,0,[HMR2016] M101  165631
527,M101,210.71811,54.33619,227572,62.961,23.322,14,22.187,9,0.648,0.492,,9.133,O,S11,0,0,[HMR2016] M101  227572
528,M101,210.87111,54.37603,277598,66.095,23.854,16,22.423,13,0.638,0.448,,9.133,O,S11,0,0,[HMR2016] M101  277598
529,M101,210.87283,54.36154,226551,69.622,22.978,19,21.819,11,0.684,0.492,,9.150,OH,S11,1,0,[HMR2016] M101  226551
530,M101,210.71921,54.32835,199251,71.299,23.078,18,21.994,12,0.608,0.400,,9.126,OH,S11,1,0,[HMR2016] M101  199251
531,M101,210.70996,54.34034,270707,74.882,22.893,24,21.838,17,0.672,0.396,,9.120,OH,S11,1,0,[HMR2016] M101  270707
532,M101,210.71033,54.33162,243050,76.782,23.209,16,21.988,12,0.522,0.336,,9.114,OH,S11,1,0,[HMR2016] M101  243050
533,M101,210.87582,54.35012,183892,81.521,22.795,19,21.664,10,0.498,0.382,,9.150,O,,0,0,[HMR2016] M101  183892
534,M101,210.88518,54.37277,211383,13.199,26.453,76,24.679,47,1.062,0.636,,9.114,X,S11,1,0,[HMR2016] M101  211383
535,M101,210.86485,54.35707,246134,21.590,26.181,35,24.387,25,0.572,0.536,,9.169,X,S11,1,0,[HMR2016] M101  246134
536,M101,210.86409,54.35691,248725,27.596,25.392,20,23.655,15,1.098,0.646,,9.171,X,S11,1,0,[HMR2016] M101  248725
537,M101,210.87048,54.36702,252819,21.608,25.670,37,23.966,24,1.046,0.542,,9.148,X,S11,1,0,[HMR2016] M101  252819
538,M101,210.85535,54.35376,275536,31.971,25.088,21,23.354,16,1.138,0.724,,9.190,X,S11,1,0,[HMR2016] M101  275536
539,N1015,39.53598,-1.33722,54744,26.096,28.012,122,27.010,132,,,1.076,8.400,O,,0,0,[HMR2016] N1015 54744
540,N1015,39.54914,-1.30783,61919,26.171,27.954,153,26.458,114,,,0.688,8.865,O,,0,0,[HMR2016] N1015 61919
541,N1015,39.53734,-1.32133,29667,26.301,27.463,110,26.551,85,,,1.088,9.141,O,,0,0,[HMR2016] N1015 29667
542,N1015,39.55384,-1.32662,127773,26.539,27.950,147,26.768,120,,,0.958,9.070,O,,0,0,[HMR2016] N1015 127773
543,N1015,39.54168,-1.32376,56181,26.835,27.866,133,26.699,99,,,0.808,9.138,O,,0,0,[HMR2016] N1015 56181
544,N1015,39.55274,-1.33095,130582,29.483,28.005,108,27.227,162,,,0.972,8.802,H,,1,0,[HMR2016] N1015 130582
545,N1015,39.54449,-1.33807,104667,29.802,28.174,106,26.634,75,,,1.040,8.400,O,,0,0,[HMR2016] N1015 104667
546,N1015,39.55507,-1.33287,142580,32.591,28.123,136,26.685,88,,,0.772,8.684,OH,,1,0,[HMR2016] N1015 142580
547,N1015,39.54568,-1.32974,92802,34.982,27.853,117,26.369,75,,,0.954,8.831,OH,,1,0,[HMR2016] N1015 92802
548,N1015,39.56085,-1.31734,140999,35.951,28.076,101,26.659,66,,,0.912,9.115,O,,0,0,[HMR2016] N1015 140999
549,N1015,39.55931,-1.33336,153441,36.807,27.166,100,26.141,57,,,1.034,8.644,O,,0,0,[HMR2016] N1015 153441
550,N1015,39.54365,-1.31523,48220,39.283,27.089,91,26.113,85,,,0.998,9.346,O,,0,0,[HMR2016] N1015 48220
551,N1015,39.54112,-1.31163,29059,39.545,27.712,95,26.173,90,,,0.942,9.124,O,,0,0,[HMR2016] N1015 29059
552,N1015,39.54068,-1.32182,46466,40.138,27.233,75,26.017,91,,,0.880,9.217,O,,0,0,[HMR2016] N1015 46466
553,N1015,39.54484,-1.30579,35224,40.416,27.333,80,26.063,56,,,0.840,8.766,OH,,1,0,[HMR2016] N1015 35224
554,N1015,39.54100,-1.30357,16524,50.083,27.533,108,26.233,61,,,0.740,8.635,OH,,1,0,[HMR2016] N1015 16524
555,N1015,39.53500,-1.31084,7789,54.740,27.555,85,26.098,58,,,0.704,9.004,O,,0,0,[HMR2016] N1015 7789
556,N1015,39.54671,-1.30403,40722,58.275,27.972,89,26.331,62,,,0.598,8.641,OH,,1,0,[HMR2016] N1015 40722
557,N1015,39.54536,-1.30428,34805,61.851,27.286,119,25.651,37,,,0.786,8.666,OH,,1,0,[HMR2016] N1015 34805
558,N1015,39.55436,-1.30964,95917,62.121,26.761,62,25.544,60,,,0.436,8.905,OH,,1,0,[HMR2016] N1015 95917
559,N1015,39.54895,-1.30402,52448,63.856,27.272,50,25.944,67,,,0.692,8.621,OH,,1,0,[HMR2016] N1015 52448
560,N1015,39.56625,-1.33106,162998,64.764,27.203,54,26.006,38,,,0.670,8.700,O,,0,0,[HMR2016] N1015 162998
561,N1015,39.54634,-1.32747,91423,70.413,27.104,92,25.700,56,,,0.596,8.985,OH,,1,0,[HMR2016] N1015 91423
562,N1015,39.56022,-1.31469,134588,74.431,27.191,89,26.001,63,,,0.666,9.039,OH,,1,0,[HMR2016] N1015 134588
563,N1015,39.54915,-1.33539,122746,74.606,26.872,60,25.620,63,,,0.406,8.499,OH,,1,0,[HMR2016] N1015 122746
564,N1015,39.55914,-1.33237,152327,87.327,26.001,65,24.865,35,,,0.406,8.704,OH,,1,0,[HMR2016] N1015 152327
565,N1015,39.53493,-1.32221,21471,97.489,26.183,69,24.943,27,,,0.296,9.033,H,,1,0,[HMR2016] N1015 21471
566,N1309,50.51305,-15.41225,154632,38.101,27.685,54,26.552,57,1.100,0.914,,8.582,OH,R11,1,2,[HMR2016] N1309 154632
567,N1309,50.51408,-15.40586,149317,39.313,27.732,35,26.344,42,0.910,0.288,,8.722,OH,,1,0,[HMR2016] N1309 149317
568,N1309,50.53524,-15.41099,50511,39.606,27.874,37,26.779,39,0.974,0.606,,8.857,O,R11,0,3,[HMR2016] N1309 50511
569,N1309,50.53701,-15.41209,42756,39.421,27.438,42,26.251,38,1.134,0.612,,8.793,OH,R11,1,3,[HMR2016] N1309 42756
570,N1309,50.53614,-15.38579,40303,39.498,27.214,44,26.162,62,1.218,0.696,,8.758,OH,R11,1,2,[HMR2016] N1309 40303
571,N1309,50.53849,-15.41026,36275,39.522,28.115,45,26.772,49,1.010,0.516,,8.811,O,,0,0,[HMR2016] N1309 36275
572,N1309,50.53405,-15.38829,50270,39.831,27.690,33,26.422,48,0.996,0.484,,8.866,OH,R11,1,2,[HMR2016] N1309 50270
573,N1309,50.52038,-15.39721,119907,40.839,27.554,60,26.099,87,1.196,0.534,,8.974,H,,1,0,[HMR2016] N1309 119907
574,N1309,50.51610,-15.38609,136479,41.018,27.580,40,26.378,40,1.266,0.782,,8.646,OH,R11,1,2,[HMR2016] N1309 136479
575,N1309,50.53147,-15.40689,67093,41.770,27.063,26,25.777,32,0.884,0.482,,9.037,OH,R11,1,3,[HMR2016] N1309 67093
576,N1309,50.52823,-15.40865,82654,41.938,27.048,44,25.946,44,1.088,0.546,,8.987,OH,R11,1,6,[HMR2016] N1309 82654
577,N1309,50.54017,-15.39411,27150,42.111,26.860,40,25.780,32,1.132,0.488,,8.860,OH,R11,1,3,[HMR2016] N1309 27150
578,N1309,50.52921,-15.39532,74679,42.297,26.752,32,25.650,44,0.670,0.406,,9.142,O,,0,0,[HMR2016] N1309 74679
579,N1309,50.50919,-15.39192,163900,42.778,27.392,52,26.192,49,1.272,0.734,,8.548,O,,0,1,[HMR2016] N1309 163900
580,N1309,50.53584,-15.41339,48337,43.039,26.879,32,25.625,49,1.072,0.702,,8.775,O,,0,2,[HMR2016] N1309 48337
581,N1309,50.53392,-15.38693,50545,44.138,27.363,45,26.201,39,0.978,0.910,,8.825,OH,R11,1,2,[HMR2016] N1309 50545
582,N1309,50.53459,-15.39231,48826,44.323,27.785,36,26.085,55,0.740,0.382,,8.975,OH,,1,0,[HMR2016] N1309 48826
583,N1309,50.52246,-15.38487,103930,44.601,26.740,28,25.796,36,0.822,0.544,,8.739,OH,,1,0,[HMR2016] N1309 103930
584,N1309,50.52014,-15.40802,2099043,44.298,27.287,32,25.848,43,0.748,0.402,,8.866,OH,,1,0,[HMR2016] N1309 2099043
585,N1309,50.53598,-15.41154,47351,45.451,27.053,43,25.976,46,0.964,0.354,,8.828,OH,R11,1,3,[HMR2016] N1309 47351
586,N1309,50.53512,-15.39843,47937,47.303,26.435,31,25.539,34,0.522,0.300,,9.078,O,,0,0,[HMR2016] N1309 47937
587,N1309,50.51685,-15.40349,2108877,47.587,27.399,39,26.007,60,0.706,0.690,,8.841,OH,,1,0,[HMR2016] N1309 2108877
588,N1309,50.51322,-15.40390,152242,47.816,27.105,27,26.105,33,0.674,0.640,,8.715,OH,R11,1,3,[HMR2016] N1309 152242
589,N1309,50.51414,-15.40403,2117990,48.184,27.333,42,26.048,43,1.000,0.614,,8.745,OH,,1,0,[HMR2016] N1309 2117990
590,N1309,50.51760,-15.40387,134187,47.865,26.654,35,25.294,41,0.902,0.322,,8.862,OH,,1,0,[HMR2016] N1309 134187
591,N1309,50.51350,-15.39881,150120,48.450,27.345,28,25.773,36,0.724,0.636,,8.743,OH,R11,1,3,[HMR2016] N1309 150120
592,N1309,50.54164,-15.39645,22773,49.572,27.743,32,26.339,27,0.818,0.466,,8.840,OH,R11,1,3,[HMR2016] N1309 22773
593,N1309,50.51619,-15.39832,139000,50.019,27.244,31,26.108,28,0.726,0.576,,8.836,O,R11,0,2,[HMR2016] N1309 139000
594,N1309,50.53939,-15.40977,32796,50.584,26.790,41,25.796,31,0.972,0.614,,8.801,O,,0,1,[HMR2016] N1309 32796
595,N1309,50.52307,-15.40096,105535,50.821,27.088,33,25.786,54,0.540,0.242,,9.074,H,,1,0,[HMR2016] N1309 105535
596,N1309,50.52977,-15.40833,75362,51.263,27.058,32,25.878,39,0.912,0.620,,8.999,O,R11,0,2,[HMR2016] N1309 75362
597,N1309,50.53038,-15.38675,66971,51.383,27.016,35,25.826,29,0.944,0.772,,8.849,OH,R11,1,2,[HMR2016] N1309 66971
598,N1309,50.51930,-15.40351,126515,51.434,26.577,20,25.723,30,0.736,0.462,,8.922,OH,,1,0,[HMR2016] N1309 126515
599,N1309,50.53236,-15.41587,65208,52.021,27.322,21,25.856,33,0.714,0.596,,8.734,OH,,1,0,[HMR2016] N1309 65208
600,N1309,50.52603,-15.40768,92474,52.352,27.330,30,25.909,38,0.880,0.358,,8.999,O,R11,0,3,[HMR2016] N1309 92474
601,N1309,50.52679,-15.40948,89446,52.496,27.134,25,25.967,25,0.592,0.448,,8.950,OH,,1,0,[HMR2016] N1309 89446
602,N1309,50.52340,-15.40732,105633,54.071,26.440,26,25.502,23,0.806,0.550,,8.963,OH,,1,1,[HMR2016] N1309 105633
603,N1309,50.52958,-15.40892,76474,55.542,26.552,17,25.471,22,0.714,0.560,,8.980,O,R11,0,3,[HMR2016] N1309 76474
604,N1309,50.53149,-15.38948,62523,56.821,26.850,31,25.670,22,0.910,0.656,,8.934,OH,R11,1,2,[HMR2016] N1309 62523
605,N1309,50.53498,-15.40073,49101,56.751,26.906,37,26.128,55,0.766,0.360,,9.086,O,R11,0,2,[HMR2016] N1309 49101
606,N1309,50.53022,-15.39054,68651,58.921,27.385,45,26.019,48,0.982,0.524,,8.978,OH,R11,1,2,[HMR2016] N1309 68651
607,N1309,50.53491,-15.40198,49690,60.126,26.643,26,25.604,36,0.560,0.390,,9.078,O,,0,0,[HMR2016] N1309 49690
608,N1309,50.52023,-15.40650,122991,58.975,28.153,80,26.437,65,1.204,0.466,,8.902,H,,1,0,[HMR2016] N1309 122991
609,N1309,50.53992,-15.40867,30721,60.451,26.706,40,25.471,49,0.890,0.514,,8.811,O,,0,1,[HMR2016] N1309 30721
610,N1309,50.53064,-15.40985,71680,62.045,27.187,25,25.746,23,0.602,0.352,,8.945,O,,0,0,[HMR2016] N1309 71680
611,N1309,50.52067,-15.40822,121441,64.053,27.265,34,26.205,57,0.548,0.128,,8.875,O,,0,0,[HMR2016] N1309 121441
612,N1309,50.51503,-15.40765,145875,64.633,27.831,44,26.242,47,0.828,0.646,,8.726,OH,,1,0,[HMR2016] N1309 145875
613,N1309,50.52035,-15.40018,120871,64.841,26.598,35,25.225,52,0.810,0.330,,8.983,OH,,1,0,[HMR2016] N1309 120871
614,N1309,50.52214,-15.40250,111589,65.208,26.590,27,25.231,41,0.590,0.458,,9.028,O,,0,0,[HMR2016] N1309 111589
615,N1309,50.52841,-15.41752,83989,64.199,26.985,26,25.610,54,0.638,0.566,,8.688,OH,R11,1,2,[HMR2016] N1309 83989
616,N1309,50.54060,-15.39462,25808,67.701,26.772,18,25.540,22,0.508,0.386,,8.854,OH,R11,1,2,[HMR2016] N1309 25808
617,N1309,50.52808,-15.40923,83493,57.917,27.575,52,26.119,67,1.228,0.612,,8.967,OH,R11,1,3,[HMR2016] N1309 83493
618,N1309,50.53605,-15.41233,47225,69.335,26.919,23,25.759,25,0.496,0.386,,8.804,OH,R11,1,3,[HMR2016] N1309 47225
619,N1309,50.53788,-15.40643,37762,69.303,26.686,37,25.544,57,0.496,0.112,,8.914,OH,R11,1,2,[HMR2016] N1309 37762
620,N1309,50.53554,-15.41410,49918,71.484,26.954,51,25.822,34,0.816,0.642,,8.758,OH,R11,1,6,[HMR2016] N1309 49918
621,N1309,50.52707,-15.40814,87828,73.621,26.044,39,25.018,37,0.496,0.516,,8.996,OH,,1,0,[HMR2016] N1309 87828
622,N1309,50.51471,-15.40491,146584,74.546,26.056,22,25.031,26,0.444,0.238,,8.755,O,,0,0,[HMR2016] N1309 146584
623,N1309,50.51971,-15.40475,124934,75.758,26.976,22,25.421,24,0.448,0.536,,8.918,OH,,1,1,[HMR2016] N1309 124934
624,N1309,50.52456,-15.40184,97966,80.886,25.966,21,24.767,25,0.432,0.248,,9.115,O,,0,0,[HMR2016] N1309 97966
625,N1309,50.51857,-15.39463,127649,84.543,26.985,91,25.862,116,0.882,0.768,,8.885,H,R11,1,2,[HMR2016] N1309 127649
626,N1309,50.52684,-15.40773,88762,84.888,26.093,42,24.774,50,0.722,0.514,,9.007,OH,,1,0,[HMR2016] N1309 88762
627,N1309,50.54084,-15.39080,24251,90.592,26.643,48,25.278,43,0.828,0.492,,8.781,OH,,1,0,[HMR2016] N1309 24251
628,N1309,50.51648,-15.40236,138679,90.713,26.467,36,25.143,43,0.656,0.388,,8.838,O,,0,2,[HMR2016] N1309 138679
629,N1309,50.52610,-15.40570,91743,90.911,26.606,23,25.495,28,0.472,0.362,,9.061,OH,,1,0,[HMR2016] N1309 91743
630,N1365,53.43241,-36.15629,91134,10.683,27.275,55,26.231,120,0.948,0.778,,8.906,O,,0,0,[HMR2016] N1365 91134
631,N1365,53.45018,-36.15170,117058,15.393,26.835,61,25.832,124,1.266,1.004,,8.701,O,S99,0,0,[HMR2016] N1365 117058
632,N1365,53.45133,-36.13656,82198,15.627,26.744,36,25.748,53,0.890,0.168,,8.770,O,,0,0,[HMR2016] N1365 82198
633,N1365,53.42834,-36.16831,111818,15.896,26.832,41,26.125,138,1.084,0.456,,8.814,OH,S99,1,0,[HMR2016] N1365 111818
634,N1365,53.44878,-36.13589,72773,15.918,26.835,52,25.829,102,0.914,0.248,,8.809,O,,0,0,[HMR2016] N1365 72773
635,N1365,53.46697,-36.14948,135091,15.925,27.035,47,26.093,71,1.094,0.536,,8.475,O,,0,0,[HMR2016] N1365 135091
636,N1365,53.46823,-36.15476,140975,16.448,26.885,52,25.624,87,0.980,0.568,,8.420,OH,,1,0,[HMR2016] N1365 140975
637,N1365,53.44254,-36.13864,62972,16.705,26.448,35,25.546,78,0.592,0.296,,8.891,O,,0,0,[HMR2016] N1365 62972
638,N1365,53.42995,-36.13476,10673,16.711,25.961,74,25.041,126,1.022,0.340,,9.084,O,,0,0,[HMR2016] N1365 10673
639,N1365,53.43541,-36.16956,123989,16.718,26.506,55,25.633,98,0.992,0.642,,8.715,OH,,1,0,[HMR2016] N1365 123989
640,N1365,53.44898,-36.16329,132389,16.996,27.543,66,26.474,113,1.216,0.444,,8.613,OH,,1,0,[HMR2016] N1365 132389
641,N1365,53.44476,-36.14945,103384,17.009,27.214,66,26.308,119,1.110,0.592,,8.796,OH,,1,0,[HMR2016] N1365 103384
642,N1365,53.43271,-36.15589,90707,17.289,26.959,51,25.757,82,1.208,0.512,,8.906,O,S99,0,0,[HMR2016] N1365 90707
643,N1365,53.44777,-36.14493,98429,18.132,26.771,48,25.816,96,1.166,0.434,,8.783,O,,0,0,[HMR2016] N1365 98429
644,N1365,53.43040,-36.15835,91952,19.405,25.554,44,24.861,72,0.540,0.462,,8.910,O,,0,0,[HMR2016] N1365 91952
645,N1365,53.44082,-36.15721,111940,19.690,26.543,42,25.874,74,0.954,0.450,,8.784,OH,S99,1,0,[HMR2016] N1365 111940
646,N1365,53.44572,-36.13167,48395,19.727,27.094,22,25.949,42,0.926,0.514,,8.863,O,S99,0,0,[HMR2016] N1365 48395
647,N1365,53.42915,-36.15346,72687,19.753,26.932,62,25.399,77,1.524,0.730,,8.979,O,,0,0,[HMR2016] N1365 72687
648,N1365,53.44228,-36.13182,38413,20.345,26.662,68,25.569,99,1.448,0.710,,8.911,O,S99,0,0,[HMR2016] N1365 38413
649,N1365,53.43638,-36.15493,97780,20.708,26.260,30,25.158,55,1.160,0.526,,8.866,O,S99,0,0,[HMR2016] N1365 97780
650,N1365,53.42833,-36.13673,12508,21.944,26.035,53,25.159,75,1.028,0.978,,9.104,O,,0,0,[HMR2016] N1365 12508
651,N1365,53.45736,-36.16207,138893,22.107,26.225,47,25.262,61,0.864,0.580,,8.511,O,S99,0,0,[HMR2016] N1365 138893
652,N1365,53.43140,-36.15165,73303,22.141,26.949,64,26.054,112,1.350,0.698,,8.966,O,,0,0,[HMR2016] N1365 73303
653,N1365,53.43301,-36.15800,97917,24.000,26.425,33,25.543,68,0.884,0.528,,8.880,O,,0,0,[HMR2016] N1365 97917
654,N1365,53.43554,-36.14414,60205,25.295,26.448,30,25.300,76,1.102,0.800,,8.965,O,S99,0,0,[HMR2016] N1365 60205
655,N1365,53.42757,-36.17343,119347,25.700,26.691,36,25.539,58,0.816,0.512,,8.754,O,,0,0,[HMR2016] N1365 119347
656,N1365,53.46510,-36.15274,136735,25.705,26.196,33,25.314,51,1.164,0.608,,8.480,OH,S99,1,0,[HMR2016] N1365 136735
657,N1365,53.44042,-36.13513,43927,25.706,26.852,57,25.677,98,0.776,0.192,,8.933,O,,0,0,[HMR2016] N1365 43927
658,N1365,53.42619,-36.16525,101154,26.077,26.345,62,25.362,119,0.956,0.700,,8.878,OH,,1,0,[HMR2016] N1365 101154
659,N1365,53.43235,-36.13681,25668,26.131,26.271,39,25.218,68,0.936,0.644,,9.045,O,,0,0,[HMR2016] N1365 25668
660,N1365,53.43264,-36.16138,106082,26.521,25.758,33,24.908,100,0.748,0.898,,8.847,O,,0,0,[HMR2016] N1365 106082
661,N1365,53.43116,-36.15968,97956,26.577,26.421,74,25.444,120,1.348,0.356,,8.885,O,,0,0,[HMR2016] N1365 97956
662,N1365,53.42691,-36.15613,74699,26.583,26.591,34,25.342,54,1.048,0.704,,8.980,O,,0,0,[HMR2016] N1365 74699
663,N1365,53.44537,-36.13623,63449,26.956,26.106,63,24.745,119,1.168,0.818,,8.858,H,S99,1,0,[HMR2016] N1365 63449
664,N1365,53.46249,-36.15729,138773,26.977,26.289,35,25.279,71,1.038,0.714,,8.481,OH,,1,0,[HMR2016] N1365 138773
665,N1365,53.42626,-36.16517,101112,27.032,25.969,44,25.012,118,0.908,0.656,,8.878,O,,1,0,[HMR2016] N1365 101112
666,N1365,53.44304,-36.16062,120972,27.449,26.503,44,25.471,70,1.058,0.842,,8.720,OH,S99,1,0,[HMR2016] N1365 120972
667,N1365,53.45536,-36.15365,126914,27.479,26.693,55,25.917,94,1.108,0.724,,8.612,O,S99,0,0,[HMR2016] N1365 126914
668,N1365,53.42944,-36.14393,40364,27.485,25.851,46,24.935,84,0.868,0.378,,9.055,O,S99,0,0,[HMR2016] N1365 40364
669,N1365,53.44677,-36.13550,65336,27.940,26.290,49,25.428,80,1.038,0.570,,8.839,OH,S99,1,0,[HMR2016] N1365 65336
670,N1365,53.43894,-36.16681,124631,29.334,26.107,46,25.095,59,1.062,0.764,,8.705,OH,S99,1,0,[HMR2016] N1365 124631
671,N1365,53.43179,-36.14904,65664,29.343,26.878,53,25.769,97,1.202,0.830,,8.983,O,,0,0,[HMR2016] N1365 65664
672,N1365,53.45814,-36.15381,130859,29.374,26.358,39,25.378,62,0.794,0.928,,8.571,OH,S99,1,0,[HMR2016] N1365 130859
673,N1365,53.46039,-36.15399,133465,29.455,26.952,57,25.602,113,1.180,0.672,,8.538,OH,,1,0,[HMR2016] N1365 133465
674,N1365,53.43159,-36.16220,105797,30.338,26.779,54,25.495,74,0.740,0.634,,8.851,OH,,1,0,[HMR2016] N1365 105797
675,N1365,53.42762,-36.16605,106470,30.392,25.908,37,25.005,43,0.908,0.706,,8.851,OH,S99,1,0,[HMR2016] N1365 106470
676,N1365,53.43381,-36.14379,53380,30.846,25.690,20,24.782,37,1.090,0.646,,8.993,O,S99,0,0,[HMR2016] N1365 53380
677,N1365,53.43898,-36.15337,100027,31.372,25.493,38,24.825,65,0.724,0.540,,8.845,OH,,1,0,[HMR2016] N1365 100027
678,N1365,53.43274,-36.15234,79315,31.460,25.913,29,24.933,62,1.192,0.698,,8.941,O,S99,0,0,[HMR2016] N1365 79315
679,N1365,53.43426,-36.15127,80300,32.376,26.152,30,25.049,43,1.132,0.802,,8.930,O,S99,0,0,[HMR2016] N1365 80300
680,N1365,53.43120,-36.15865,94995,32.417,25.764,21,24.743,41,0.948,0.592,,8.897,OH,S99,1,0,[HMR2016] N1365 94995
681,N1365,53.44741,-36.13457,64027,33.030,26.431,38,25.066,73,0.844,0.558,,8.833,O,,0,0,[HMR2016] N1365 64027
682,N1365,53.43029,-36.14475,45761,33.032,26.469,61,24.925,89,0.778,0.696,,9.037,O,,0,0,[HMR2016] N1365 45761
683,N1365,53.42737,-36.15531,73421,33.502,26.026,25,25.092,41,0.906,0.780,,8.983,O,S99,0,0,[HMR2016] N1365 73421
684,N1365,53.44769,-36.13463,65156,33.980,26.145,44,25.009,73,1.166,0.770,,8.828,O,S99,0,0,[HMR2016] N1365 65156
685,N1365,53.44918,-36.15596,122163,34.097,26.375,52,25.168,70,1.080,0.946,,8.680,OH,,1,0,[HMR2016] N1365 122163
686,N1365,53.45934,-36.16082,139368,34.472,26.262,43,25.191,63,1.064,0.346,,8.495,O,S99,0,0,[HMR2016] N1365 139368
687,N1365,53.42632,-36.14128,22247,34.603,26.793,80,25.745,240,1.250,0.788,,9.116,O,,0,0,[HMR2016] N1365 22247
688,N1365,53.44931,-36.14006,87703,35.113,25.702,35,24.499,45,0.980,0.850,,8.786,H,S99,1,0,[HMR2016] N1365 87703
689,N1365,53.44580,-36.15613,117850,35.283,26.050,39,25.014,52,1.154,0.868,,8.725,O,S99,0,0,[HMR2016] N1365 117850
690,N1365,53.43108,-36.15974,98015,35.888,26.236,97,25.566,150,1.160,0.858,,8.886,O,,0,0,[HMR2016] N1365 98015
691,N1365,53.42754,-36.15173,61628,37.006,26.638,40,25.027,39,1.048,0.654,,9.018,OH,,1,0,[HMR2016] N1365 61628
692,N1365,53.44776,-36.14677,103387,37.079,26.328,32,25.387,50,0.966,0.892,,8.771,O,S99,0,0,[HMR2016] N1365 103387
693,N1365,53.44918,-36.13788,80315,37.100,25.856,34,24.661,79,1.102,0.660,,8.797,O,S99,0,0,[HMR2016] N1365 80315
694,N1365,53.45728,-36.16654,142648,37.138,25.813,23,24.891,42,0.948,0.608,,8.469,O,S99,0,0,[HMR2016] N1365 142648
695,N1365,53.42988,-36.13662,17203,38.115,25.318,33,24.604,57,0.700,0.472,,9.082,O,,0,0,[HMR2016] N1365 17203
696,N1365,53.43317,-36.15541,90510,39.056,25.915,29,24.856,48,1.002,0.588,,8.905,OH,S99,1,0,[HMR2016] N1365 90510
697,N1365,53.42925,-36.15485,77265,39.614,26.097,26,25.076,47,0.948,0.586,,8.963,O,S99,0,0,[HMR2016] N1365 77265
698,N1365,53.42749,-36.15101,58983,39.671,26.763,39,25.221,52,0.930,0.822,,9.026,O,,0,0,[HMR2016] N1365 58983
699,N1365,53.43755,-36.17095,128912,40.728,25.475,39,24.336,68,0.954,0.160,,8.673,OH,S99,1,0,[HMR2016] N1365 128912
700,N1365,53.44036,-36.15351,103704,40.849,26.494,39,25.067,62,0.750,0.324,,8.825,OH,,1,0,[HMR2016] N1365 103704
701,N1365,53.43221,-36.16131,104907,42.897,25.445,26,24.353,49,0.840,0.582,,8.854,OH,,1,0,[HMR2016] N1365 104907
702,N1365,53.43142,-36.17278,123489,43.001,25.667,49,24.706,72,0.984,0.688,,8.720,OH,S99,1,0,[HMR2016] N1365 123489
703,N1365,53.43748,-36.13244,26519,43.071,25.667,72,24.780,125,0.974,0.530,,8.979,O,,0,0,[HMR2016] N1365 26519
704,N1365,53.44767,-36.14973,109560,46.693,26.437,34,24.903,49,0.808,0.346,,8.752,O,,0,0,[HMR2016] N1365 109560
705,N1365,53.43739,-36.15542,101731,47.242,25.239,42,24.332,65,0.688,0.454,,8.848,OH,,1,0,[HMR2016] N1365 101731
706,N1365,53.42716,-36.13666,8616,48.095,26.165,78,24.818,132,1.244,0.590,,9.121,O,,0,0,[HMR2016] N1365 8616
707,N1365,53.43522,-36.15474,94055,51.451,26.184,26,24.854,31,0.770,0.572,,8.884,H,S99,1,0,[HMR2016] N1365 94055
708,N1365,53.43863,-36.17027,129336,57.130,24.930,23,23.988,31,0.730,0.464,,8.668,H,S99,1,0,[HMR2016] N1365 129336
709,N1365,53.43211,-36.15584,88821,63.168,25.684,22,24.369,25,0.718,0.504,,8.915,H,S99,1,0,[HMR2016] N1365 88821
710,N1365,53.42708,-36.15625,75575,68.458,25.506,28,24.255,38,0.630,0.194,,8.976,H,S99,1,0,[HMR2016] N1365 75575
711,N1448,56.17977,-44.61067,67680,15.222,27.608,150,26.516,149,,,0.852,8.748,OH,,1,0,[HMR2016] N1448 67680
712,N1448,56.14810,-44.62526,91013,15.317,27.672,138,26.525,116,,,0.836,8.944,O,,0,0,[HMR2016] N1448 91013
713,N1448,56.14707,-44.62192,70048,15.581,27.182,97,26.654,174,,,0.870,8.884,OH,,1,0,[HMR2016] N1448 70048
714,N1448,56.16790,-44.62140,106396,15.781,27.199,135,25.983,75,,,0.706,8.860,OH,,1,0,[HMR2016] N1448 106396
715,N1448,56.16670,-44.62074,100437,16.002,26.957,106,25.966,98,,,0.832,8.868,OH,,1,0,[HMR2016] N1448 100437
716,N1448,56.17638,-44.60417,30983,16.027,26.977,82,26.270,144,,,0.870,8.717,OH,,1,0,[HMR2016] N1448 30983
717,N1448,56.13953,-44.62622,80432,16.075,27.782,151,26.375,129,,,0.936,8.896,O,,0,0,[HMR2016] N1448 80432
718,N1448,56.17753,-44.60050,20241,16.159,27.191,98,26.125,71,,,0.900,8.677,OH,,1,0,[HMR2016] N1448 20241
719,N1448,56.15496,-44.61897,67991,16.188,26.839,75,26.092,69,,,0.806,8.878,OH,,1,0,[HMR2016] N1448 67991
720,N1448,56.14478,-44.62013,55127,16.731,27.569,158,26.230,100,,,0.992,8.834,OH,,1,0,[HMR2016] N1448 55127
721,N1448,56.17367,-44.59705,9056,17.467,26.929,96,25.876,56,,,0.932,8.627,OH,,1,0,[HMR2016] N1448 9056
722,N1448,56.14851,-44.62777,105945,17.926,26.817,127,25.796,119,,,0.866,8.981,O,,0,0,[HMR2016] N1448 105945
723,N1448,56.16730,-44.62432,2057928,17.961,27.477,128,26.350,97,,,0.644,8.864,OH,,1,0,[HMR2016] N1448 2057928
724,N1448,56.17083,-44.62915,146654,18.177,27.828,166,26.368,137,,,0.838,8.796,OH,,1,0,[HMR2016] N1448 146654
725,N1448,56.15872,-44.62820,126675,18.199,26.836,148,26.061,105,,,0.858,8.942,OH,,1,0,[HMR2016] N1448 126675
726,N1448,56.17755,-44.60687,43058,18.249,26.383,50,25.684,103,,,0.770,8.738,OH,,1,0,[HMR2016] N1448 43058
727,N1448,56.14990,-44.62833,111758,18.289,27.244,197,25.888,142,,,0.916,8.988,O,,0,0,[HMR2016] N1448 111758
728,N1448,56.15952,-44.61542,56103,18.312,26.604,129,25.639,67,,,0.964,8.841,O,,0,0,[HMR2016] N1448 56103
729,N1448,56.17646,-44.60355,28890,18.369,26.429,81,25.824,107,,,1.204,8.711,OH,,1,0,[HMR2016] N1448 28890
730,N1448,56.16611,-44.61222,50635,18.441,26.693,64,25.887,91,,,0.838,8.808,OH,,1,0,[HMR2016] N1448 50635
731,N1448,56.13582,-44.61808,32612,18.481,26.627,80,25.802,78,,,1.050,8.704,O,,0,0,[HMR2016] N1448 32612
732,N1448,56.17240,-44.60051,2009602,18.933,27.580,147,26.688,141,,,0.790,8.671,O,,0,0,[HMR2016] N1448 2009602
733,N1448,56.17927,-44.62108,125197,19.223,27.307,179,26.124,100,,,0.646,8.743,H,,1,0,[HMR2016] N1448 125197
734,N1448,56.17663,-44.60332,28276,19.544,26.652,73,25.958,58,,,0.636,8.708,OH,,1,0,[HMR2016] N1448 28276
735,N1448,56.15499,-44.63284,141033,20.424,27.554,172,26.021,86,,,0.810,8.970,O,,0,0,[HMR2016] N1448 141033
736,N1448,56.14916,-44.62733,104786,20.457,26.807,73,25.764,110,,,0.878,8.976,O,,0,0,[HMR2016] N1448 104786
737,N1448,56.14577,-44.63252,126776,20.502,26.831,140,25.526,110,,,0.936,9.035,O,,0,0,[HMR2016] N1448 126776
738,N1448,56.15468,-44.63334,142515,20.517,27.445,229,26.233,101,,,1.082,8.972,O,,0,0,[HMR2016] N1448 142515
739,N1448,56.17030,-44.61946,99955,20.552,26.381,113,25.436,58,,,1.246,8.838,O,,0,0,[HMR2016] N1448 99955
740,N1448,56.15082,-44.62365,87040,20.654,26.427,96,25.556,92,,,0.994,8.931,OH,,1,0,[HMR2016] N1448 87040
741,N1448,56.16819,-44.62268,114172,21.172,26.571,69,25.662,112,,,0.822,8.857,OH,,1,0,[HMR2016] N1448 114172
742,N1448,56.17896,-44.60086,22681,21.259,26.956,94,26.269,73,,,0.562,8.681,OH,,1,0,[HMR2016] N1448 22681
743,N1448,56.16625,-44.62913,141128,21.283,26.899,119,25.589,61,,,0.638,8.855,OH,,1,0,[HMR2016] N1448 141128
744,N1448,56.17937,-44.61615,98211,21.622,26.624,108,25.824,82,,,1.076,8.757,OH,,1,0,[HMR2016] N1448 98211
745,N1448,56.15489,-44.63365,143881,21.640,27.169,140,25.771,83,,,1.124,8.968,O,,0,0,[HMR2016] N1448 143881
746,N1448,56.17801,-44.60213,25792,22.307,26.400,77,25.438,52,,,1.186,8.695,O,,0,0,[HMR2016] N1448 25792
747,N1448,56.13848,-44.61887,39014,22.653,26.863,118,25.928,79,,,0.896,8.748,O,,0,0,[HMR2016] N1448 39014
748,N1448,56.17900,-44.60690,45433,23.199,27.210,140,26.586,197,,,1.182,8.733,H,,1,0,[HMR2016] N1448 45433
749,N1448,56.15321,-44.61189,31039,23.478,27.092,78,26.159,87,,,1.068,8.757,OH,,1,0,[HMR2016] N1448 31039
750,N1448,56.14883,-44.62816,108839,24.170,26.925,74,26.215,168,,,1.298,8.986,O,,0,0,[HMR2016] N1448 108839
751,N1448,56.15235,-44.62561,101023,24.505,26.788,78,25.604,112,,,0.798,8.958,O,,0,0,[HMR2016] N1448 101023
752,N1448,56.14610,-44.62432,82051,24.710,26.649,161,25.222,104,,,0.908,8.918,H,,1,0,[HMR2016] N1448 82051
753,N1448,56.14812,-44.63185,127358,25.059,25.915,91,25.139,79,,,0.714,9.024,O,,0,0,[HMR2016] N1448 127358
754,N1448,56.18095,-44.61639,102567,25.254,26.881,78,25.500,55,,,1.012,8.741,O,,0,0,[HMR2016] N1448 102567
755,N1448,56.15238,-44.61606,46921,25.823,26.409,70,25.744,81,,,1.104,8.821,OH,,1,0,[HMR2016] N1448 46921
756,N1448,56.18143,-44.60136,27054,26.141,26.736,115,25.409,52,,,0.926,8.682,OH,,1,0,[HMR2016] N1448 27054
757,N1448,56.17284,-44.59930,13429,26.432,26.174,105,25.360,70,,,0.988,8.656,OH,,1,0,[HMR2016] N1448 13429
758,N1448,56.16262,-44.61801,77275,26.848,27.014,156,25.868,101,,,0.998,8.870,OH,,1,0,[HMR2016] N1448 77275
759,N1448,56.14562,-44.62926,109037,27.126,26.268,109,25.230,111,,,0.680,8.993,O,,0,0,[HMR2016] N1448 109037
760,N1448,56.16453,-44.61581,68073,27.277,26.682,92,25.751,88,,,1.398,8.846,OH,,1,0,[HMR2016] N1448 68073
761,N1448,56.18407,-44.60550,2021807,27.283,26.052,146,24.937,81,,,0.958,8.700,O,,0,0,[HMR2016] N1448 2021807
762,N1448,56.15655,-44.61868,69453,27.618,26.141,75,25.041,81,,,1.068,8.878,O,,0,0,[HMR2016] N1448 69453
763,N1448,56.16572,-44.62931,141170,28.108,27.018,105,25.712,55,,,1.078,8.861,OH,,1,0,[HMR2016] N1448 141170
764,N1448,56.18047,-44.60003,21681,29.994,26.163,76,25.082,72,,,1.158,8.671,O,,0,0,[HMR2016] N1448 21681
765,N1448,56.17946,-44.59933,18798,30.862,26.509,82,25.381,53,,,1.012,8.664,OH,,1,0,[HMR2016] N1448 18798
766,N1448,56.17692,-44.61020,59301,31.448,27.269,143,25.893,68,,,0.732,8.762,OH,,1,0,[HMR2016] N1448 59301
767,N1448,56.15402,-44.62685,111083,31.989,26.483,127,25.161,81,,,0.826,8.967,O,,0,0,[HMR2016] N1448 111083
768,N1448,56.14715,-44.63094,121191,32.889,26.719,148,25.374,99,,,1.116,9.017,O,,0,0,[HMR2016] N1448 121191
769,N1448,56.16696,-44.60803,33634,32.897,25.919,56,24.926,73,,,0.980,8.759,O,,0,0,[HMR2016] N1448 33634
770,N1448,56.18393,-44.60432,41235,33.167,26.399,69,25.465,52,,,0.958,8.695,OH,,1,0,[HMR2016] N1448 41235
771,N1448,56.17721,-44.61391,81607,33.888,25.936,49,25.087,53,,,0.940,8.775,OH,,1,0,[HMR2016] N1448 81607
772,N1448,56.15928,-44.62687,120930,34.334,26.300,83,25.061,62,,,0.698,8.936,OH,,1,0,[HMR2016] N1448 120930
773,N1448,56.14767,-44.63166,125623,34.688,27.661,152,26.017,182,,,0.958,9.024,O,,0,0,[HMR2016] N1448 125623
774,N1448,56.15104,-44.62113,73057,34.854,26.010,67,24.982,65,,,1.040,8.894,OH,,1,0,[HMR2016] N1448 73057
775,N1448,56.17736,-44.60932,55177,36.091,26.080,75,24.992,39,,,0.762,8.755,OH,,1,0,[HMR2016] N1448 55177
776,N1448,56.16272,-44.62587,121708,37.095,26.444,90,25.185,62,,,0.786,8.906,OH,,1,0,[HMR2016] N1448 121708
777,N1448,56.14871,-44.62102,67910,38.706,26.633,95,25.569,69,,,0.676,8.880,OH,,1,0,[HMR2016] N1448 67910
778,N1448,56.18608,-44.60581,51814,39.167,25.793,59,24.970,52,,,0.852,8.690,OH,,1,0,[HMR2016] N1448 51814
779,N1448,56.16106,-44.61821,75419,39.418,25.595,60,24.866,71,,,0.866,8.875,OH,,1,0,[HMR2016] N1448 75419
780,N1448,56.16323,-44.61289,49181,40.073,26.041,80,24.720,77,,,0.958,8.815,O,,0,0,[HMR2016] N1448 49181
781,N1448,56.16196,-44.63544,156857,40.290,26.685,60,25.450,51,,,0.596,8.859,O,,0,0,[HMR2016] N1448 156857
782,N1448,56.15853,-44.61850,72258,43.930,26.675,69,25.225,46,,,0.974,8.878,OH,,1,0,[HMR2016] N1448 72258
783,N1448,56.18159,-44.60796,55456,44.123,25.665,77,24.780,91,,,0.884,8.726,OH,,1,0,[HMR2016] N1448 55456
784,N1448,56.14944,-44.63169,128603,45.530,26.760,127,25.053,72,,,0.486,9.017,OH,,1,0,[HMR2016] N1448 128603
785,N1448,56.17558,-44.59915,15251,49.068,25.979,51,24.833,33,,,0.774,8.660,OH,,1,0,[HMR2016] N1448 15251
786,N1448,56.18063,-44.60273,30915,49.072,26.181,78,24.766,25,,,0.470,8.696,OH,,1,0,[HMR2016] N1448 30915
787,N1448,56.18647,-44.60523,49401,49.638,26.411,59,25.407,45,,,0.480,8.685,H,,1,0,[HMR2016] N1448 49401
788,N1448,56.14563,-44.62127,63307,50.622,25.682,51,24.927,41,,,0.740,8.862,H,,1,0,[HMR2016] N1448 63307
789,N1448,56.14516,-44.62381,77316,52.116,25.876,60,24.597,43,,,0.768,8.902,OH,,1,0,[HMR2016] N1448 77316
790,N1448,56.18312,-44.60288,34474,54.931,25.062,76,24.323,46,,,0.428,8.689,H,,1,0,[HMR2016] N1448 34474
791,N1448,56.13572,-44.62440,62327,55.514,25.752,82,24.704,32,,,0.560,8.821,O,,0,0,[HMR2016] N1448 62327
792,N1448,56.16279,-44.61683,70784,56.545,25.206,44,24.172,24,,,0.718,8.859,OH,,1,0,[HMR2016] N1448 70784
793,N1448,56.18139,-44.60748,52427,59.988,25.633,80,24.568,51,,,0.572,8.725,OH,,1,0,[HMR2016] N1448 52427
794,N1448,56.14482,-44.62979,110532,63.366,25.469,54,24.374,52,,,0.610,8.998,O,,0,0,[HMR2016] N1448 110532
795,N1448,56.14371,-44.62869,102247,67.031,26.462,84,24.905,51,,,0.634,8.975,O,,0,0,[HMR2016] N1448 102247
796,N1448,56.14549,-44.62917,108246,71.366,25.136,76,23.954,43,,,0.536,8.991,O,,0,0,[HMR2016] N1448 108246
797,N1448,56.18462,-44.60461,43433,78.284,24.715,73,23.664,30,,,0.476,8.693,O,,0,0,[HMR2016] N1448 43433
798,N1448,56.14846,-44.61950,58446,93.353,25.175,45,23.926,26,,,0.560,8.852,OH,,1,0,[HMR2016] N1448 58446
799,N1448,56.15922,-44.61608,59273,97.203,25.414,80,23.954,23,,,0.388,8.849,O,,0,0,[HMR2016] N1448 59273
800,N2442,114.07089,-69.55956,186963,15.012,28.082,193,26.275,129,,,0.874,8.884,OH,,1,0,[HMR2016] N2442 186963
801,N2442,114.10249,-69.54907,2061594,15.074,27.950,148,26.968,250,,,0.940,9.107,O,,0,0,[HMR2016] N2442 2061594
802,N2442,114.10622,-69.55363,66050,15.208,28.529,180,27.108,260,,,0.778,9.014,O,,0,0,[HMR2016] N2442 66050
803,N2442,114.08999,-69.54848,99851,15.330,27.746,135,26.161,112,,,0.530,9.120,OH,,1,0,[HMR2016] N2442 99851
804,N2442,114.10817,-69.54509,46871,15.456,27.647,136,26.566,138,,,0.476,9.175,O,,0,0,[HMR2016] N2442 46871
805,N2442,114.03905,-69.54507,252247,15.517,27.947,172,26.356,114,,,1.046,8.970,O,,0,0,[HMR2016] N2442 252247
806,N2442,114.08682,-69.54243,95312,15.534,27.330,130,26.379,138,,,0.860,9.229,O,,0,0,[HMR2016] N2442 95312
807,N2442,114.08750,-69.55587,125061,15.534,27.785,115,26.443,117,,,0.962,8.976,O,,0,0,[HMR2016] N2442 125061
808,N2442,114.06381,-69.57278,241859,15.687,28.072,191,26.883,187,,,0.628,8.628,OH,,1,0,[HMR2016] N2442 241859
809,N2442,114.04028,-69.54987,259379,15.718,28.491,220,26.709,150,,,0.846,8.924,O,,0,0,[HMR2016] N2442 259379
810,N2442,114.05122,-69.57500,281583,15.758,27.675,121,26.773,172,,,0.978,8.563,OH,,1,0,[HMR2016] N2442 281583
811,N2442,114.06255,-69.56935,237598,15.764,28.555,220,26.664,126,,,0.762,8.689,OH,,1,0,[HMR2016] N2442 237598
812,N2442,114.10236,-69.55178,72176,15.780,27.644,128,26.171,104,,,0.554,9.055,O,,0,0,[HMR2016] N2442 72176
813,N2442,114.11325,-69.54688,39694,15.845,28.724,242,26.725,111,,,1.252,9.130,O,,0,0,[HMR2016] N2442 39694
814,N2442,114.06736,-69.56613,214707,15.850,28.218,171,26.364,192,,,0.970,8.757,O,,0,0,[HMR2016] N2442 214707
815,N2442,114.07068,-69.56178,193307,15.855,27.700,146,26.594,176,,,0.650,8.843,O,,0,0,[HMR2016] N2442 193307
816,N2442,114.06796,-69.54967,172188,15.878,28.109,159,26.645,168,,,0.640,9.050,OH,,1,0,[HMR2016] N2442 172188
817,N2442,114.05811,-69.56868,249523,15.894,27.949,133,26.573,155,,,1.216,8.692,O,,0,0,[HMR2016] N2442 249523
818,N2442,114.11212,-69.55291,51166,15.927,28.507,283,26.796,219,,,0.802,9.018,OH,,1,0,[HMR2016] N2442 51166
819,N2442,114.02366,-69.56022,313149,15.944,28.218,221,26.647,149,,,0.792,8.707,O,,0,0,[HMR2016] N2442 313149
820,N2442,114.03380,-69.56812,307271,16.092,29.075,236,27.109,210,,,0.984,8.631,H,,1,0,[HMR2016] N2442 307271
821,N2442,114.06482,-69.54908,180904,16.104,27.971,194,26.410,223,,,1.050,9.048,O,,0,0,[HMR2016] N2442 180904
822,N2442,114.05110,-69.57323,278606,16.202,28.249,169,27.138,139,,,1.004,8.594,O,,0,0,[HMR2016] N2442 278606
823,N2442,114.04540,-69.55802,262584,16.220,27.939,206,26.797,155,,,1.052,8.834,O,,0,0,[HMR2016] N2442 262584
824,N2442,114.10266,-69.53988,49971,16.268,27.123,82,25.880,95,,,0.570,9.285,O,,0,0,[HMR2016] N2442 49971
825,N2442,114.03547,-69.54477,261899,16.269,27.797,163,26.273,179,,,0.930,8.951,OH,,1,0,[HMR2016] N2442 261899
826,N2442,114.05522,-69.54150,192951,16.285,27.945,181,26.586,199,,,0.750,9.101,O,,0,0,[HMR2016] N2442 192951
827,N2442,114.04312,-69.56703,286573,16.374,27.932,252,26.619,144,,,0.932,8.680,O,,0,0,[HMR2016] N2442 286573
828,N2442,114.12554,-69.54389,14859,16.481,28.101,221,26.369,114,,,0.648,9.137,O,,0,0,[HMR2016] N2442 14859
829,N2442,114.04354,-69.54944,248792,16.504,28.395,243,26.463,123,,,0.656,8.947,O,,0,0,[HMR2016] N2442 248792
830,N2442,114.03031,-69.55966,301900,16.510,28.158,121,26.583,209,,,0.866,8.746,O,,0,0,[HMR2016] N2442 301900
831,N2442,114.09664,-69.54037,64449,16.652,27.502,188,26.179,126,,,0.640,9.280,O,,0,0,[HMR2016] N2442 64449
832,N2442,114.08938,-69.54271,88629,16.760,27.394,91,26.543,226,,,0.888,9.228,O,,0,0,[HMR2016] N2442 88629
833,N2442,114.09223,-69.53619,67369,16.775,27.672,171,25.981,149,,,0.964,9.353,O,,0,0,[HMR2016] N2442 67369
834,N2442,114.09346,-69.54494,81915,16.795,27.819,180,26.581,157,,,0.784,9.190,O,,0,0,[HMR2016] N2442 81915
835,N2442,114.11114,-69.53961,33410,16.850,27.706,197,25.941,78,,,0.842,9.268,O,,0,0,[HMR2016] N2442 33410
836,N2442,114.10085,-69.54933,71147,16.889,27.647,147,26.203,114,,,0.832,9.104,OH,,1,0,[HMR2016] N2442 71147
837,N2442,114.07197,-69.57583,223873,17.006,28.508,263,26.532,147,,,0.776,8.581,O,,0,0,[HMR2016] N2442 223873
838,N2442,114.09754,-69.54568,72505,17.090,28.193,168,26.395,131,,,0.938,9.177,OH,,1,0,[HMR2016] N2442 72505
839,N2442,114.07257,-69.57850,228431,17.096,28.499,306,26.770,143,,,0.766,8.531,O,,0,0,[HMR2016] N2442 228431
840,N2442,114.03909,-69.57135,302230,17.108,28.592,153,27.081,168,,,1.350,8.595,H,,1,0,[HMR2016] N2442 302230
841,N2442,114.12887,-69.56057,30785,17.143,27.598,147,26.125,100,,,0.910,8.833,O,,0,0,[HMR2016] N2442 30785
842,N2442,114.04498,-69.55109,248310,17.315,27.348,138,26.408,147,,,0.874,8.932,O,,0,0,[HMR2016] N2442 248310
843,N2442,114.08174,-69.56708,170978,17.359,27.978,87,26.755,198,,,1.074,8.757,O,,0,0,[HMR2016] N2442 170978
844,N2442,114.05637,-69.55624,225464,17.360,28.062,212,26.181,149,,,0.672,8.903,O,,0,0,[HMR2016] N2442 225464
845,N2442,114.08643,-69.55548,127421,17.450,28.037,167,26.162,111,,,1.278,8.983,O,,0,0,[HMR2016] N2442 127421
846,N2442,114.07976,-69.54983,134687,17.603,27.691,104,26.690,172,,,1.346,9.080,O,,0,0,[HMR2016] N2442 134687
847,N2442,114.04508,-69.56724,282064,17.655,27.844,122,26.491,105,,,1.172,8.683,O,,0,0,[HMR2016] N2442 282064
848,N2442,114.07971,-69.57119,187693,17.716,28.490,326,26.346,205,,,0.836,8.677,O,,0,0,[HMR2016] N2442 187693
849,N2442,114.06308,-69.55365,197680,17.723,27.802,225,26.050,162,,,0.722,8.968,OH,,1,0,[HMR2016] N2442 197680
850,N2442,114.06414,-69.54183,164979,17.740,28.147,207,26.912,202,,,0.884,9.147,O,,0,0,[HMR2016] N2442 164979
851,N2442,114.10159,-69.54565,62358,17.760,28.578,235,27.142,158,,,1.280,9.175,O,,0,0,[HMR2016] N2442 62358
852,N2442,114.08282,-69.55001,125568,17.760,27.720,191,26.575,252,,,0.952,9.082,O,,0,0,[HMR2016] N2442 125568
853,N2442,114.10851,-69.54092,39918,17.762,27.754,229,25.950,110,,,0.692,9.253,O,,0,0,[HMR2016] N2442 39918
854,N2442,114.03210,-69.56594,307329,17.885,27.788,145,26.421,110,,,0.712,8.659,O,,0,0,[HMR2016] N2442 307329
855,N2442,114.03648,-69.55242,274967,17.953,27.744,151,26.279,138,,,0.866,8.873,O,,0,0,[HMR2016] N2442 274967
856,N2442,114.12076,-69.54223,20525,17.996,27.787,127,25.973,93,,,0.798,9.185,O,,0,0,[HMR2016] N2442 20525
857,N2442,114.02661,-69.54181,279482,18.016,28.275,170,26.771,95,,,1.040,8.917,O,,0,0,[HMR2016] N2442 279482
858,N2442,114.08282,-69.53718,95301,18.074,27.179,163,25.905,166,,,0.712,9.301,O,,0,0,[HMR2016] N2442 95301
859,N2442,114.09406,-69.55168,95052,18.132,28.134,228,26.174,136,,,1.040,9.060,O,,0,0,[HMR2016] N2442 95052
860,N2442,114.10780,-69.54999,55650,18.183,28.446,232,26.710,199,,,0.808,9.082,O,,0,0,[HMR2016] N2442 55650
861,N2442,114.02377,-69.55002,300217,18.225,28.208,180,26.319,139,,,0.732,8.831,O,,0,0,[HMR2016] N2442 300217
862,N2442,114.07091,-69.56613,203388,18.240,27.849,166,26.197,107,,,0.924,8.763,O,,0,0,[HMR2016] N2442 203388
863,N2442,114.04887,-69.55961,256205,18.334,28.403,335,26.757,158,,,1.060,8.822,O,,0,0,[HMR2016] N2442 256205
864,N2442,114.12212,-69.54466,21336,18.378,27.749,140,26.539,127,,,1.022,9.139,O,,0,0,[HMR2016] N2442 21336
865,N2442,114.12413,-69.54367,16812,18.384,28.626,147,27.073,190,,,1.098,9.147,O,,0,0,[HMR2016] N2442 16812
866,N2442,114.10753,-69.56126,77866,18.384,28.242,201,27.154,234,,,0.934,8.865,O,,0,0,[HMR2016] N2442 77866
867,N2442,114.03818,-69.55720,280105,18.447,27.667,136,26.286,94,,,0.906,8.816,O,,0,0,[HMR2016] N2442 280105
868,N2442,114.07538,-69.55685,166070,18.533,28.085,166,26.358,130,,,0.974,8.942,O,,0,0,[HMR2016] N2442 166070
869,N2442,114.04502,-69.57471,295624,18.577,28.041,113,26.519,118,,,0.876,8.553,O,,0,0,[HMR2016] N2442 295624
870,N2442,114.12870,-69.54359,9700,18.618,28.071,151,27.009,199,,,1.214,9.127,O,,0,0,[HMR2016] N2442 9700
871,N2442,114.02314,-69.56071,314250,18.668,27.665,94,26.168,99,,,0.510,8.698,O,,0,0,[HMR2016] N2442 314250
872,N2442,114.09059,-69.53966,78702,18.734,27.588,143,26.037,128,,,0.820,9.287,O,,0,0,[HMR2016] N2442 78702
873,N2442,114.01885,-69.55021,309173,18.737,28.215,78,26.730,146,,,0.800,8.801,OH,,1,0,[HMR2016] N2442 309173
874,N2442,114.06004,-69.55992,222924,18.802,28.115,335,26.307,145,,,1.108,8.852,OH,,1,0,[HMR2016] N2442 222924
875,N2442,114.05548,-69.53420,174128,18.907,27.941,123,26.617,185,,,0.926,9.150,O,,0,0,[HMR2016] N2442 174128
876,N2442,114.09930,-69.57443,132870,18.909,28.433,186,26.578,140,,,0.896,8.616,O,,0,0,[HMR2016] N2442 132870
877,N2442,114.09932,-69.53569,50169,18.916,27.383,218,26.135,130,,,0.752,9.370,O,,0,0,[HMR2016] N2442 50169
878,N2442,114.08105,-69.54151,110561,18.999,28.002,207,26.158,120,,,1.148,9.228,O,,0,0,[HMR2016] N2442 110561
879,N2442,114.09293,-69.55484,105736,19.037,27.522,155,26.363,154,,,0.944,8.999,O,,0,0,[HMR2016] N2442 105736
880,N2442,114.02890,-69.54834,286300,19.107,27.526,154,26.379,151,,,0.820,8.878,O,,1,0,[HMR2016] N2442 286300
881,N2442,114.03983,-69.54226,243361,19.112,27.183,208,26.167,106,,,0.752,9.000,O,,0,0,[HMR2016] N2442 243361
882,N2442,114.10115,-69.55326,78373,19.118,28.092,170,26.920,160,,,1.262,9.027,O,,0,0,[HMR2016] N2442 78373
883,N2442,114.02799,-69.56174,308701,19.126,28.252,273,26.677,246,,,0.954,8.705,O,,0,0,[HMR2016] N2442 308701
884,N2442,114.10620,-69.54170,45585,19.257,27.723,157,26.707,168,,,1.176,9.244,O,,0,0,[HMR2016] N2442 45585
885,N2442,114.03890,-69.53934,239383,19.282,27.872,132,26.836,139,,,1.050,9.014,O,,0,0,[HMR2016] N2442 239383
886,N2442,114.08674,-69.54968,112439,19.420,27.937,196,26.479,209,,,0.964,9.094,O,,0,0,[HMR2016] N2442 112439
887,N2442,114.07955,-69.57535,198358,19.433,28.391,214,26.950,206,,,1.042,8.597,O,,0,0,[HMR2016] N2442 198358
888,N2442,114.03706,-69.54694,262169,19.433,27.496,95,26.187,123,,,0.356,8.940,O,,0,0,[HMR2016] N2442 262169
889,N2442,114.08156,-69.57171,183046,19.495,27.950,207,26.601,126,,,0.608,8.668,O,,0,0,[HMR2016] N2442 183046
890,N2442,114.10621,-69.54679,53748,19.585,27.848,149,26.148,173,,,0.626,9.147,O,,0,0,[HMR2016] N2442 53748
891,N2442,114.13064,-69.54273,5926,19.599,28.126,170,26.651,119,,,1.042,9.130,O,,0,0,[HMR2016] N2442 5926
892,N2442,114.03895,-69.53966,239982,19.602,27.714,117,26.390,111,,,0.878,9.012,O,,0,0,[HMR2016] N2442 239982
893,N2442,114.11797,-69.56507,59030,19.634,28.481,152,26.656,125,,,0.724,8.775,OH,,1,0,[HMR2016] N2442 59030
894,N2442,114.04516,-69.55621,259300,19.696,28.136,180,26.669,141,,,0.944,8.860,O,,0,0,[HMR2016] N2442 259300
895,N2442,114.08317,-69.54240,106567,19.720,28.003,173,26.533,208,,,0.906,9.220,OH,,1,0,[HMR2016] N2442 106567
896,N2442,114.08866,-69.54396,93401,19.759,27.757,179,25.950,208,,,0.512,9.204,O,,0,0,[HMR2016] N2442 93401
897,N2442,114.09656,-69.57608,145583,19.792,28.397,247,26.799,107,,,0.752,8.585,O,,0,0,[HMR2016] N2442 145583
898,N2442,114.03416,-69.56315,299524,19.850,28.309,312,26.501,176,,,1.002,8.710,OH,,1,0,[HMR2016] N2442 299524
899,N2442,114.11116,-69.55394,54994,19.862,28.180,169,26.607,108,,,0.848,9.001,O,,0,0,[HMR2016] N2442 54994
900,N2442,114.12175,-69.54966,28530,19.901,28.648,225,27.081,176,,,0.946,9.053,O,,0,0,[HMR2016] N2442 28530
901,N2442,114.07001,-69.54726,159584,20.013,28.009,145,26.211,128,,,0.742,9.096,O,,0,0,[HMR2016] N2442 159584
902,N2442,114.05198,-69.54863,220891,20.019,27.615,122,26.621,208,,,0.906,8.999,OH,,1,0,[HMR2016] N2442 220891
903,N2442,114.09200,-69.57548,158706,20.060,27.711,91,25.903,147,,,0.676,8.598,O,,0,0,[HMR2016] N2442 158706
904,N2442,114.08959,-69.55178,108661,20.077,27.042,110,25.656,94,,,0.628,9.056,OH,,1,0,[HMR2016] N2442 108661
905,N2442,114.04529,-69.55450,255145,20.098,27.852,180,26.470,165,,,0.858,8.886,OH,,1,0,[HMR2016] N2442 255145
906,N2442,114.10460,-69.54288,50722,20.297,27.473,92,26.046,139,,,0.800,9.224,OH,,1,0,[HMR2016] N2442 50722
907,N2442,114.07108,-69.57431,222961,20.326,27.927,221,26.296,114,,,0.800,8.609,O,,0,0,[HMR2016] N2442 222961
908,N2442,114.04919,-69.55709,249496,20.326,27.425,180,26.103,93,,,0.618,8.863,O,,0,0,[HMR2016] N2442 249496
909,N2442,114.08221,-69.56234,157616,20.327,28.111,194,26.813,154,,,0.936,8.848,OH,,1,0,[HMR2016] N2442 157616
910,N2442,114.10794,-69.53876,37924,20.336,27.812,247,26.382,105,,,1.352,9.294,O,,0,0,[HMR2016] N2442 37924
911,N2442,114.07959,-69.55955,159204,20.420,27.283,141,25.715,115,,,0.656,8.899,OH,,1,0,[HMR2016] N2442 159204
912,N2442,114.10711,-69.55300,62750,20.430,27.996,225,26.162,95,,,1.120,9.025,OH,,1,0,[HMR2016] N2442 62750
913,N2442,114.10450,-69.54441,53459,20.668,27.393,158,26.439,199,,,0.734,9.195,O,,0,0,[HMR2016] N2442 53459
914,N2442,114.04164,-69.55951,275801,20.695,27.558,113,26.474,169,,,1.130,8.796,O,,0,0,[HMR2016] N2442 275801
915,N2442,114.04624,-69.56658,277926,20.935,28.629,282,26.505,112,,,1.266,8.697,OH,,1,0,[HMR2016] N2442 277926
916,N2442,114.03677,-69.54617,261332,20.997,27.993,126,26.405,131,,,0.928,8.946,OH,,1,0,[HMR2016] N2442 261332
917,N2442,114.05009,-69.55877,250651,21.058,28.318,250,26.813,203,,,1.024,8.839,O,,0,0,[HMR2016] N2442 250651
918,N2442,114.06462,-69.56290,215636,21.073,27.947,198,26.251,141,,,0.774,8.810,OH,,1,0,[HMR2016] N2442 215636
919,N2442,114.09769,-69.55028,81577,21.305,27.987,195,26.397,130,,,0.988,9.087,OH,,1,0,[HMR2016] N2442 81577
920,N2442,114.10314,-69.54101,2046980,21.447,27.481,124,26.109,124,,,0.920,9.263,O,,0,0,[HMR2016] N2442 2046980
921,N2442,114.11402,-69.54682,38183,21.490,28.477,232,26.608,179,,,0.766,9.129,O,,0,0,[HMR2016] N2442 38183
922,N2442,114.04086,-69.55813,275077,21.494,27.578,195,26.165,145,,,0.774,8.814,OH,,1,0,[HMR2016] N2442 275077
923,N2442,114.05400,-69.55044,218830,21.825,27.849,144,26.129,109,,,0.756,8.983,O,,0,0,[HMR2016] N2442 218830
924,N2442,114.10716,-69.54075,42277,21.971,27.361,84,26.533,317,,,0.738,9.260,OH,,1,0,[HMR2016] N2442 42277
925,N2442,114.09340,-69.55376,101795,22.024,27.630,90,26.060,137,,,0.816,9.020,O,,0,0,[HMR2016] N2442 101795
926,N2442,114.08421,-69.54918,119156,22.039,27.440,145,26.334,103,,,1.098,9.100,OH,,1,0,[HMR2016] N2442 119156
927,N2442,114.04096,-69.54142,238039,22.050,27.132,115,26.080,120,,,0.796,9.013,O,,0,0,[HMR2016] N2442 238039
928,N2442,114.06445,-69.56939,231881,22.113,27.790,130,26.088,98,,,0.894,8.692,OH,,1,0,[HMR2016] N2442 231881
929,N2442,114.09025,-69.55427,112554,22.180,27.745,137,26.569,197,,,0.788,9.009,O,,0,0,[HMR2016] N2442 112554
930,N2442,114.06625,-69.54907,176255,22.259,27.166,109,26.338,213,,,0.894,9.053,OH,,1,0,[HMR2016] N2442 176255
931,N2442,114.09916,-69.54566,68273,22.350,27.132,118,26.153,105,,,0.672,9.176,O,,0,0,[HMR2016] N2442 68273
932,N2442,114.09121,-69.54739,93684,22.464,27.956,189,26.331,122,,,0.740,9.142,O,,0,0,[HMR2016] N2442 93684
933,N2442,114.08611,-69.53799,87580,22.468,27.948,222,26.045,94,,,0.846,9.303,O,,0,0,[HMR2016] N2442 87580
934,N2442,114.11088,-69.55012,49246,22.654,28.174,185,26.602,131,,,0.838,9.074,O,,0,0,[HMR2016] N2442 49246
935,N2442,114.04740,-69.55752,255741,22.700,28.249,159,26.721,159,,,0.750,8.849,OH,,1,0,[HMR2016] N2442 255741
936,N2442,114.11098,-69.55047,49602,22.852,28.159,261,26.428,112,,,1.190,9.067,OH,,1,0,[HMR2016] N2442 49602
937,N2442,114.07688,-69.54910,142055,22.908,26.896,100,25.641,138,,,0.996,9.086,O,,0,0,[HMR2016] N2442 142055
938,N2442,114.02298,-69.55832,312163,22.932,27.469,92,25.719,191,,,0.722,8.729,O,,0,0,[HMR2016] N2442 312163
939,N2442,114.04164,-69.55618,268969,22.943,27.093,106,25.949,113,,,0.702,8.846,O,,0,0,[HMR2016] N2442 268969
940,N2442,114.03047,-69.56322,306567,22.984,27.982,177,26.618,141,,,0.576,8.694,O,,0,0,[HMR2016] N2442 306567
941,N2442,114.05613,-69.53445,172668,23.035,27.636,86,25.845,126,,,0.948,9.154,O,,0,0,[HMR2016] N2442 172668
942,N2442,114.05186,-69.53444,186250,23.042,27.660,162,26.457,134,,,0.450,9.124,O,,0,0,[HMR2016] N2442 186250
943,N2442,114.08506,-69.55076,120400,23.082,27.023,85,25.989,115,,,0.762,9.071,O,,0,0,[HMR2016] N2442 120400
944,N2442,114.07534,-69.54924,147294,23.084,27.109,96,25.894,145,,,0.918,9.080,OH,,1,0,[HMR2016] N2442 147294
945,N2442,114.05420,-69.55437,227857,23.090,27.197,146,26.110,119,,,0.752,8.925,O,,0,0,[HMR2016] N2442 227857
946,N2442,114.08742,-69.53995,88058,23.102,27.604,211,25.888,82,,,0.800,9.274,OH,,1,0,[HMR2016] N2442 88058
947,N2442,114.08159,-69.54900,126999,23.127,27.790,264,26.118,123,,,0.664,9.098,OH,,1,0,[HMR2016] N2442 126999
948,N2442,114.09080,-69.56792,143903,23.176,27.131,71,25.618,66,,,0.890,8.745,O,,0,0,[HMR2016] N2442 143903
949,N2442,114.11084,-69.54186,36967,23.347,27.901,221,26.643,148,,,1.086,9.229,O,,0,0,[HMR2016] N2442 36967
950,N2442,114.06552,-69.54995,180801,23.350,28.055,237,26.345,148,,,0.978,9.037,OH,,1,0,[HMR2016] N2442 180801
951,N2442,114.10196,-69.53830,48813,23.503,28.765,299,26.854,188,,,0.998,9.317,O,,0,0,[HMR2016] N2442 48813
952,N2442,114.09542,-69.54500,76731,23.583,27.044,94,26.036,127,,,0.960,9.190,OH,,1,0,[HMR2016] N2442 76731
953,N2442,114.02779,-69.55955,306342,23.676,27.878,116,26.409,171,,,0.784,8.736,O,,0,0,[HMR2016] N2442 306342
954,N2442,114.07054,-69.57721,231689,23.777,28.049,146,26.370,108,,,1.176,8.554,O,,0,0,[HMR2016] N2442 231689
955,N2442,114.05092,-69.53874,199961,23.835,27.627,166,26.221,184,,,1.118,9.097,O,,0,0,[HMR2016] N2442 199961
956,N2442,114.05108,-69.55706,243786,23.902,27.679,182,26.262,105,,,0.942,8.870,O,,0,0,[HMR2016] N2442 243786
957,N2442,114.07171,-69.56572,199704,23.939,27.588,206,26.247,128,,,0.776,8.772,O,,0,0,[HMR2016] N2442 199704
958,N2442,114.10433,-69.54007,46861,24.040,27.492,135,26.340,161,,,0.894,9.279,O,,0,0,[HMR2016] N2442 46861
959,N2442,114.06606,-69.56309,211513,24.068,27.047,130,25.740,110,,,0.786,8.810,O,,0,0,[HMR2016] N2442 211513
960,N2442,114.10880,-69.54902,51861,24.113,27.677,141,26.396,117,,,1.218,9.099,O,,0,0,[HMR2016] N2442 51861
961,N2442,114.12703,-69.54138,9653,24.168,27.777,192,26.147,176,,,0.648,9.168,O,,0,0,[HMR2016] N2442 9653
962,N2442,114.04816,-69.53539,200459,24.234,26.953,84,25.795,109,,,0.748,9.095,O,,0,0,[HMR2016] N2442 200459
963,N2442,114.12198,-69.54302,19520,24.287,27.682,149,26.248,101,,,1.024,9.167,O,,0,0,[HMR2016] N2442 19520
964,N2442,114.03860,-69.55622,277157,24.292,28.112,247,26.428,204,,,0.698,8.832,O,,0,0,[HMR2016] N2442 277157
965,N2442,114.10081,-69.54974,72081,24.359,27.542,205,25.643,105,,,0.856,9.096,OH,,1,0,[HMR2016] N2442 72081
966,N2442,114.03805,-69.53841,239882,24.414,26.875,97,25.389,65,,,0.552,9.013,O,,0,0,[HMR2016] N2442 239882
967,N2442,114.09975,-69.54306,62039,24.425,27.390,154,26.068,150,,,0.768,9.227,OH,,1,0,[HMR2016] N2442 62039
968,N2442,114.10902,-69.55077,54276,24.448,28.635,223,26.584,197,,,0.996,9.065,OH,,1,0,[HMR2016] N2442 54276
969,N2442,114.09762,-69.54697,74866,24.582,28.319,228,26.361,157,,,0.720,9.151,O,,0,0,[HMR2016] N2442 74866
970,N2442,114.03580,-69.56341,296759,24.604,27.575,136,26.064,133,,,0.838,8.713,O,,0,0,[HMR2016] N2442 296759
971,N2442,114.09152,-69.55974,121740,24.645,28.509,226,26.567,127,,,0.968,8.903,OH,,1,0,[HMR2016] N2442 121740
972,N2442,114.04185,-69.55785,271814,24.759,26.934,103,25.532,85,,,0.454,8.822,O,,0,0,[HMR2016] N2442 271814
973,N2442,114.05910,-69.55479,213354,24.830,27.368,124,25.873,118,,,0.890,8.936,O,,0,0,[HMR2016] N2442 213354
974,N2442,114.12137,-69.53881,15275,24.841,27.516,142,26.078,150,,,0.900,9.235,O,,0,0,[HMR2016] N2442 15275
975,N2442,114.03548,-69.55933,290612,25.015,27.495,208,25.622,98,,,0.704,8.773,OH,,1,0,[HMR2016] N2442 290612
976,N2442,114.06961,-69.56197,197193,25.107,27.748,178,26.233,112,,,0.822,8.838,OH,,1,0,[HMR2016] N2442 197193
977,N2442,114.05352,-69.56383,252005,25.126,27.746,148,25.887,98,,,0.872,8.766,O,,0,0,[HMR2016] N2442 252005
978,N2442,114.03998,-69.55643,273885,25.148,27.605,136,26.012,129,,,0.784,8.835,O,,0,0,[HMR2016] N2442 273885
979,N2442,114.07268,-69.56152,186319,25.177,27.560,100,26.117,151,,,1.120,8.851,OH,,1,0,[HMR2016] N2442 186319
980,N2442,114.07469,-69.56083,178192,25.224,27.480,106,25.914,126,,,1.032,8.868,O,,0,0,[HMR2016] N2442 178192
981,N2442,114.12197,-69.54318,19709,25.273,27.572,71,25.811,114,,,0.894,9.164,O,,0,0,[HMR2016] N2442 19709
982,N2442,114.01905,-69.55591,314731,25.291,26.907,136,25.479,113,,,0.536,8.739,O,,0,0,[HMR2016] N2442 314731
983,N2442,114.06790,-69.55290,180394,25.449,27.790,201,25.971,116,,,1.112,8.995,OH,,1,0,[HMR2016] N2442 180394
984,N2442,114.09672,-69.55401,92466,25.531,28.310,155,26.676,209,,,0.884,9.015,OH,,1,0,[HMR2016] N2442 92466
985,N2442,114.08218,-69.54306,110569,25.573,27.863,166,26.145,110,,,0.776,9.206,OH,,1,0,[HMR2016] N2442 110569
986,N2442,114.03893,-69.54322,248384,25.620,27.901,150,25.923,104,,,1.024,8.986,OH,,1,0,[HMR2016] N2442 248384
987,N2442,114.08693,-69.54280,95923,25.656,27.767,103,26.195,155,,,0.994,9.222,O,,0,0,[HMR2016] N2442 95923
988,N2442,114.08608,-69.54817,110916,25.721,27.137,122,26.130,134,,,0.906,9.121,OH,,1,0,[HMR2016] N2442 110916
989,N2442,114.06692,-69.55886,198214,25.731,27.434,154,26.249,141,,,1.114,8.888,OH,,1,0,[HMR2016] N2442 198214
990,N2442,114.04775,-69.55812,256001,25.769,27.120,148,25.869,77,,,0.846,8.841,O,,0,0,[HMR2016] N2442 256001
991,N2442,114.06048,-69.53386,156985,25.882,27.640,182,26.348,112,,,0.746,9.186,O,,0,0,[HMR2016] N2442 156985
992,N2442,114.07146,-69.55945,185102,25.914,27.669,193,26.540,186,,,1.086,8.887,OH,,1,0,[HMR2016] N2442 185102
993,N2442,114.07255,-69.53753,127683,25.998,27.064,78,25.905,93,,,0.886,9.242,O,,0,0,[HMR2016] N2442 127683
994,N2442,114.06964,-69.55374,176902,26.096,27.117,173,25.567,84,,,0.578,8.986,O,,0,0,[HMR2016] N2442 176902
995,N2442,114.03027,-69.54144,269188,26.249,27.793,180,26.531,105,,,1.056,8.944,OH,,1,0,[HMR2016] N2442 269188
996,N2442,114.02439,-69.54274,286845,26.357,27.352,92,25.882,102,,,0.958,8.897,OH,,1,0,[HMR2016] N2442 286845
997,N2442,114.09193,-69.55097,99753,26.381,27.296,132,26.193,99,,,0.708,9.073,O,,0,0,[HMR2016] N2442 99753
998,N2442,114.03965,-69.56184,285341,26.421,27.522,102,26.380,109,,,0.988,8.752,OH,,1,0,[HMR2016] N2442 285341
999,N2442,114.11086,-69.56765,82217,26.432,27.785,203,26.335,101,,,1.268,8.737,OH,,1,0,[HMR2016] N2442 82217
1000,N2442,114.04437,-69.54013,224297,26.435,27.248,142,25.961,109,,,1.068,9.045,O,,0,0,[HMR2016] N2442 224297
1001,N2442,114.09756,-69.53647,55239,26.500,27.435,113,26.069,260,,,1.078,9.356,O,,0,0,[HMR2016] N2442 55239
1002,N2442,114.06755,-69.57050,224889,26.666,27.747,132,25.848,113,,,0.948,8.676,OH,,1,0,[HMR2016] N2442 224889
1003,N2442,114.05626,-69.53390,170892,26.799,27.436,184,26.039,103,,,0.738,9.156,O,,0,0,[HMR2016] N2442 170892
1004,N2442,114.04285,-69.56387,281182,26.808,27.956,240,26.412,134,,,0.878,8.731,O,,0,0,[HMR2016] N2442 281182
1005,N2442,114.05202,-69.53983,199104,26.879,26.889,110,25.298,76,,,0.610,9.096,O,,0,0,[HMR2016] N2442 199104
1006,N2442,114.09604,-69.54977,85144,26.885,26.990,191,25.557,88,,,0.620,9.097,O,,0,0,[HMR2016] N2442 85144
1007,N2442,114.10200,-69.54377,57895,26.888,28.437,142,26.382,119,,,0.818,9.211,O,,0,0,[HMR2016] N2442 57895
1008,N2442,114.05336,-69.55984,243303,26.936,27.475,172,26.104,125,,,0.808,8.833,O,,0,0,[HMR2016] N2442 243303
1009,N2442,114.04804,-69.56004,259510,26.947,28.211,188,26.512,169,,,1.028,8.812,O,,0,0,[HMR2016] N2442 259510
1010,N2442,114.10824,-69.54242,42636,27.002,27.780,87,26.211,86,,,1.188,9.226,O,,0,0,[HMR2016] N2442 42636
1011,N2442,114.03762,-69.53848,241383,27.013,27.485,132,25.727,121,,,0.580,9.010,O,,0,0,[HMR2016] N2442 241383
1012,N2442,114.06213,-69.55905,2194522,27.064,28.148,219,26.552,102,,,0.610,8.873,OH,,1,0,[HMR2016] N2442 2194522
1013,N2442,114.10765,-69.54856,53530,27.080,27.538,101,26.337,158,,,0.958,9.110,O,,0,0,[HMR2016] N2442 53530
1014,N2442,114.08949,-69.55267,111148,27.099,27.517,104,25.837,115,,,0.918,9.039,O,,0,0,[HMR2016] N2442 111148
1015,N2442,114.07654,-69.56349,178803,27.128,27.885,112,26.018,106,,,1.118,8.820,OH,,1,0,[HMR2016] N2442 178803
1016,N2442,114.03566,-69.53685,243436,27.221,27.290,80,25.837,88,,,0.948,9.003,O,,0,0,[HMR2016] N2442 243436
1017,N2442,114.09068,-69.54290,85294,27.243,27.793,184,25.756,205,,,0.978,9.227,O,,0,0,[HMR2016] N2442 85294
1018,N2442,114.10669,-69.54890,56334,27.276,27.211,187,25.796,61,,,0.948,9.105,OH,,1,0,[HMR2016] N2442 56334
1019,N2442,114.08037,-69.57533,195671,27.387,28.000,179,26.132,105,,,0.750,8.598,O,,0,0,[HMR2016] N2442 195671
1020,N2442,114.10951,-69.54798,48646,27.408,27.662,155,26.115,100,,,0.620,9.118,O,,0,0,[HMR2016] N2442 48646
1021,N2442,114.09893,-69.55137,80528,27.514,27.445,81,26.160,124,,,1.248,9.065,OH,,1,0,[HMR2016] N2442 80528
1022,N2442,114.06192,-69.55870,213896,27.603,27.792,119,26.253,210,,,0.728,8.878,O,,0,0,[HMR2016] N2442 213896
1023,N2442,114.10731,-69.54163,43284,27.639,27.867,139,26.214,95,,,1.018,9.243,OH,,1,0,[HMR2016] N2442 43284
1024,N2442,114.05512,-69.55805,233786,27.645,27.895,105,26.408,135,,,0.858,8.869,O,,0,0,[HMR2016] N2442 233786
1025,N2442,114.07172,-69.54293,143447,27.673,27.560,90,26.328,114,,,0.658,9.170,OH,,1,0,[HMR2016] N2442 143447
1026,N2442,114.12341,-69.54374,18084,27.734,27.988,188,26.212,100,,,1.018,9.149,O,,0,0,[HMR2016] N2442 18084
1027,N2442,114.09257,-69.55242,101202,27.781,27.042,86,26.042,140,,,1.018,9.045,H,,1,0,[HMR2016] N2442 101202
1028,N2442,114.12301,-69.54058,14845,27.785,27.095,134,25.599,91,,,0.958,9.200,O,,0,0,[HMR2016] N2442 14845
1029,N2442,114.10119,-69.55094,73583,27.835,28.393,226,26.283,133,,,1.148,9.072,O,,0,0,[HMR2016] N2442 73583
1030,N2442,114.08487,-69.57269,174763,28.260,27.225,94,25.798,139,,,0.828,8.651,O,,0,0,[HMR2016] N2442 174763
1031,N2442,114.09338,-69.54352,79176,28.443,27.398,93,25.881,111,,,1.186,9.218,O,,0,0,[HMR2016] N2442 79176
1032,N2442,114.06394,-69.57262,241073,28.603,27.347,82,26.203,117,,,0.946,8.631,O,,0,0,[HMR2016] N2442 241073
1033,N2442,114.02950,-69.54766,283472,28.635,27.544,94,26.467,272,,,0.916,8.888,OH,,1,0,[HMR2016] N2442 283472
1034,N2442,114.07937,-69.54845,132595,28.644,27.452,124,25.951,134,,,0.776,9.104,OH,,1,0,[HMR2016] N2442 132595
1035,N2442,114.03812,-69.55564,277239,28.699,27.888,131,25.997,150,,,0.876,8.838,O,,0,0,[HMR2016] N2442 277239
1036,N2442,114.09389,-69.57180,143509,28.820,27.610,102,26.057,97,,,0.866,8.669,O,,0,0,[HMR2016] N2442 143509
1037,N2442,114.08670,-69.54931,111729,29.050,27.760,187,26.597,167,,,0.776,9.101,O,,0,0,[HMR2016] N2442 111729
1038,N2442,114.11043,-69.53715,31315,29.069,26.948,105,26.039,136,,,0.904,9.313,O,,0,0,[HMR2016] N2442 31315
1039,N2442,114.12533,-69.54050,11214,29.081,27.940,171,26.394,90,,,1.034,9.190,O,,0,0,[HMR2016] N2442 11214
1040,N2442,114.04597,-69.56989,284952,29.170,27.519,153,25.861,134,,,1.074,8.640,OH,,1,0,[HMR2016] N2442 284952
1041,N2442,114.11535,-69.54277,30366,29.219,27.061,82,25.496,94,,,0.746,9.198,O,,0,0,[HMR2016] N2442 30366
1042,N2442,114.04939,-69.53798,202988,29.229,27.746,228,26.079,96,,,1.232,9.092,O,,0,0,[HMR2016] N2442 202988
1043,N2442,114.06912,-69.53364,129014,29.260,27.344,166,26.249,145,,,0.904,9.247,O,,0,0,[HMR2016] N2442 129014
1044,N2442,114.08880,-69.55004,106997,29.276,27.646,241,25.826,124,,,0.944,9.089,O,,0,0,[HMR2016] N2442 106997
1045,N2442,114.02435,-69.56130,313352,29.303,27.579,141,26.084,130,,,1.012,8.695,O,,0,0,[HMR2016] N2442 313352
1046,N2442,114.03053,-69.56493,308608,29.447,27.220,146,25.752,169,,,0.794,8.669,OH,,1,0,[HMR2016] N2442 308608
1047,N2442,114.03926,-69.54456,250399,29.470,26.767,115,25.676,66,,,0.734,8.976,OH,,1,0,[HMR2016] N2442 250399
1048,N2442,114.11309,-69.54353,35271,29.511,27.926,137,26.145,107,,,0.872,9.192,O,,0,0,[HMR2016] N2442 35271
1049,N2442,114.08316,-69.55073,126189,29.576,27.747,146,26.316,210,,,1.012,9.069,O,,0,0,[HMR2016] N2442 126189
1050,N2442,114.10731,-69.54766,52752,29.710,26.715,197,25.651,148,,,0.902,9.128,O,,0,0,[HMR2016] N2442 52752
1051,N2442,114.06017,-69.55383,207493,29.731,26.986,195,25.992,208,,,0.872,8.955,O,,0,0,[HMR2016] N2442 207493
1052,N2442,114.08349,-69.54673,115577,29.747,27.696,137,25.975,140,,,0.564,9.144,OH,,1,0,[HMR2016] N2442 115577
1053,N2442,114.07343,-69.54477,142431,29.796,27.140,111,25.871,94,,,0.980,9.148,O,,0,0,[HMR2016] N2442 142431
1054,N2442,114.05666,-69.54391,194211,29.806,28.166,169,26.046,121,,,1.030,9.083,OH,,1,0,[HMR2016] N2442 194211
1055,N2442,114.08893,-69.54337,91353,29.828,27.782,169,25.907,95,,,1.080,9.215,OH,,1,0,[HMR2016] N2442 91353
1056,N2442,114.04340,-69.55632,264603,29.850,27.976,223,26.223,162,,,1.020,8.851,OH,,1,0,[HMR2016] N2442 264603
1057,N2442,114.08295,-69.54383,110273,29.950,27.492,241,25.724,122,,,0.830,9.194,OH,,1,0,[HMR2016] N2442 110273
1058,N2442,114.12412,-69.54056,13080,29.965,27.954,197,26.147,98,,,1.168,9.195,O,,0,0,[HMR2016] N2442 13080
1059,N2442,114.12924,-69.56603,37422,29.974,27.786,96,26.156,95,,,0.930,8.731,O,,0,0,[HMR2016] N2442 37422
1060,N2442,114.03617,-69.56076,291564,29.988,27.671,120,25.989,84,,,0.742,8.755,OH,,1,0,[HMR2016] N2442 291564
1061,N2442,114.05416,-69.57462,273377,30.101,27.754,128,26.102,82,,,1.088,8.576,O,,0,0,[HMR2016] N2442 273377
1062,N2442,114.04926,-69.55682,248715,30.293,26.848,147,25.487,84,,,0.632,8.867,O,,0,0,[HMR2016] N2442 248715
1063,N2442,114.09563,-69.54525,76733,30.344,26.962,87,25.419,91,,,0.750,9.185,OH,,1,0,[HMR2016] N2442 76733
1064,N2442,114.11542,-69.57332,81718,30.451,28.143,180,26.040,86,,,0.768,8.621,O,,0,0,[HMR2016] N2442 81718
1065,N2442,114.04744,-69.54023,214859,30.459,27.331,111,26.253,183,,,1.212,9.064,O,,0,0,[HMR2016] N2442 214859
1066,N2442,114.07236,-69.53611,124792,30.463,26.993,145,25.598,78,,,0.660,9.254,O,,0,0,[HMR2016] N2442 124792
1067,N2442,114.08930,-69.54984,105042,30.515,26.887,145,25.993,164,,,0.630,9.093,O,,0,0,[HMR2016] N2442 105042
1068,N2442,114.07675,-69.54874,141631,30.593,27.038,159,26.129,100,,,1.330,9.092,OH,,1,0,[HMR2016] N2442 141631
1069,N2442,114.07249,-69.53834,129752,30.744,26.294,93,25.289,91,,,0.708,9.233,O,,0,0,[HMR2016] N2442 129752
1070,N2442,114.04213,-69.54844,250718,30.835,28.018,149,26.302,119,,,0.844,8.951,OH,,1,0,[HMR2016] N2442 250718
1071,N2442,114.11625,-69.54109,26616,30.861,27.506,142,26.316,117,,,0.610,9.223,O,,0,0,[HMR2016] N2442 26616
1072,N2442,114.06652,-69.55924,200409,30.968,26.906,126,25.375,145,,,0.696,8.880,OH,,1,0,[HMR2016] N2442 200409
1073,N2442,114.04699,-69.53817,211209,30.987,27.169,94,25.877,77,,,1.108,9.075,O,,0,0,[HMR2016] N2442 211209
1074,N2442,114.04116,-69.54206,238903,31.173,27.820,181,26.263,154,,,0.912,9.010,O,,0,0,[HMR2016] N2442 238903
1075,N2442,114.07109,-69.55822,183337,31.341,27.923,197,26.510,170,,,1.164,8.909,O,,0,0,[HMR2016] N2442 183337
1076,N2442,114.00976,-69.54891,318509,31.463,28.051,160,26.155,101,,,1.064,8.757,O,,0,0,[HMR2016] N2442 318509
1077,N2442,114.10329,-69.54031,49287,31.577,27.390,124,25.590,92,,,0.918,9.276,O,,0,0,[HMR2016] N2442 49287
1078,N2442,114.10558,-69.54524,52444,31.622,27.007,139,25.816,97,,,0.654,9.177,O,,0,0,[HMR2016] N2442 52444
1079,N2442,114.05356,-69.53751,188434,31.689,28.074,145,25.953,120,,,0.906,9.122,O,,0,0,[HMR2016] N2442 188434
1080,N2442,114.11029,-69.54496,42523,32.312,28.205,179,26.369,124,,,0.940,9.173,O,,0,0,[HMR2016] N2442 42523
1081,N2442,114.09102,-69.57102,150782,32.587,28.118,184,26.279,121,,,0.802,8.684,O,,0,0,[HMR2016] N2442 150782
1082,N2442,114.05848,-69.57226,256533,32.752,28.080,252,26.064,108,,,1.050,8.628,O,,0,0,[HMR2016] N2442 256533
1083,N2442,114.09867,-69.55185,82195,32.952,27.390,191,25.523,79,,,0.952,9.056,O,,0,0,[HMR2016] N2442 82195
1084,N2442,114.08397,-69.55159,125775,33.091,27.584,175,25.693,127,,,1.016,9.054,O,,0,0,[HMR2016] N2442 125775
1085,N2442,114.08001,-69.54840,130494,33.164,27.780,288,25.706,52,,,0.940,9.106,OH,,1,0,[HMR2016] N2442 130494
1086,N2442,114.08984,-69.55331,111533,33.172,27.311,109,25.713,105,,,0.728,9.027,O,,0,0,[HMR2016] N2442 111533
1087,N2442,114.10764,-69.54237,43796,33.380,27.486,123,25.873,75,,,0.908,9.228,O,,0,0,[HMR2016] N2442 43796
1088,N2442,114.10923,-69.56961,91119,33.421,27.767,201,25.842,112,,,0.784,8.701,OH,,1,0,[HMR2016] N2442 91119
1089,N2442,114.09524,-69.57659,150996,33.666,27.544,125,26.000,70,,,0.972,8.575,O,,0,0,[HMR2016] N2442 150996
1090,N2442,114.08233,-69.55006,127193,33.670,26.677,114,25.229,74,,,0.600,9.080,OH,,1,0,[HMR2016] N2442 127193
1091,N2442,114.09101,-69.54399,86781,33.768,27.569,181,26.113,86,,,0.988,9.206,O,,0,0,[HMR2016] N2442 86781
1092,N2442,114.05298,-69.56381,253530,33.771,27.664,101,25.946,109,,,1.142,8.765,O,,0,0,[HMR2016] N2442 253530
1093,N2442,114.12528,-69.54306,14309,33.851,27.391,114,25.647,73,,,1.064,9.151,O,,0,0,[HMR2016] N2442 14309
1094,N2442,114.11842,-69.54160,23646,33.855,27.436,94,26.154,116,,,0.770,9.206,O,,0,0,[HMR2016] N2442 23646
1095,N2442,114.09312,-69.55288,100642,33.959,27.630,163,25.654,102,,,0.740,9.037,O,,0,0,[HMR2016] N2442 100642
1096,N2442,114.12575,-69.54236,12730,33.979,27.219,75,25.712,76,,,0.872,9.160,O,,0,0,[HMR2016] N2442 12730
1097,N2442,114.11349,-69.54428,35569,33.984,27.505,141,25.607,121,,,0.824,9.177,O,,0,0,[HMR2016] N2442 35569
1098,N2442,114.05259,-69.56362,254282,34.057,28.080,274,25.978,91,,,0.738,8.767,O,,0,0,[HMR2016] N2442 254282
1099,N2442,114.05109,-69.56275,256686,34.062,27.191,179,25.331,95,,,0.692,8.777,OH,,1,0,[HMR2016] N2442 256686
1100,N2442,114.07746,-69.55900,164694,34.167,27.352,127,25.755,100,,,0.852,8.906,O,,0,0,[HMR2016] N2442 164694
1101,N2442,114.04891,-69.56222,261836,34.197,28.338,196,26.414,152,,,1.182,8.779,OH,,1,0,[HMR2016] N2442 261836
1102,N2442,114.04897,-69.55934,255251,34.377,27.605,135,26.137,134,,,0.868,8.826,OH,,1,0,[HMR2016] N2442 255251
1103,N2442,114.07848,-69.54970,138447,34.391,27.066,108,25.417,90,,,0.962,9.079,OH,,1,0,[HMR2016] N2442 138447
1104,N2442,114.08111,-69.54878,127903,34.443,27.287,118,25.969,148,,,0.536,9.101,OH,,1,0,[HMR2016] N2442 127903
1105,N2442,114.12163,-69.56718,54422,34.503,26.968,97,25.818,54,,,0.942,8.727,O,,0,0,[HMR2016] N2442 54422
1106,N2442,114.12031,-69.56766,58232,34.564,27.206,106,25.625,42,,,1.110,8.721,OH,,1,0,[HMR2016] N2442 58232
1107,N2442,114.07863,-69.55428,149183,34.659,27.248,122,25.836,97,,,0.902,8.996,O,,0,0,[HMR2016] N2442 149183
1108,N2442,114.07895,-69.57819,207452,34.676,27.976,169,26.009,62,,,0.864,8.542,O,,0,0,[HMR2016] N2442 207452
1109,N2442,114.08901,-69.55204,111147,34.749,26.685,130,25.585,80,,,0.684,9.051,O,,0,0,[HMR2016] N2442 111147
1110,N2442,114.03928,-69.54508,251567,35.063,27.679,207,25.910,155,,,0.990,8.971,O,,0,0,[HMR2016] N2442 251567
1111,N2442,114.12507,-69.54176,13036,35.153,27.023,58,25.441,75,,,0.624,9.172,O,,0,0,[HMR2016] N2442 13036
1112,N2442,114.10247,-69.54530,59168,35.187,27.747,141,25.841,105,,,0.886,9.181,OH,,1,0,[HMR2016] N2442 59168
1113,N2442,114.02078,-69.55983,316232,35.268,26.476,90,25.356,71,,,0.354,8.699,O,,0,0,[HMR2016] N2442 316232
1114,N2442,114.05509,-69.53762,183804,35.273,27.740,206,25.957,102,,,0.660,9.132,O,,0,0,[HMR2016] N2442 183804
1115,N2442,114.06073,-69.53733,164859,35.279,27.037,213,25.694,100,,,0.734,9.170,O,,0,0,[HMR2016] N2442 164859
1116,N2442,114.03551,-69.56309,296832,35.338,27.022,95,25.286,60,,,0.614,8.717,OH,,1,0,[HMR2016] N2442 296832
1117,N2442,114.07995,-69.55001,134590,35.414,27.056,130,25.696,89,,,1.058,9.077,O,,0,0,[HMR2016] N2442 134590
1118,N2442,114.04210,-69.56394,283204,35.557,27.436,152,25.608,92,,,0.630,8.728,OH,,1,0,[HMR2016] N2442 283204
1119,N2442,114.12734,-69.53993,7456,35.647,27.684,140,25.778,84,,,1.046,9.187,O,,0,0,[HMR2016] N2442 7456
1120,N2442,114.11750,-69.54021,23427,35.691,27.339,99,25.842,96,,,1.118,9.232,O,,0,0,[HMR2016] N2442 23427
1121,N2442,114.06931,-69.57432,228629,35.878,27.789,127,26.034,118,,,1.032,8.607,O,,0,0,[HMR2016] N2442 228629
1122,N2442,114.05958,-69.57526,260016,35.976,28.038,158,26.267,93,,,0.938,8.575,OH,,1,0,[HMR2016] N2442 260016
1123,N2442,114.05049,-69.54290,211672,36.177,27.210,156,25.555,78,,,0.752,9.059,OH,,1,0,[HMR2016] N2442 211672
1124,N2442,114.12289,-69.54402,19307,36.318,27.109,78,25.349,57,,,0.952,9.147,O,,0,0,[HMR2016] N2442 19307
1125,N2442,114.11565,-69.54470,32374,36.488,27.781,148,26.080,100,,,1.050,9.162,O,,0,0,[HMR2016] N2442 32374
1126,N2442,114.02699,-69.55738,304831,36.531,27.317,80,25.949,141,,,0.958,8.761,OH,,1,0,[HMR2016] N2442 304831
1127,N2442,114.10127,-69.54445,60928,36.662,26.968,113,25.511,121,,,0.928,9.198,OH,,1,0,[HMR2016] N2442 60928
1128,N2442,114.01928,-69.55149,310000,36.668,27.732,191,25.779,72,,,0.836,8.790,O,,0,0,[HMR2016] N2442 310000
1129,N2442,114.11063,-69.54203,37632,36.676,27.336,75,25.715,89,,,1.046,9.226,O,,0,0,[HMR2016] N2442 37632
1130,N2442,114.07439,-69.56449,188095,36.741,27.676,171,25.795,80,,,0.944,8.799,OH,,1,0,[HMR2016] N2442 188095
1131,N2442,114.09907,-69.55252,82565,36.765,26.835,151,25.418,138,,,0.754,9.043,OH,,1,0,[HMR2016] N2442 82565
1132,N2442,114.10755,-69.53960,39858,36.842,28.132,167,25.999,122,,,1.278,9.280,O,,0,0,[HMR2016] N2442 39858
1133,N2442,114.10327,-69.53992,48756,36.878,26.993,78,25.593,71,,,0.752,9.284,O,,0,0,[HMR2016] N2442 48756
1134,N2442,114.10451,-69.54172,49027,37.131,27.410,141,25.632,79,,,0.840,9.247,OH,,1,0,[HMR2016] N2442 49027
1135,N2442,114.02439,-69.55635,307935,37.327,27.244,128,25.655,74,,,0.710,8.762,OH,,1,0,[HMR2016] N2442 307935
1136,N2442,114.08979,-69.55231,109277,37.373,26.683,154,25.107,74,,,0.718,9.046,OH,,1,0,[HMR2016] N2442 109277
1137,N2442,114.10398,-69.54027,47838,37.498,27.376,110,25.535,80,,,0.924,9.276,O,,0,0,[HMR2016] N2442 47838
1138,N2442,114.12636,-69.54413,13896,37.542,27.596,132,25.820,78,,,0.922,9.130,O,,0,0,[HMR2016] N2442 13896
1139,N2442,114.11107,-69.53660,29568,37.640,27.120,188,25.575,80,,,0.832,9.319,O,,0,0,[HMR2016] N2442 29568
1140,N2442,114.08604,-69.54751,109458,37.703,27.287,105,25.654,94,,,0.634,9.134,O,,0,0,[HMR2016] N2442 109458
1141,N2442,114.09706,-69.55350,90441,38.022,27.374,175,25.627,110,,,0.648,9.024,OH,,1,0,[HMR2016] N2442 90441
1142,N2442,114.09473,-69.55254,94954,38.026,26.813,97,25.243,100,,,0.674,9.043,OH,,1,0,[HMR2016] N2442 94954
1143,N2442,114.02872,-69.54838,286770,38.034,27.370,126,25.791,90,,,0.826,8.877,OH,,1,0,[HMR2016] N2442 286770
1144,N2442,114.07287,-69.55529,170325,38.258,28.010,127,26.134,137,,,0.832,8.966,O,,0,0,[HMR2016] N2442 170325
1145,N2442,114.10760,-69.54808,52825,38.310,27.318,101,25.633,57,,,0.998,9.119,OH,,1,0,[HMR2016] N2442 52825
1146,N2442,114.02327,-69.55645,309722,38.333,27.141,140,25.464,58,,,0.822,8.755,OH,,1,0,[HMR2016] N2442 309722
1147,N2442,114.07917,-69.54803,132221,38.384,27.225,112,25.690,112,,,0.600,9.111,O,,0,0,[HMR2016] N2442 132221
1148,N2442,114.04165,-69.55812,272908,38.425,27.845,219,25.886,103,,,1.014,8.817,O,,0,0,[HMR2016] N2442 272908
1149,N2442,114.07972,-69.54945,133957,39.786,27.186,170,25.612,133,,,0.842,9.086,OH,,1,0,[HMR2016] N2442 133957
1150,N2442,114.05612,-69.54445,197363,40.136,28.396,233,26.397,108,,,0.554,9.073,O,,0,0,[HMR2016] N2442 197363
1151,N2442,114.03302,-69.54868,276604,40.492,27.695,162,26.007,105,,,1.152,8.898,OH,,1,0,[HMR2016] N2442 276604
1152,N2442,114.08164,-69.55206,134174,40.707,26.839,97,25.265,93,,,0.784,9.042,OH,,1,0,[HMR2016] N2442 134174
1153,N2442,114.11395,-69.54758,39398,40.742,27.147,96,25.823,86,,,0.978,9.115,OH,,1,0,[HMR2016] N2442 39398
1154,N2442,114.05406,-69.57122,266788,40.968,27.877,180,25.701,79,,,0.856,8.637,OH,,1,0,[HMR2016] N2442 266788
1155,N2442,114.05182,-69.54197,204993,41.255,27.362,159,25.458,90,,,0.802,9.076,O,,0,0,[HMR2016] N2442 204993
1156,N2442,114.07132,-69.54796,157022,41.663,27.359,115,25.312,60,,,0.854,9.089,OH,,1,0,[HMR2016] N2442 157022
1157,N2442,114.03306,-69.55569,289797,41.717,27.858,172,25.851,82,,,0.802,8.813,OH,,1,0,[HMR2016] N2442 289797
1158,N2442,114.11187,-69.53709,28839,41.726,27.411,156,25.853,75,,,0.844,9.308,O,,0,0,[HMR2016] N2442 28839
1159,N2442,114.08670,-69.55158,117184,42.108,26.993,139,25.700,147,,,0.902,9.058,OH,,1,0,[HMR2016] N2442 117184
1160,N2442,114.10952,-69.53656,32135,42.500,26.896,110,25.488,66,,,0.856,9.327,O,,0,0,[HMR2016] N2442 32135
1161,N2442,114.01554,-69.55544,317950,42.532,27.947,186,25.990,115,,,0.610,8.726,O,,0,0,[HMR2016] N2442 317950
1162,N2442,114.08110,-69.57646,196200,42.620,27.464,91,25.937,108,,,0.634,8.576,O,,0,0,[HMR2016] N2442 196200
1163,N2442,114.07046,-69.55652,181131,42.780,26.487,160,25.318,91,,,0.608,8.938,O,,0,0,[HMR2016] N2442 181131
1164,N2442,114.02764,-69.55718,303308,43.070,27.722,105,25.565,80,,,0.620,8.767,O,,0,0,[HMR2016] N2442 303308
1165,N2442,114.08102,-69.54915,129162,43.280,27.217,120,25.605,112,,,0.738,9.094,O,,0,0,[HMR2016] N2442 129162
1166,N2442,114.08110,-69.53942,105613,43.294,28.056,221,26.065,144,,,0.714,9.261,OH,,1,0,[HMR2016] N2442 105613
1167,N2442,114.03724,-69.54457,256360,43.401,26.746,99,25.258,58,,,0.688,8.964,O,,0,0,[HMR2016] N2442 256360
1168,N2442,114.04301,-69.53731,221858,43.450,27.198,108,25.412,46,,,0.680,9.052,O,,0,0,[HMR2016] N2442 221858
1169,N2442,114.02425,-69.55975,311923,43.476,27.185,96,25.469,60,,,0.894,8.716,O,,0,0,[HMR2016] N2442 311923
1170,N2442,114.02915,-69.55061,289866,44.065,27.779,122,26.013,117,,,0.822,8.856,OH,,1,0,[HMR2016] N2442 289866
1171,N2442,114.00962,-69.55221,319287,44.190,26.905,63,25.334,43,,,0.568,8.726,O,,0,0,[HMR2016] N2442 319287
1172,N2442,114.04937,-69.53766,202270,44.525,26.796,76,25.208,57,,,0.706,9.093,O,,0,0,[HMR2016] N2442 202270
1173,N2442,114.12781,-69.56105,33181,44.877,26.819,46,25.279,49,,,0.358,8.828,O,,0,0,[HMR2016] N2442 33181
1174,N2442,114.03488,-69.56327,298319,44.951,27.364,174,25.282,70,,,0.692,8.711,OH,,1,0,[HMR2016] N2442 298319
1175,N2442,114.04649,-69.54239,223093,45.032,26.493,139,25.053,113,,,0.504,9.040,O,,0,0,[HMR2016] N2442 223093
1176,N2442,114.06575,-69.55895,202104,45.543,27.337,136,25.397,93,,,0.794,8.884,OH,,1,0,[HMR2016] N2442 202104
1177,N2442,114.02932,-69.55441,295777,45.552,27.457,199,25.465,92,,,0.732,8.811,O,,0,0,[HMR2016] N2442 295777
1178,N2442,114.10686,-69.54732,53198,45.569,27.115,107,25.478,79,,,0.816,9.135,O,,0,0,[HMR2016] N2442 53198
1179,N2442,114.11253,-69.54474,37998,45.606,27.221,120,25.611,130,,,0.792,9.171,O,,0,0,[HMR2016] N2442 37998
1180,N2442,114.08649,-69.57228,168518,46.469,27.035,109,25.385,67,,,0.954,8.659,OH,,1,0,[HMR2016] N2442 168518
1181,N2442,114.09128,-69.57296,154766,46.630,28.022,196,25.924,125,,,0.590,8.647,OH,,1,0,[HMR2016] N2442 154766
1182,N2442,114.06993,-69.54408,151880,46.661,27.767,176,26.140,140,,,0.664,9.145,O,,0,0,[HMR2016] N2442 151880
1183,N2442,114.06058,-69.56396,230922,46.895,27.069,118,25.512,91,,,0.684,8.782,OH,,1,0,[HMR2016] N2442 230922
1184,N2442,114.10652,-69.54637,52322,46.918,27.257,108,25.749,91,,,0.804,9.154,O,,0,0,[HMR2016] N2442 52322
1185,N2442,114.10001,-69.55191,78732,47.268,27.112,122,25.556,88,,,0.808,9.054,OH,,1,0,[HMR2016] N2442 78732
1186,N2442,114.08167,-69.55180,133438,47.517,27.051,101,25.463,71,,,1.034,9.047,O,,0,0,[HMR2016] N2442 133438
1187,N2442,114.08521,-69.54768,112435,47.997,28.030,239,26.211,129,,,0.634,9.129,OH,,1,0,[HMR2016] N2442 112435
1188,N2442,114.07284,-69.55086,159386,48.821,26.730,93,25.355,79,,,0.604,9.045,OH,,1,0,[HMR2016] N2442 159386
1189,N2442,114.08626,-69.57350,172345,49.094,27.920,181,26.024,79,,,0.564,8.636,O,,0,0,[HMR2016] N2442 172345
1190,N2442,114.08901,-69.57554,168525,49.174,27.894,185,26.367,128,,,0.578,8.597,O,,0,0,[HMR2016] N2442 168525
1191,N2442,114.10766,-69.54797,52536,49.192,26.636,95,25.282,58,,,0.766,9.121,O,,1,0,[HMR2016] N2442 52536
1192,N2442,114.06512,-69.53747,151010,50.088,27.600,167,25.548,64,,,0.718,9.197,O,,0,0,[HMR2016] N2442 151010
1193,N2442,114.08592,-69.55009,116077,50.715,26.799,115,25.408,137,,,0.674,9.085,O,,0,0,[HMR2016] N2442 116077
1194,N2442,114.06109,-69.53845,166537,50.789,27.290,156,25.509,78,,,0.562,9.164,O,,0,0,[HMR2016] N2442 166537
1195,N2442,114.09624,-69.55045,86046,51.226,27.153,122,25.602,82,,,0.690,9.084,O,,0,0,[HMR2016] N2442 86046
1196,N2442,114.02032,-69.55935,316334,51.632,26.510,78,25.021,46,,,0.664,8.703,O,,0,0,[HMR2016] N2442 316334
1197,N2442,114.06032,-69.53987,172572,52.001,26.669,121,25.156,46,,,0.672,9.147,OH,,1,0,[HMR2016] N2442 172572
1198,N2442,114.02089,-69.55503,311548,52.020,27.225,136,25.559,66,,,0.528,8.760,O,,0,0,[HMR2016] N2442 311548
1199,N2442,114.03882,-69.54389,250213,52.034,27.018,135,25.246,87,,,0.576,8.980,OH,,1,0,[HMR2016] N2442 250213
1200,N2442,114.13034,-69.54254,6155,52.624,27.401,101,25.691,77,,,0.590,9.134,O,,0,0,[HMR2016] N2442 6155
1201,N2442,114.10108,-69.54509,62567,53.589,27.290,84,25.469,78,,,0.840,9.186,O,,0,0,[HMR2016] N2442 62567
1202,N2442,114.02860,-69.56000,305555,53.652,27.343,119,25.572,54,,,0.746,8.733,OH,,1,0,[HMR2016] N2442 305555
1203,N2442,114.04185,-69.54682,247913,53.837,27.565,174,25.754,126,,,0.842,8.968,O,,0,0,[HMR2016] N2442 247913
1204,N2442,114.03878,-69.54370,249920,53.851,26.875,101,25.361,93,,,0.470,8.981,OH,,1,0,[HMR2016] N2442 249920
1205,N2442,114.05403,-69.53770,187417,57.482,27.188,162,25.469,105,,,0.508,9.124,O,,0,0,[HMR2016] N2442 187417
1206,N2442,114.04652,-69.55010,241406,57.963,27.255,103,25.244,84,,,0.430,8.953,OH,,1,0,[HMR2016] N2442 241406
1207,N2442,114.04277,-69.55690,267506,59.226,26.608,86,24.960,43,,,0.568,8.840,OH,,1,0,[HMR2016] N2442 267506
1208,N2442,114.04035,-69.54451,247123,59.329,26.589,150,25.122,64,,,0.598,8.983,OH,,1,0,[HMR2016] N2442 247123
1209,N2442,114.11566,-69.56792,69905,59.558,27.238,95,25.683,79,,,0.416,8.724,O,,0,0,[HMR2016] N2442 69905
1210,N2442,114.03446,-69.53730,248191,60.534,26.985,119,25.412,69,,,0.456,8.993,O,,0,0,[HMR2016] N2442 248191
1211,N2442,114.11510,-69.56751,70555,60.743,27.024,76,25.158,49,,,0.524,8.733,O,,0,0,[HMR2016] N2442 70555
1212,N2442,114.08661,-69.55118,116495,61.352,27.796,199,25.771,71,,,0.730,9.065,O,,0,0,[HMR2016] N2442 116495
1213,N2442,114.05897,-69.53679,169280,62.141,26.156,89,24.872,63,,,0.498,9.162,O,,0,0,[HMR2016] N2442 169280
1214,N2442,114.10854,-69.54820,51090,62.391,27.020,102,25.013,41,,,0.768,9.115,OH,,1,0,[HMR2016] N2442 51090
1215,N2442,114.02198,-69.55946,314484,62.463,25.947,69,24.523,51,,,0.536,8.709,O,,0,0,[HMR2016] N2442 314484
1216,N2442,114.09707,-69.55343,90156,63.091,26.627,158,24.702,50,,,0.534,9.026,O,,1,0,[HMR2016] N2442 90156
1217,N2442,114.05771,-69.57266,259540,63.461,26.952,121,25.189,52,,,0.674,8.619,OH,,1,0,[HMR2016] N2442 259540
1218,N2442,114.06675,-69.57330,234145,63.842,27.133,107,25.002,53,,,0.418,8.623,OH,,1,0,[HMR2016] N2442 234145
1219,N2442,114.02068,-69.55652,313339,65.789,26.794,138,25.065,55,,,0.494,8.741,O,,0,0,[HMR2016] N2442 313339
1220,N2442,114.04958,-69.53677,199321,66.826,27.164,123,25.104,57,,,0.490,9.099,O,,0,0,[HMR2016] N2442 199321
1221,N2442,114.04673,-69.56890,281192,67.406,26.741,82,25.090,55,,,0.506,8.659,OH,,1,0,[HMR2016] N2442 281192
1222,N2442,114.11318,-69.54416,35960,67.791,26.437,125,24.896,61,,,0.456,9.180,O,,0,0,[HMR2016] N2442 35960
1223,N2442,114.04125,-69.57284,300268,69.588,26.552,103,24.796,38,,,0.658,8.576,OH,,1,0,[HMR2016] N2442 300268
1224,N2442,114.06707,-69.55985,200106,69.607,26.774,116,25.040,76,,,0.634,8.871,OH,,1,0,[HMR2016] N2442 200106
1225,N2442,114.04920,-69.54001,208588,70.975,26.928,108,25.121,65,,,0.616,9.077,O,,0,0,[HMR2016] N2442 208588
1226,N2442,114.05067,-69.54273,210608,71.397,27.255,70,25.479,110,,,0.526,9.062,O,,0,0,[HMR2016] N2442 210608
1227,N2442,114.04944,-69.54034,208705,72.992,26.493,90,24.703,46,,,0.390,9.076,O,,0,0,[HMR2016] N2442 208705
1228,N2442,114.12130,-69.56686,54562,75.156,26.562,62,24.897,40,,,0.562,8.734,OH,,1,0,[HMR2016] N2442 54562
1229,N2442,114.05073,-69.56378,260081,77.536,26.563,112,25.106,44,,,0.242,8.758,OH,,1,0,[HMR2016] N2442 260081
1230,N2442,114.09654,-69.54315,69935,79.641,27.761,139,25.994,137,,,0.556,9.226,O,,0,0,[HMR2016] N2442 69935
1231,N2442,114.09282,-69.55085,96828,81.839,27.994,195,26.073,133,,,0.440,9.076,O,,0,0,[HMR2016] N2442 96828
1232,N2442,114.05167,-69.55672,241121,91.570,26.740,136,25.091,55,,,0.352,8.878,O,,0,0,[HMR2016] N2442 241121
1233,N3021,147.75035,33.54715,64252,16.177,27.543,42,26.639,56,0.786,0.204,,8.831,H,,1,0,[HMR2016] N3021 64252
1234,N3021,147.74195,33.55841,97590,18.238,27.190,31,26.212,58,0.694,0.410,,8.972,H,,1,0,[HMR2016] N3021 97590
1235,N3021,147.73714,33.56009,114118,20.604,28.305,58,27.192,49,1.092,0.498,,8.930,H,R11,1,1,[HMR2016] N3021 114118
1236,N3021,147.74692,33.55663,80760,21.011,27.585,29,26.436,38,0.918,0.504,,8.914,OH,R11,1,2,[HMR2016] N3021 80760
1237,N3021,147.72586,33.55580,145276,22.279,27.762,44,26.376,77,0.884,0.500,,8.924,O,R11,0,3,[HMR2016] N3021 145276
1238,N3021,147.72082,33.55514,155661,22.981,27.803,23,26.834,30,0.946,0.702,,8.665,OH,R11,1,2,[HMR2016] N3021 155661
1239,N3021,147.72677,33.55614,143080,23.948,27.698,40,26.496,41,1.012,0.694,,8.968,OH,,1,3,[HMR2016] N3021 143080
1240,N3021,147.74871,33.55237,72829,24.364,27.297,39,26.287,49,0.984,0.756,,9.019,O,,0,2,[HMR2016] N3021 72829
1241,N3021,147.72645,33.55999,145318,25.180,27.181,36,26.229,40,1.220,0.704,,8.840,O,,0,2,[HMR2016] N3021 145318
1242,N3021,147.73210,33.54878,124526,26.782,27.297,40,26.130,37,1.168,0.532,,8.875,OH,R11,1,4,[HMR2016] N3021 124526
1243,N3021,147.72832,33.55597,138827,27.597,27.321,29,26.776,34,0.908,0.802,,9.041,O,,0,0,[HMR2016] N3021 138827
1244,N3021,147.73336,33.55230,122365,31.095,26.951,43,26.043,34,0.902,0.772,,9.197,H,,1,1,[HMR2016] N3021 122365
1245,N3021,147.74791,33.55032,74434,31.677,26.579,22,25.727,28,0.966,0.566,,9.045,OH,R11,1,3,[HMR2016] N3021 74434
1246,N3021,147.72812,33.54749,135776,33.062,27.022,31,26.060,26,1.170,0.596,,8.611,O,R11,0,3,[HMR2016] N3021 135776
1247,N3021,147.73687,33.55930,114576,33.177,27.082,34,26.041,34,1.122,0.714,,9.007,OH,R11,1,3,[HMR2016] N3021 114576
1248,N3021,147.73288,33.56015,127220,35.310,28.329,40,26.852,48,0.912,0.434,,8.945,OH,,1,0,[HMR2016] N3021 127220
1249,N3021,147.72788,33.55892,141178,36.378,27.321,26,26.065,39,0.960,0.656,,8.936,OH,R11,1,3,[HMR2016] N3021 141178
1250,N3021,147.73388,33.55151,120418,35.339,26.747,35,25.928,51,1.144,0.934,,9.166,OH,R11,1,2,[HMR2016] N3021 120418
1251,N3021,147.73249,33.54885,123439,39.411,26.807,21,25.642,32,1.030,0.606,,8.895,OH,,1,2,[HMR2016] N3021 123439
1252,N3021,147.74989,33.55053,67964,39.835,28.542,53,27.323,66,0.782,0.574,,8.964,H,,1,0,[HMR2016] N3021 67964
1253,N3021,147.75173,33.54960,59565,44.280,26.818,34,26.258,79,0.654,0.270,,8.869,H,,1,0,[HMR2016] N3021 59565
1254,N3021,147.73892,33.55806,107249,56.241,26.846,33,25.544,32,0.710,0.608,,9.089,OH,R11,1,2,[HMR2016] N3021 107249
1255,N3021,147.75115,33.55414,65081,58.077,26.140,27,25.260,38,0.668,0.552,,8.842,H,R11,1,3,[HMR2016] N3021 65081
1256,N3370,161.76213,17.28762,42916,24.064,27.988,30,26.576,43,0.962,0.274,,8.777,H,,1,0,[HMR2016] N3370 42916
1257,N3370,161.75882,17.28007,40625,24.076,27.674,25,26.529,47,0.884,0.616,,8.929,OH,R11,1,3,[HMR2016] N3370 40625
1258,N3370,161.78690,17.25998,170179,24.623,27.719,56,26.650,36,0.968,0.602,,8.447,OH,R11,1,2,[HMR2016] N3370 170179
1259,N3370,161.76105,17.26054,77247,24.889,27.558,33,26.494,34,0.782,0.632,,8.597,OH,R11,1,2,[HMR2016] N3370 77247
1260,N3370,161.77441,17.25595,138183,24.948,27.598,50,26.476,56,1.178,0.828,,8.688,O,,0,2,[HMR2016] N3370 138183
1261,N3370,161.75478,17.27747,28791,25.071,28.107,51,26.881,67,0.842,0.626,,8.757,O,,0,0,[HMR2016] N3370 28791
1262,N3370,161.76776,17.26681,94854,25.291,26.890,41,25.981,66,0.904,0.668,,9.054,O,,0,1,[HMR2016] N3370 94854
1263,N3370,161.77045,17.27853,2053060,25.379,27.185,38,26.334,40,1.042,0.788,,8.960,H,,1,1,[HMR2016] N3370 2053060
1264,N3370,161.77628,17.25956,140127,25.408,27.493,58,26.066,59,0.834,0.446,,8.782,OH,,1,3,[HMR2016] N3370 140127
1265,N3370,161.75874,17.28389,35152,25.466,26.885,41,25.884,71,0.656,0.458,,8.863,O,,0,2,[HMR2016] N3370 35152
1266,N3370,161.76132,17.26232,75776,26.393,27.507,43,26.234,57,0.978,0.800,,8.673,OH,,1,1,[HMR2016] N3370 75776
1267,N3370,161.76762,17.28720,65151,26.629,28.010,74,26.802,66,1.138,0.698,,8.709,OH,,1,0,[HMR2016] N3370 65151
1268,N3370,161.75960,17.26806,60692,26.665,27.615,37,26.393,45,0.778,0.550,,8.798,H,,1,0,[HMR2016] N3370 60692
1269,N3370,161.78220,17.27266,144079,26.813,27.605,46,26.382,43,1.028,0.694,,8.565,OH,,1,2,[HMR2016] N3370 144079
1270,N3370,161.78015,17.25611,156613,27.483,27.561,32,26.481,31,1.028,0.750,,8.621,O,R11,0,3,[HMR2016] N3370 156613
1271,N3370,161.78069,17.25719,157064,28.488,27.639,46,26.380,49,1.126,0.454,,8.631,OH,,1,1,[HMR2016] N3370 157064
1272,N3370,161.76553,17.28584,58859,28.985,27.650,40,26.321,45,0.866,0.480,,8.809,OH,,1,2,[HMR2016] N3370 58859
1273,N3370,161.78090,17.27374,138531,29.519,27.842,48,26.789,47,0.586,0.646,,8.607,H,,1,0,[HMR2016] N3370 138531
1274,N3370,161.75647,17.28320,27391,29.773,27.505,24,26.283,35,0.950,0.474,,8.813,O,,0,2,[HMR2016] N3370 27391
1275,N3370,161.77563,17.25210,146925,29.793,27.154,37,26.039,47,1.168,0.718,,8.553,O,,0,1,[HMR2016] N3370 146925
1276,N3370,161.76154,17.29942,24608,29.872,26.988,28,26.050,37,1.128,0.706,,8.400,O,,0,1,[HMR2016] N3370 24608
1277,N3370,161.76846,17.28078,77712,30.032,27.194,31,26.076,49,0.900,0.488,,8.943,OH,,1,1,[HMR2016] N3370 77712
1278,N3370,161.75790,17.28024,36935,30.135,27.153,29,26.154,30,0.860,0.732,,8.894,H,R11,1,3,[HMR2016] N3370 36935
1279,N3370,161.77486,17.25741,137891,30.270,27.304,30,26.198,36,1.006,0.574,,8.735,O,R11,0,3,[HMR2016] N3370 137891
1280,N3370,161.78297,17.27185,147636,30.313,27.632,33,26.186,42,0.810,0.330,,8.542,H,,1,0,[HMR2016] N3370 147636
1281,N3370,161.75647,17.28052,30963,30.383,27.579,41,26.296,58,1.124,0.554,,8.838,OH,,1,2,[HMR2016] N3370 30963
1282,N3370,161.75212,17.28576,10141,31.203,27.839,39,26.465,50,0.724,0.330,,8.636,H,R11,1,2,[HMR2016] N3370 10141
1283,N3370,161.76744,17.28242,71353,31.314,27.690,54,26.493,59,0.646,0.342,,8.906,H,,1,0,[HMR2016] N3370 71353
1284,N3370,161.75832,17.28893,26623,31.370,27.395,37,26.331,51,1.086,0.554,,8.720,OH,,1,1,[HMR2016] N3370 26623
1285,N3370,161.77156,17.28401,85290,31.467,27.448,29,26.271,30,0.948,0.560,,8.713,OH,,1,1,[HMR2016] N3370 85290
1286,N3370,161.76118,17.26863,66128,32.794,27.182,27,25.910,34,0.906,0.638,,8.887,OH,R11,1,2,[HMR2016] N3370 66128
1287,N3370,161.76764,17.28103,74164,34.069,26.676,34,25.461,35,0.872,0.470,,8.957,OH,,1,2,[HMR2016] N3370 74164
1288,N3370,161.76193,17.27869,54733,34.342,26.593,44,25.670,67,0.566,0.300,,9.048,H,R11,1,2,[HMR2016] N3370 54733
1289,N3370,161.76503,17.26793,82233,34.637,26.788,35,25.583,51,0.808,0.462,,9.022,H,,1,0,[HMR2016] N3370 82233
1290,N3370,161.77246,17.27762,97984,34.967,27.027,27,26.019,33,1.028,0.792,,8.906,O,,0,1,[HMR2016] N3370 97984
1291,N3370,161.76073,17.28069,47147,34.967,27.367,36,26.124,42,1.046,0.578,,8.979,OH,,1,3,[HMR2016] N3370 47147
1292,N3370,161.76923,17.28640,72754,35.057,27.363,34,26.010,49,1.186,0.480,,8.697,OH,,1,3,[HMR2016] N3370 72754
1293,N3370,161.78008,17.26419,147159,35.251,27.410,31,26.103,38,0.978,0.700,,8.737,OH,R11,1,2,[HMR2016] N3370 147159
1294,N3370,161.78413,17.26088,163049,35.267,27.171,34,26.031,45,0.922,0.512,,8.561,OH,R11,1,3,[HMR2016] N3370 163049
1295,N3370,161.76910,17.28952,67708,35.723,26.885,24,25.843,22,1.006,0.556,,8.576,OH,R11,1,2,[HMR2016] N3370 67708
1296,N3370,161.78078,17.26097,153082,35.729,27.116,25,25.953,31,1.026,0.582,,8.686,OH,,1,2,[HMR2016] N3370 153082
1297,N3370,161.75620,17.28353,25985,36.458,27.461,51,26.225,49,1.150,0.624,,8.800,OH,,1,3,[HMR2016] N3370 25985
1298,N3370,161.77068,17.27447,95470,36.511,26.862,31,25.543,41,0.858,0.508,,9.083,O,,0,1,[HMR2016] N3370 95470
1299,N3370,161.78548,17.26580,161906,36.608,27.236,26,26.026,33,1.084,0.732,,8.497,OH,,1,2,[HMR2016] N3370 161906
1300,N3370,161.77252,17.28137,92881,37.459,27.090,33,25.890,40,0.942,0.672,,8.775,OH,,1,1,[HMR2016] N3370 92881
1301,N3370,161.77588,17.25844,140125,38.361,27.549,41,26.270,54,0.892,0.562,,8.757,H,R11,1,3,[HMR2016] N3370 140125
1302,N3370,161.76843,17.28412,72864,38.569,26.324,15,25.346,13,0.818,0.644,,8.811,OH,,1,2,[HMR2016] N3370 72864
1303,N3370,161.77731,17.27432,121969,38.768,26.946,53,25.707,45,0.998,0.478,,8.768,OH,,1,0,[HMR2016] N3370 121969
1304,N3370,161.77277,17.28228,92511,39.215,26.418,39,25.360,41,0.826,0.326,,8.732,OH,,1,2,[HMR2016] N3370 92511
1305,N3370,161.77563,17.27057,120631,39.760,26.881,38,25.569,55,1.066,0.568,,8.915,OH,,1,0,[HMR2016] N3370 120631
1306,N3370,161.76076,17.28387,42842,40.485,26.295,21,25.286,24,0.762,0.568,,8.898,H,,1,2,[HMR2016] N3370 42842
1307,N3370,161.75980,17.28235,41321,40.973,27.484,39,26.098,62,1.000,0.502,,8.921,OH,,1,3,[HMR2016] N3370 41321
1308,N3370,161.76144,17.26969,65660,41.222,27.281,38,26.044,49,1.178,0.648,,8.932,OH,,1,1,[HMR2016] N3370 65660
1309,N3370,161.75694,17.28274,29755,42.497,26.408,20,25.151,43,0.724,0.590,,8.835,O,R11,0,3,[HMR2016] N3370 29755
1310,N3370,161.76773,17.28324,71357,44.284,27.082,25,25.768,40,0.834,0.364,,8.866,OH,,1,3,[HMR2016] N3370 71357
1311,N3370,161.76334,17.27245,69222,44.368,26.816,24,25.664,46,0.864,0.672,,9.097,OH,,1,1,[HMR2016] N3370 69222
1312,N3370,161.75714,17.28309,29983,42.912,26.687,23,25.302,47,0.928,0.594,,8.836,OH,R11,1,3,[HMR2016] N3370 29983
1313,N3370,161.75761,17.28213,33115,45.366,26.692,44,25.381,55,1.136,0.624,,8.864,OH,,1,2,[HMR2016] N3370 33115
1314,N3370,161.78024,17.27523,134313,46.560,26.692,41,25.442,38,1.044,0.728,,8.606,OH,,1,2,[HMR2016] N3370 134313
1315,N3370,161.77170,17.26998,105801,46.582,27.107,45,25.933,38,1.082,0.556,,9.095,O,,0,1,[HMR2016] N3370 105801
1316,N3370,161.76514,17.26491,87112,47.659,26.643,17,25.512,20,0.772,0.550,,8.909,OH,R11,1,2,[HMR2016] N3370 87112
1317,N3370,161.75694,17.29511,14635,48.115,26.981,39,25.638,50,0.802,0.548,,8.512,O,,0,1,[HMR2016] N3370 14635
1318,N3370,161.77864,17.26849,137161,49.430,27.364,51,26.153,45,1.022,0.552,,8.793,OH,,1,1,[HMR2016] N3370 137161
1319,N3370,161.77827,17.26024,145867,49.693,26.957,37,25.671,41,1.024,0.598,,8.753,OH,,1,3,[HMR2016] N3370 145867
1320,N3370,161.76500,17.28732,54553,54.107,26.837,28,25.649,25,0.806,0.426,,8.759,OH,R11,1,2,[HMR2016] N3370 54553
1321,N3370,161.77049,17.27973,87200,55.272,27.159,28,25.992,27,0.782,0.688,,8.914,OH,,1,1,[HMR2016] N3370 87200
1322,N3370,161.76619,17.26830,86419,57.149,26.521,28,25.218,38,0.816,0.636,,9.076,O,R11,0,2,[HMR2016] N3370 86419
1323,N3370,161.77345,17.28137,96608,61.761,26.183,19,24.914,22,0.474,0.330,,8.737,H,,1,1,[HMR2016] N3370 96608
1324,N3370,161.75874,17.28465,33971,61.801,26.573,32,25.429,35,0.792,0.384,,8.845,OH,,1,3,[HMR2016] N3370 33971
1325,N3370,161.75194,17.28407,11444,66.907,26.151,20,25.210,17,0.584,0.374,,8.642,H,R11,1,2,[HMR2016] N3370 11444
1326,N3370,161.75253,17.28609,11019,67.428,26.601,60,25.088,70,1.028,0.504,,8.646,OH,,1,1,[HMR2016] N3370 11019
1327,N3370,161.76845,17.26671,97670,67.741,26.871,32,25.372,27,0.616,0.332,,9.061,OH,,1,1,[HMR2016] N3370 97670
1328,N3370,161.76869,17.28313,75264,68.991,25.957,18,24.745,21,0.610,0.370,,8.843,OH,,1,2,[HMR2016] N3370 75264
1329,N3370,161.76805,17.28118,75521,72.832,25.903,14,24.807,17,0.548,0.384,,8.939,H,R11,1,4,[HMR2016] N3370 75521
1330,N3370,161.76544,17.26415,89356,75.492,26.605,29,25.294,43,0.588,0.332,,8.888,H,,1,1,[HMR2016] N3370 89356
1331,N3370,161.76096,17.28786,38073,79.041,26.564,23,25.022,37,0.580,0.406,,8.770,O,R11,0,2,[HMR2016] N3370 38073
1332,N3370,161.76207,17.27215,64613,84.917,26.125,41,24.979,43,0.586,0.246,,9.029,H,R11,1,2,[HMR2016] N3370 64613
1333,N3370,161.77798,17.26004,145193,88.165,25.610,19,24.586,27,0.528,0.346,,8.756,H,R11,1,4,[HMR2016] N3370 145193
1334,N3370,161.75977,17.28685,34933,96.096,25.936,30,24.681,29,0.622,0.430,,8.798,H,,1,2,[HMR2016] N3370 34933
1335,N3447,163.35043,16.79001,23604,20.063,27.209,147,26.280,131,,,0.858,8.647,H,,1,0,[HMR2016] N3447 23604
1336,N3447,163.35852,16.78071,78994,20.302,27.501,130,26.636,139,,,0.762,8.877,H,,1,0,[HMR2016] N3447 78994
1337,N3447,163.37135,16.78876,89098,20.324,27.545,175,26.651,97,,,1.042,8.706,OH,,1,0,[HMR2016] N3447 89098
1338,N3447,163.37862,16.78479,129869,20.380,26.923,106,26.298,112,,,0.802,8.637,O,,0,0,[HMR2016] N3447 129869
1339,N3447,163.34024,16.76850,67503,20.418,28.103,232,26.739,121,,,0.974,8.497,OH,,1,0,[HMR2016] N3447 67503
1340,N3447,163.37192,16.78406,111248,20.545,27.354,118,26.403,125,,,0.878,8.757,OH,,2,0,[HMR2016] N3447 111248
1341,N3447,163.35912,16.77948,86910,20.704,26.987,153,26.184,83,,,0.946,8.896,OH,,1,0,[HMR2016] N3447 86910
1342,N3447,163.36668,16.78675,81488,20.823,26.296,119,25.194,58,,,0.512,8.788,H,,1,0,[HMR2016] N3447 81488
1343,N3447,163.37646,16.78285,130567,21.124,27.323,125,26.263,102,,,1.112,8.688,OH,,1,0,[HMR2016] N3447 130567
1344,N3447,163.35478,16.77206,103179,22.017,27.580,153,26.563,173,,,1.098,8.763,O,,0,0,[HMR2016] N3447 103179
1345,N3447,163.34093,16.77437,47464,22.084,26.830,71,26.165,107,,,1.030,8.547,OH,,1,0,[HMR2016] N3447 47464
1346,N3447,163.35863,16.78736,51781,22.091,26.816,106,26.151,108,,,0.836,8.779,O,,0,0,[HMR2016] N3447 51781
1347,N3447,163.36502,16.75853,158008,22.265,27.177,94,26.311,90,,,0.748,8.560,O,,0,0,[HMR2016] N3447 158008
1348,N3447,163.36919,16.78999,75664,22.361,27.140,102,26.123,97,,,0.934,8.710,OH,,1,0,[HMR2016] N3447 75664
1349,N3447,163.35075,16.79638,9048,22.374,26.873,69,25.790,80,,,0.808,8.554,O,,0,0,[HMR2016] N3447 9048
1350,N3447,163.37560,16.78171,131969,22.494,27.124,146,26.520,135,,,0.944,8.709,OH,,1,0,[HMR2016] N3447 131969
1351,N3447,163.35136,16.77942,59615,22.529,27.311,171,25.859,62,,,0.886,8.751,OH,,1,0,[HMR2016] N3447 59615
1352,N3447,163.36937,16.79028,74973,22.835,27.111,138,26.363,91,,,1.180,8.703,OH,,1,0,[HMR2016] N3447 74973
1353,N3447,163.36485,16.77745,115489,22.980,27.230,104,26.368,144,,,1.298,8.908,OH,,1,0,[HMR2016] N3447 115489
1354,N3447,163.37526,16.78147,131834,23.115,27.411,127,26.170,58,,,1.152,8.716,OH,,1,0,[HMR2016] N3447 131834
1355,N3447,163.36018,16.76817,135216,23.153,27.404,102,26.370,94,,,1.084,8.746,OH,,1,0,[HMR2016] N3447 135216
1356,N3447,163.35825,16.77684,94552,23.528,27.369,135,26.643,130,,,0.980,8.871,O,,0,0,[HMR2016] N3447 94552
1357,N3447,163.36818,16.78815,80598,23.880,26.850,81,25.915,65,,,0.716,8.750,O,,0,0,[HMR2016] N3447 80598
1358,N3447,163.37405,16.78208,126584,24.176,27.348,110,26.292,77,,,1.110,8.735,OH,,2,0,[HMR2016] N3447 126584
1359,N3447,163.37347,16.78365,118584,24.192,27.177,91,26.610,175,,,1.052,8.735,OH,,1,0,[HMR2016] N3447 118584
1360,N3447,163.36734,16.78849,75725,24.197,27.551,92,26.323,94,,,1.002,8.752,OH,,1,0,[HMR2016] N3447 75725
1361,N3447,163.35219,16.78081,56892,24.282,27.063,107,26.199,92,,,1.132,8.764,O,,0,0,[HMR2016] N3447 56892
1362,N3447,163.37326,16.78470,113270,24.348,27.224,107,26.233,94,,,1.210,8.729,OH,,1,0,[HMR2016] N3447 113270
1363,N3447,163.36217,16.75845,155009,24.439,27.834,164,26.528,128,,,1.084,8.561,OH,,1,0,[HMR2016] N3447 155009
1364,N3447,163.37466,16.78327,123914,24.490,27.533,260,26.372,90,,,0.868,8.717,H,,1,0,[HMR2016] N3447 123914
1365,N3447,163.35043,16.75962,137070,24.627,27.581,172,26.117,87,,,0.888,8.521,O,,0,0,[HMR2016] N3447 137070
1366,N3447,163.33444,16.76831,50387,24.727,26.869,98,26.033,69,,,0.870,8.400,O,,0,0,[HMR2016] N3447 50387
1367,N3447,163.36745,16.78604,87449,24.752,27.859,233,26.391,93,,,0.860,8.792,O,,0,0,[HMR2016] N3447 87449
1368,N3447,163.36072,16.75880,152848,24.783,27.232,108,26.109,58,,,0.662,8.566,OH,,1,0,[HMR2016] N3447 152848
1369,N3447,163.36617,16.78605,82875,24.938,26.873,97,26.096,94,,,1.098,8.804,O,,0,0,[HMR2016] N3447 82875
1370,N3447,163.33682,16.76975,52045,25.036,27.480,227,26.317,93,,,1.050,8.448,O,,0,0,[HMR2016] N3447 52045
1371,N3447,163.35693,16.77925,79902,25.088,27.249,152,26.403,117,,,0.852,8.856,O,,0,0,[HMR2016] N3447 79902
1372,N3447,163.34950,16.76338,122695,25.397,27.094,95,25.912,77,,,0.894,8.572,OH,,1,0,[HMR2016] N3447 122695
1373,N3447,163.36612,16.78749,2036991,25.521,27.035,99,26.123,115,,,0.944,8.779,OH,,1,0,[HMR2016] N3447 2036991
1374,N3447,163.34505,16.79114,10440,25.723,27.396,149,26.590,121,,,0.806,8.555,O,,0,0,[HMR2016] N3447 10440
1375,N3447,163.34825,16.79841,1057,25.734,27.269,94,25.997,69,,,1.004,8.495,O,,0,0,[HMR2016] N3447 1057
1376,N3447,163.36855,16.78837,80864,25.753,26.601,102,25.920,83,,,0.876,8.743,OH,,1,0,[HMR2016] N3447 80864
1377,N3447,163.34972,16.79421,11935,26.089,27.350,128,26.518,108,,,0.876,8.577,O,,0,0,[HMR2016] N3447 11935
1378,N3447,163.36539,16.78025,104650,26.402,27.498,170,26.397,134,,,1.406,8.900,OH,,1,0,[HMR2016] N3447 104650
1379,N3447,163.34828,16.78677,27719,27.111,27.199,128,26.212,87,,,0.818,8.653,OH,,2,0,[HMR2016] N3447 27719
1380,N3447,163.37759,16.78432,128716,27.136,27.071,105,26.037,52,,,0.988,8.659,O,,0,0,[HMR2016] N3447 128716
1381,N3447,163.37166,16.78591,101896,27.215,26.874,134,26.027,58,,,0.858,8.741,O,,0,0,[HMR2016] N3447 101896
1382,N3447,163.36700,16.78671,82951,27.316,26.803,171,26.082,70,,,1.138,8.786,OH,,1,0,[HMR2016] N3447 82951
1383,N3447,163.34724,16.77161,79170,27.368,26.275,83,25.474,59,,,1.018,8.641,OH,,1,0,[HMR2016] N3447 79170
1384,N3447,163.33958,16.76757,69276,27.424,27.257,103,26.006,68,,,0.660,8.478,O,,0,0,[HMR2016] N3447 69276
1385,N3447,163.37077,16.78574,99463,27.717,27.448,213,26.308,165,,,0.948,8.756,H,,1,0,[HMR2016] N3447 99463
1386,N3447,163.34911,16.77576,66906,27.872,27.101,201,25.674,95,,,0.918,8.702,OH,,1,0,[HMR2016] N3447 66906
1387,N3447,163.37309,16.78342,118310,28.015,26.915,90,26.159,70,,,1.218,8.743,O,,0,0,[HMR2016] N3447 118310
1388,N3447,163.35085,16.79667,8613,28.464,26.703,121,25.867,108,,,0.708,8.550,O,,0,0,[HMR2016] N3447 8613
1389,N3447,163.37553,16.78560,117359,28.608,26.357,72,25.596,53,,,0.738,8.683,O,,0,0,[HMR2016] N3447 117359
1390,N3447,163.36398,16.77594,118943,28.748,27.013,60,25.881,62,,,1.016,8.896,OH,,1,0,[HMR2016] N3447 118943
1391,N3447,163.33905,16.78025,25296,29.192,26.895,79,26.079,72,,,0.824,8.521,OH,,1,0,[HMR2016] N3447 25296
1392,N3447,163.35669,16.77086,115658,29.312,27.517,91,26.549,110,,,1.032,8.769,OH,,1,0,[HMR2016] N3447 115658
1393,N3447,163.35229,16.79136,23998,29.672,26.924,125,25.831,80,,,0.684,8.651,OH,,1,0,[HMR2016] N3447 23998
1394,N3447,163.35445,16.77669,82508,29.866,26.572,85,25.697,98,,,1.060,8.803,O,,0,0,[HMR2016] N3447 82508
1395,N3447,163.36555,16.78703,75853,29.991,26.673,70,25.811,88,,,1.138,8.791,OH,,1,0,[HMR2016] N3447 75853
1396,N3447,163.35413,16.78180,59012,30.005,27.157,125,26.120,72,,,0.998,8.793,OH,,1,0,[HMR2016] N3447 59012
1397,N3447,163.37225,16.78334,115751,30.407,27.296,124,26.330,81,,,0.818,8.758,OH,,1,0,[HMR2016] N3447 115751
1398,N3447,163.35510,16.76058,143046,30.535,27.053,110,26.261,92,,,1.172,8.577,OH,,1,0,[HMR2016] N3447 143046
1399,N3447,163.35867,16.77606,99305,30.935,26.658,86,25.900,70,,,1.090,8.870,OH,,1,0,[HMR2016] N3447 99305
1400,N3447,163.36485,16.75784,158705,31.195,26.730,112,25.798,70,,,0.608,8.547,O,,0,0,[HMR2016] N3447 158705
1401,N3447,163.34676,16.77573,59548,31.412,27.156,95,25.939,112,,,1.006,8.659,O,,0,0,[HMR2016] N3447 59548
1402,N3447,163.36877,16.78798,83625,31.561,26.597,103,25.902,126,,,0.986,8.747,O,,0,0,[HMR2016] N3447 83625
1403,N3447,163.34534,16.78418,28352,31.652,26.999,97,25.885,78,,,0.966,8.623,OH,,1,0,[HMR2016] N3447 28352
1404,N3447,163.36682,16.78691,81200,31.853,26.726,50,25.952,62,,,0.886,8.784,O,,0,0,[HMR2016] N3447 81200
1405,N3447,163.37413,16.78219,126368,32.017,26.407,134,25.676,102,,,0.846,8.733,OH,,2,0,[HMR2016] N3447 126368
1406,N3447,163.36459,16.77600,120686,32.100,27.364,122,26.554,156,,,1.010,8.891,O,,0,0,[HMR2016] N3447 120686
1407,N3447,163.35797,16.79499,26549,32.177,26.556,115,25.849,99,,,1.086,8.634,OH,,1,0,[HMR2016] N3447 26549
1408,N3447,163.37276,16.78484,110619,32.238,27.185,100,26.065,76,,,0.978,8.736,OH,,1,0,[HMR2016] N3447 110619
1409,N3447,163.34595,16.79274,8606,32.283,27.006,68,25.815,37,,,0.950,8.549,O,,0,0,[HMR2016] N3447 8606
1410,N3447,163.34515,16.78715,19927,32.605,26.369,55,25.626,58,,,0.800,8.598,O,,0,0,[HMR2016] N3447 19927
1411,N3447,163.36711,16.78524,89533,32.630,26.774,76,26.116,77,,,0.906,8.809,O,,0,0,[HMR2016] N3447 89533
1412,N3447,163.33598,16.77696,27467,32.718,26.950,59,25.937,56,,,0.926,8.463,O,,0,0,[HMR2016] N3447 27467
1413,N3447,163.35654,16.76516,135377,32.864,26.857,165,25.728,66,,,1.068,8.670,OH,,1,0,[HMR2016] N3447 135377
1414,N3447,163.33627,16.78311,12590,32.939,27.054,101,26.143,90,,,1.038,8.463,O,,0,0,[HMR2016] N3447 12590
1415,N3447,163.34319,16.76889,76552,33.237,26.858,118,25.905,77,,,0.834,8.550,OH,,1,0,[HMR2016] N3447 76552
1416,N3447,163.37373,16.78290,122444,33.862,27.308,169,25.727,62,,,0.912,8.736,OH,,1,0,[HMR2016] N3447 122444
1417,N3447,163.34921,16.76226,126077,34.222,26.835,97,25.574,52,,,1.096,8.551,OH,,1,0,[HMR2016] N3447 126077
1418,N3447,163.36324,16.76166,151664,35.368,27.223,119,26.052,71,,,0.780,8.623,OH,,1,0,[HMR2016] N3447 151664
1419,N3447,163.36583,16.78778,73409,35.385,26.876,89,25.859,70,,,0.696,8.776,OH,,1,0,[HMR2016] N3447 73409
1420,N3447,163.34935,16.76925,96430,35.425,27.143,110,25.904,71,,,1.040,8.650,O,,0,0,[HMR2016] N3447 96430
1421,N3447,163.35855,16.78241,71205,35.687,27.463,151,25.881,123,,,0.628,8.859,OH,,1,0,[HMR2016] N3447 71205
1422,N3447,163.37054,16.78842,87900,36.015,26.912,96,25.709,64,,,0.828,8.721,OH,,1,0,[HMR2016] N3447 87900
1423,N3447,163.36188,16.78073,90651,36.034,26.676,120,25.585,58,,,1.148,8.922,OH,,1,0,[HMR2016] N3447 90651
1424,N3447,163.36935,16.78769,86972,36.231,26.131,58,25.422,73,,,0.788,8.746,OH,,1,0,[HMR2016] N3447 86972
1425,N3447,163.36400,16.76105,153419,36.750,26.557,58,25.452,41,,,1.000,8.611,OH,,1,0,[HMR2016] N3447 153419
1426,N3447,163.35555,16.75923,146000,36.984,26.742,94,25.624,68,,,1.050,8.555,OH,,1,0,[HMR2016] N3447 146000
1427,N3447,163.34380,16.79359,3340,37.100,26.429,66,25.368,45,,,0.966,8.508,O,,0,0,[HMR2016] N3447 3340
1428,N3447,163.36732,16.78820,77086,37.541,27.402,144,26.051,73,,,0.646,8.757,O,,0,0,[HMR2016] N3447 77086
1429,N3447,163.36794,16.78927,74322,37.704,27.079,114,26.137,105,,,0.830,8.733,O,,0,0,[HMR2016] N3447 74322
1430,N3447,163.36790,16.78431,95760,37.724,26.590,67,25.699,60,,,0.946,8.814,OH,,1,0,[HMR2016] N3447 95760
1431,N3447,163.36684,16.78796,76336,37.756,26.519,110,25.359,62,,,1.222,8.765,O,,0,0,[HMR2016] N3447 76336
1432,N3447,163.35190,16.76791,111467,38.669,27.153,125,25.792,110,,,0.694,8.668,O,,0,0,[HMR2016] N3447 111467
1433,N3447,163.36983,16.78816,86619,38.743,26.316,103,25.477,49,,,0.972,8.733,OH,,1,0,[HMR2016] N3447 86619
1434,N3447,163.37199,16.78398,111859,39.229,27.167,122,25.978,80,,,0.956,8.757,OH,,2,0,[HMR2016] N3447 111859
1435,N3447,163.37090,16.78404,107513,39.535,26.505,79,25.574,57,,,0.752,8.773,OH,,1,0,[HMR2016] N3447 107513
1436,N3447,163.36867,16.78417,98902,39.598,26.208,72,25.282,59,,,0.768,8.805,OH,,1,0,[HMR2016] N3447 98902
1437,N3447,163.34692,16.76845,91688,40.101,26.359,65,25.591,99,,,1.034,8.604,OH,,1,0,[HMR2016] N3447 91688
1438,N3447,163.36662,16.78482,89645,40.542,27.322,114,25.795,55,,,0.644,8.821,OH,,1,0,[HMR2016] N3447 89645
1439,N3447,163.35242,16.79448,16182,40.973,26.456,61,25.578,61,,,0.974,8.602,O,,0,0,[HMR2016] N3447 16182
1440,N3447,163.34155,16.76628,82754,42.875,26.851,95,25.529,46,,,0.792,8.497,O,,0,0,[HMR2016] N3447 82754
1441,N3447,163.36684,16.78830,74689,43.233,26.718,168,25.543,97,,,0.714,8.759,H,,1,0,[HMR2016] N3447 74689
1442,N3447,163.36987,16.78498,99630,44.644,26.410,95,24.993,53,,,1.064,8.778,H,,1,0,[HMR2016] N3447 99630
1443,N3447,163.35696,16.79093,35694,45.573,25.789,50,24.824,35,,,0.854,8.703,OH,,1,0,[HMR2016] N3447 35694
1444,N3447,163.36780,16.78600,88745,46.101,26.601,89,25.511,58,,,0.556,8.789,OH,,1,0,[HMR2016] N3447 88745
1445,N3447,163.36314,16.75877,155674,46.354,26.788,75,25.635,61,,,0.578,8.567,O,,0,0,[HMR2016] N3447 155674
1446,N3447,163.34554,16.77465,59903,47.093,26.295,88,25.278,62,,,0.750,8.632,OH,,1,0,[HMR2016] N3447 59903
1447,N3447,163.37170,16.78362,112471,48.409,26.799,85,25.469,52,,,0.578,8.765,OH,,1,0,[HMR2016] N3447 112471
1448,N3447,163.35078,16.77215,89403,48.663,26.895,117,25.474,88,,,0.948,8.704,O,,0,0,[HMR2016] N3447 89403
1449,N3447,163.36765,16.78824,78048,49.310,26.320,78,25.414,52,,,0.576,8.754,H,,1,0,[HMR2016] N3447 78048
1450,N3447,163.35416,16.78345,52897,50.060,26.447,92,25.099,47,,,0.826,8.780,O,,0,0,[HMR2016] N3447 52897
1451,N3447,163.37366,16.78563,110309,51.335,27.035,95,26.073,78,,,0.764,8.713,O,,0,0,[HMR2016] N3447 110309
1452,N3447,163.36685,16.79034,65526,60.593,25.654,61,24.789,31,,,0.496,8.722,OH,,1,0,[HMR2016] N3447 65526
1453,N3447,163.34341,16.76772,83054,60.758,26.508,118,25.262,68,,,0.396,8.542,H,,1,0,[HMR2016] N3447 83054
1454,N3447,163.36859,16.78474,96343,63.118,26.014,82,24.821,45,,,0.890,8.799,OH,,1,0,[HMR2016] N3447 96343
1455,N3447,163.34814,16.76618,105631,63.760,26.204,93,25.126,49,,,0.550,8.594,OH,,1,0,[HMR2016] N3447 105631
1456,N3447,163.35902,16.77395,110021,64.351,26.267,92,25.028,38,,,0.420,8.844,H,,1,0,[HMR2016] N3447 110021
1457,N3447,163.34918,16.76288,123558,64.361,25.679,81,24.614,48,,,0.712,8.560,H,,1,0,[HMR2016] N3447 123558
1458,N3447,163.34824,16.78680,27563,70.589,25.908,50,24.966,35,,,0.560,8.652,H,,2,0,[HMR2016] N3447 27563
1459,N3447,163.34956,16.76214,127497,71.615,25.856,68,24.478,34,,,0.538,8.553,H,,1,0,[HMR2016] N3447 127497
1460,N3447,163.35011,16.76225,128639,72.504,25.901,90,24.764,72,,,0.426,8.561,H,,1,0,[HMR2016] N3447 128639
1461,N3972,178.94031,55.31477,113714,15.379,27.705,178,26.662,106,,,0.856,9.073,OH,,1,0,[HMR2016] N3972 113714
1462,N3972,178.90733,55.32603,245430,15.448,28.022,172,26.739,118,,,0.952,8.948,OH,,1,0,[HMR2016] N3972 245430
1463,N3972,178.92480,55.32169,191489,15.768,27.288,127,26.608,217,,,0.902,9.147,OH,,1,0,[HMR2016] N3972 191489
1464,N3972,178.95146,55.31043,66593,15.858,27.734,93,26.657,134,,,1.064,8.977,O,,0,0,[HMR2016] N3972 66593
1465,N3972,178.92905,55.31925,164600,16.169,27.168,123,26.448,155,,,0.966,9.119,O,,0,0,[HMR2016] N3972 164600
1466,N3972,178.96371,55.30901,46978,16.258,27.853,133,26.874,154,,,0.674,8.980,OH,,1,0,[HMR2016] N3972 46978
1467,N3972,178.96751,55.31187,68578,17.361,27.847,169,26.480,106,,,1.026,9.016,OH,,1,0,[HMR2016] N3972 68578
1468,N3972,178.89964,55.33079,292636,17.484,27.095,115,26.068,78,,,0.806,8.904,O,,0,0,[HMR2016] N3972 292636
1469,N3972,178.90691,55.32525,238386,17.765,27.678,108,26.388,113,,,0.568,8.916,OH,,1,0,[HMR2016] N3972 238386
1470,N3972,178.91441,55.32126,194971,18.054,27.585,102,26.329,115,,,0.972,8.913,OH,,1,0,[HMR2016] N3972 194971
1471,N3972,178.92387,55.32175,192797,18.111,27.600,102,26.200,150,,,1.174,9.130,OH,,1,0,[HMR2016] N3972 192797
1472,N3972,178.94455,55.31438,107085,18.131,27.921,245,26.785,218,,,0.646,9.111,OH,,1,0,[HMR2016] N3972 107085
1473,N3972,178.96675,55.30977,51271,18.152,27.941,109,27.057,185,,,0.702,8.995,OH,,1,0,[HMR2016] N3972 51271
1474,N3972,178.91893,55.32347,212861,18.258,27.457,204,26.567,262,,,1.020,9.094,O,,0,0,[HMR2016] N3972 212861
1475,N3972,178.91995,55.32807,255472,18.558,27.727,131,26.365,121,,,0.916,9.133,OH,,1,0,[HMR2016] N3972 255472
1476,N3972,178.95148,55.31956,151278,18.804,28.120,269,26.574,133,,,0.772,9.155,O,,0,0,[HMR2016] N3972 151278
1477,N3972,178.96539,55.31114,63704,18.831,27.618,113,26.386,111,,,0.944,9.029,OH,,1,0,[HMR2016] N3972 63704
1478,N3972,178.91116,55.32671,249010,18.972,26.973,143,26.212,128,,,0.992,9.033,OH,,1,0,[HMR2016] N3972 249010
1479,N3972,178.92532,55.32233,197285,18.985,27.504,187,26.336,113,,,0.820,9.183,O,,0,0,[HMR2016] N3972 197285
1480,N3972,178.97240,55.31018,51182,19.153,28.277,156,26.884,139,,,0.742,8.955,O,,0,0,[HMR2016] N3972 51182
1481,N3972,178.94089,55.31514,116720,19.164,27.730,151,26.326,152,,,0.694,9.103,OH,,1,0,[HMR2016] N3972 116720
1482,N3972,178.96431,55.30976,52768,19.365,27.500,81,26.260,73,,,0.830,9.003,O,,0,0,[HMR2016] N3972 52768
1483,N3972,178.93486,55.32384,204867,19.422,27.616,176,26.182,137,,,0.944,9.255,O,,0,0,[HMR2016] N3972 204867
1484,N3972,178.96353,55.31115,65035,19.673,27.379,82,26.398,125,,,1.012,9.041,OH,,1,0,[HMR2016] N3972 65035
1485,N3972,178.95142,55.31308,90281,20.265,27.701,154,26.308,85,,,0.666,9.107,O,,0,0,[HMR2016] N3972 90281
1486,N3972,178.91530,55.32711,249804,20.570,27.929,163,26.532,167,,,0.994,9.102,OH,,1,0,[HMR2016] N3972 249804
1487,N3972,178.95546,55.31817,135069,20.865,27.385,87,26.481,107,,,0.676,9.124,O,,0,0,[HMR2016] N3972 135069
1488,N3972,178.91760,55.32334,212645,22.349,27.479,150,26.229,104,,,1.080,9.063,OH,,1,0,[HMR2016] N3972 212645
1489,N3972,178.93370,55.32661,232029,22.471,26.931,227,26.055,125,,,0.700,9.117,OH,,1,0,[HMR2016] N3972 232029
1490,N3972,178.95850,55.31901,141027,23.852,26.905,67,25.994,90,,,0.794,9.032,OH,,1,0,[HMR2016] N3972 141027
1491,N3972,178.92133,55.32881,261171,24.606,27.836,179,26.638,138,,,0.474,9.110,O,,0,0,[HMR2016] N3972 261171
1492,N3972,178.92574,55.32150,617595,24.873,28.319,334,26.893,146,,,0.722,9.158,H,,1,0,[HMR2016] N3972 617595
1493,N3972,178.96355,55.31200,72249,25.009,27.353,140,26.219,139,,,0.970,9.056,OH,,1,0,[HMR2016] N3972 72249
1494,N3972,178.95741,55.31472,101249,25.011,27.666,165,26.280,132,,,0.476,9.140,O,,0,0,[HMR2016] N3972 101249
1495,N3972,178.93448,55.32551,221018,25.038,27.505,131,26.017,99,,,1.178,9.167,OH,,1,0,[HMR2016] N3972 221018
1496,N3972,178.94974,55.31551,113997,25.152,26.799,145,25.697,74,,,0.774,9.201,O,,0,0,[HMR2016] N3972 113997
1497,N3972,178.92336,55.32241,199377,25.363,27.030,73,25.761,84,,,0.754,9.146,O,,0,0,[HMR2016] N3972 199377
1498,N3972,178.96211,55.31050,60386,25.676,27.180,127,26.303,146,,,0.746,9.029,O,,0,0,[HMR2016] N3972 60386
1499,N3972,178.97037,55.31151,63605,26.245,27.211,64,26.178,94,,,0.748,8.981,OH,,1,0,[HMR2016] N3972 63605
1500,N3972,178.93103,55.32855,252165,26.751,26.868,75,26.076,93,,,1.118,9.044,O,,0,0,[HMR2016] N3972 252165
1501,N3972,178.91718,55.32075,187890,27.169,27.806,130,26.195,131,,,0.710,8.947,OH,,1,0,[HMR2016] N3972 187890
1502,N3972,178.91513,55.32658,245108,29.639,27.388,86,25.756,75,,,0.416,9.096,OH,,1,0,[HMR2016] N3972 245108
1503,N3972,178.94887,55.32088,165764,30.214,26.363,83,25.540,91,,,0.672,9.152,OH,,1,0,[HMR2016] N3972 165764
1504,N3972,178.93710,55.32566,220516,31.025,26.863,107,25.760,76,,,0.932,9.119,O,,0,0,[HMR2016] N3972 220516
1505,N3972,178.91899,55.32346,212759,31.056,26.982,72,25.884,131,,,0.882,9.095,O,,0,0,[HMR2016] N3972 212759
1506,N3972,178.91171,55.32842,264308,31.836,26.424,144,25.343,93,,,0.886,9.058,OH,,1,0,[HMR2016] N3972 264308
1507,N3972,178.96010,55.31441,96576,32.005,26.470,156,25.770,101,,,0.574,9.108,O,,0,0,[HMR2016] N3972 96576
1508,N3972,178.92680,55.32717,242318,32.030,26.547,75,25.500,69,,,0.962,9.158,OH,,1,0,[HMR2016] N3972 242318
1509,N3972,178.94186,55.32405,201829,32.288,28.242,92,26.667,193,,,0.698,9.127,O,,0,0,[HMR2016] N3972 201829
1510,N3972,178.95918,55.31423,95455,32.366,27.014,116,25.967,97,,,0.842,9.118,O,,0,0,[HMR2016] N3972 95455
1511,N3972,178.92087,55.32318,208732,32.553,27.165,171,25.749,92,,,0.840,9.123,O,,0,0,[HMR2016] N3972 208732
1512,N3972,178.92290,55.32129,188935,32.955,27.200,114,26.041,99,,,1.114,9.090,O,,0,0,[HMR2016] N3972 188935
1513,N3972,178.95854,55.31603,112666,33.424,26.776,108,25.493,48,,,0.736,9.118,OH,,1,0,[HMR2016] N3972 112666
1514,N3972,178.95213,55.31341,92766,33.821,27.010,98,25.866,147,,,0.618,9.125,O,,0,0,[HMR2016] N3972 92766
1515,N3972,178.94460,55.31487,111624,34.325,26.833,178,25.923,143,,,0.518,9.138,O,,0,0,[HMR2016] N3972 111624
1516,N3972,178.92386,55.32407,215061,35.372,26.934,100,26.066,116,,,1.226,9.202,O,,0,0,[HMR2016] N3972 215061
1517,N3972,178.94923,55.31307,91666,36.500,27.027,111,26.012,88,,,0.884,9.091,OH,,1,0,[HMR2016] N3972 91666
1518,N3972,178.92332,55.31805,157150,36.599,26.516,97,25.601,65,,,0.774,8.940,OH,,1,0,[HMR2016] N3972 157150
1519,N3972,178.95348,55.31843,138986,36.898,27.600,136,26.259,129,,,0.978,9.154,O,,0,0,[HMR2016] N3972 138986
1520,N3972,178.93785,55.32485,212410,39.392,26.856,47,25.699,82,,,0.936,9.153,OH,,1,0,[HMR2016] N3972 212410
1521,N3972,178.91415,55.32884,266436,40.857,27.002,64,25.720,93,,,0.740,9.082,O,,0,0,[HMR2016] N3972 266436
1522,N3972,178.96968,55.31139,63166,41.021,27.029,100,25.673,58,,,0.940,8.989,O,,0,0,[HMR2016] N3972 63166
1523,N3972,178.92773,55.32477,218944,44.983,27.409,155,25.814,137,,,0.676,9.245,O,,0,0,[HMR2016] N3972 218944
1524,N3972,178.95721,55.31346,89743,46.118,26.703,88,25.127,52,,,0.594,9.124,OH,,1,0,[HMR2016] N3972 89743
1525,N3972,178.94101,55.31770,141043,46.316,26.578,107,25.365,118,,,0.570,9.249,OH,,1,0,[HMR2016] N3972 141043
1526,N3972,178.92572,55.32359,209039,49.737,26.716,86,25.142,56,,,0.722,9.225,O,,0,0,[HMR2016] N3972 209039
1527,N3972,178.92363,55.32621,235503,52.223,27.560,131,25.908,115,,,0.410,9.193,O,,0,0,[HMR2016] N3972 235503
1528,N3972,178.94315,55.32057,167069,52.766,26.567,92,25.085,77,,,0.670,9.285,O,,0,0,[HMR2016] N3972 167069
1529,N3972,178.96835,55.31000,52275,53.883,26.855,63,25.417,42,,,0.822,8.990,OH,,1,0,[HMR2016] N3972 52275
1530,N3972,178.90965,55.32860,267342,54.175,26.142,83,24.869,39,,,0.692,9.032,OH,,1,0,[HMR2016] N3972 267342
1531,N3972,178.94864,55.31601,119395,55.870,26.195,79,25.075,65,,,0.446,9.218,OH,,1,0,[HMR2016] N3972 119395
1532,N3972,178.93333,55.32282,196207,57.410,26.786,94,25.361,124,,,0.682,9.315,O,,0,0,[HMR2016] N3972 196207
1533,N3972,178.91685,55.31844,165588,58.019,26.646,55,25.358,59,,,0.680,8.827,OH,,1,0,[HMR2016] N3972 165588
1534,N3972,178.92847,55.32293,200784,62.596,25.884,87,24.565,56,,,0.438,9.259,OH,,1,0,[HMR2016] N3972 200784
1535,N3972,178.94727,55.31438,105087,65.500,26.517,102,25.115,57,,,0.512,9.140,OH,,1,0,[HMR2016] N3972 105087
1536,N3972,178.94093,55.31942,157573,65.560,26.175,128,24.941,65,,,0.468,9.334,OH,,1,0,[HMR2016] N3972 157573
1537,N3972,178.93140,55.32702,237600,70.552,26.190,94,24.801,62,,,0.522,9.124,OH,,1,0,[HMR2016] N3972 237600
1538,N3972,178.89844,55.33015,288230,85.622,25.156,51,24.062,29,,,0.290,8.878,O,,0,0,[HMR2016] N3972 288230
1539,N3982,179.09991,55.12210,63455,21.071,27.062,43,26.133,87,1.034,0.832,,8.869,O,,0,0,[HMR2016] N3982 63455
1540,N3982,179.11694,55.13388,35102,21.382,26.931,37,25.941,76,1.016,0.758,,9.000,OH,R11,1,1,[HMR2016] N3982 35102
1541,N3982,179.13258,55.11489,16746,21.646,27.344,44,26.217,102,1.356,0.572,,8.726,OH,R11,1,1,[HMR2016] N3982 16746
1542,N3982,179.09709,55.12079,65962,25.095,26.967,91,26.009,109,1.100,0.892,,8.776,O,R11,0,2,[HMR2016] N3982 65962
1543,N3982,179.12321,55.11806,30019,25.364,26.849,33,25.738,58,1.112,0.624,,9.015,O,,0,0,[HMR2016] N3982 30019
1544,N3982,179.13110,55.13154,14652,28.219,26.126,38,24.983,87,1.216,0.688,,8.920,OH,,1,1,[HMR2016] N3982 14652
1545,N3982,179.12096,55.11464,35316,29.738,26.965,44,25.646,61,1.080,0.494,,8.892,OH,R11,1,1,[HMR2016] N3982 35316
1546,N3982,179.09981,55.11019,65677,29.983,27.012,47,25.640,89,1.078,0.652,,8.562,O,R11,0,1,[HMR2016] N3982 65677
1547,N3982,179.08546,55.12250,72633,32.527,27.133,29,25.898,52,0.936,0.770,,8.458,OH,R11,1,2,[HMR2016] N3982 72633
1548,N3982,179.13148,55.12278,16117,33.811,26.706,63,25.483,90,1.474,0.654,,8.962,OH,R11,1,2,[HMR2016] N3982 16117
1549,N3982,179.13931,55.11873,10406,34.210,26.918,26,25.578,54,0.964,0.848,,8.672,OH,R11,1,1,[HMR2016] N3982 10406
1550,N3982,179.12840,55.13052,17690,36.293,26.640,37,25.478,54,0.970,0.464,,9.008,O,R11,0,2,[HMR2016] N3982 17690
1551,N3982,179.09380,55.10949,69280,38.685,27.001,38,25.707,65,1.052,0.786,,8.430,OH,R11,1,2,[HMR2016] N3982 69280
1552,N3982,179.09560,55.11318,67799,40.443,27.042,41,25.942,70,1.044,0.770,,8.578,OH,R11,1,2,[HMR2016] N3982 67799
1553,N3982,179.13803,55.12525,10346,40.448,26.852,44,25.452,89,1.002,0.536,,8.793,OH,R11,1,2,[HMR2016] N3982 10346
1554,N3982,179.12650,55.11982,23686,41.150,26.258,31,25.054,50,1.020,0.694,,9.019,O,,0,0,[HMR2016] N3982 23686
1555,N3982,179.09799,55.11996,82298,41.682,26.566,23,25.627,50,0.860,0.654,,8.789,OH,R11,1,2,[HMR2016] N3982 82298
1556,N3982,179.12210,55.11772,32060,46.984,26.734,37,25.378,63,0.908,0.694,,9.015,OH,R11,1,1,[HMR2016] N3982 32060
1557,N3982,179.13664,55.12774,10837,47.457,26.836,60,25.603,98,1.170,0.416,,8.830,OH,R11,1,2,[HMR2016] N3982 10837
1558,N3982,179.11018,55.12613,48421,49.007,24.693,30,23.882,76,0.630,0.398,,9.173,O,,0,0,[HMR2016] N3982 48421
1559,N3982,179.10706,55.12805,52860,52.588,25.634,35,24.777,68,0.462,0.494,,9.055,OH,,1,0,[HMR2016] N3982 52860
1560,N3982,179.08569,55.12168,72603,57.632,26.189,43,25.141,63,0.796,0.640,,8.461,OH,R11,1,1,[HMR2016] N3982 72603
1561,N3982,179.11652,55.12375,39881,62.212,25.534,44,24.015,75,0.656,0.576,,9.319,O,,0,0,[HMR2016] N3982 39881
1562,N3982,179.12251,55.13171,26154,83.302,25.036,21,24.142,44,0.384,0.296,,9.074,OH,,1,0,[HMR2016] N3982 26154
1563,N4038,180.46532,-18.85233,241,30.378,27.025,46,25.737,58,1.074,0.910,,8.859,O,,0,0,[HMR2016] N4038 241
1564,N4038,180.46815,-18.88964,101364,36.303,26.001,35,24.888,68,0.722,0.406,,8.722,O,,0,0,[HMR2016] N4038 101364
1565,N4038,180.48082,-18.86927,46842,38.707,25.506,27,24.169,57,0.544,0.428,,9.087,O,,0,0,[HMR2016] N4038 46842
1566,N4038,180.45482,-18.87183,57613,39.827,26.336,47,25.158,71,1.116,0.734,,9.014,O,R11,0,1,[HMR2016] N4038 57613
1567,N4038,180.45769,-18.87227,59401,40.206,26.939,36,25.362,59,0.894,0.574,,9.044,OH,R11,1,0,[HMR2016] N4038 59401
1568,N4038,180.45805,-18.87166,56965,40.484,26.158,28,25.023,46,0.780,0.254,,9.054,OH,R11,1,1,[HMR2016] N4038 56965
1569,N4038,180.45792,-18.87462,67110,41.072,26.156,32,25.191,56,1.072,0.706,,9.018,OH,R11,1,1,[HMR2016] N4038 67110
1570,N4038,180.45735,-18.87264,60844,42.912,26.091,26,24.974,44,0.630,0.644,,9.037,O,R11,0,0,[HMR2016] N4038 60844
1571,N4038,180.47380,-18.85582,1757,43.982,26.644,28,25.292,47,0.822,0.496,,8.966,O,R11,0,1,[HMR2016] N4038 1757
1572,N4038,180.48360,-18.87814,74894,45.063,26.179,27,25.169,42,0.854,0.586,,8.907,O,R11,0,0,[HMR2016] N4038 74894
1573,N4038,180.47050,-18.87834,75207,45.258,26.666,33,25.253,53,1.022,0.630,,8.982,OH,R11,1,0,[HMR2016] N4038 75207
1574,N4038,180.46878,-18.85996,8455,45.761,25.377,28,24.321,54,0.668,0.534,,9.052,O,,0,0,[HMR2016] N4038 8455
1575,N4038,180.45732,-18.86800,40839,51.350,26.253,34,25.081,56,0.786,0.508,,9.054,O,R11,0,0,[HMR2016] N4038 40839
1576,N4038,180.47171,-18.85963,7578,51.836,26.047,40,24.965,54,1.054,0.552,,9.053,O,,0,0,[HMR2016] N4038 7578
1577,N4038,180.46803,-18.89281,108122,53.100,25.154,26,24.379,42,0.376,0.280,,8.648,O,,0,0,[HMR2016] N4038 108122
1578,N4038,180.47604,-18.87961,77376,53.127,26.419,40,24.792,72,0.746,0.478,,8.931,OH,R11,1,1,[HMR2016] N4038 77376
1579,N4038,180.47279,-18.86121,12435,54.500,25.928,33,25.020,58,0.872,0.524,,9.091,H,R11,1,1,[HMR2016] N4038 12435
1580,N4038,180.46747,-18.85837,4633,57.267,26.069,32,24.977,55,0.466,0.320,,9.009,OH,,1,0,[HMR2016] N4038 4633
1581,N4038,180.45773,-18.87277,61356,58.787,26.159,35,24.885,53,0.906,0.582,,9.039,O,R11,0,2,[HMR2016] N4038 61356
1582,N4038,180.45889,-18.87021,51092,64.049,25.589,18,24.349,30,0.542,0.350,,9.073,O,,0,0,[HMR2016] N4038 51092
1583,N4038,180.48499,-18.87306,62538,72.378,25.794,30,24.434,46,0.696,0.726,,8.985,OH,R11,1,1,[HMR2016] N4038 62538
1584,N4038,180.46887,-18.87481,67639,72.938,25.818,22,24.407,35,0.500,0.370,,9.067,OH,R11,1,1,[HMR2016] N4038 67639
1585,N4038,180.48074,-18.88254,82809,74.578,25.177,17,24.051,39,0.420,0.546,,8.836,O,R11,0,1,[HMR2016] N4038 82809
1586,N4038,180.47018,-18.87565,69575,80.257,24.133,15,22.956,32,0.278,0.210,,9.046,H,R11,1,1,[HMR2016] N4038 69575
1587,N4038,180.46857,-18.86059,10441,80.274,26.087,32,24.753,46,0.600,0.446,,9.065,O,R11,0,0,[HMR2016] N4038 10441
1588,N4038,180.47165,-18.87296,62104,83.753,24.515,23,23.538,41,0.230,0.388,,9.105,O,,0,0,[HMR2016] N4038 62104
1589,N4038,180.47682,-18.85992,8342,93.069,25.521,21,24.213,36,0.528,0.564,,9.055,OH,R11,1,1,[HMR2016] N4038 8342
1590,N4038,180.48360,-18.87246,60204,93.350,24.630,16,23.633,27,0.274,0.246,,9.010,O,,0,0,[HMR2016] N4038 60204
1591,N4038,180.48657,-18.87487,67811,93.573,25.782,23,24.235,37,0.528,0.304,,8.937,OH,R11,1,0,[HMR2016] N4038 67811
1592,N4038,180.46893,-18.85882,5602,94.396,25.483,31,24.399,42,0.556,0.230,,9.026,O,,0,0,[HMR2016] N4038 5602
1593,N4038,180.45854,-18.86806,41146,95.644,24.162,16,23.246,19,0.374,0.246,,9.071,O,R11,0,0,[HMR2016] N4038 41146
1594,N4038,180.47269,-18.86137,13068,97.110,24.453,24,23.656,41,0.186,0.176,,9.094,OH,,1,0,[HMR2016] N4038 13068
1595,N4258,184.66818,47.33629,MI137972,5.090,25.748,49,24.954,54,0.676,0.320,,8.835,O,M06,0,0,[MSB2006] I-137972
1596,N4258,184.70004,47.36067,MI119724,5.094,26.058,28,25.100,29,0.800,0.456,,8.883,O,M06,0,0,[MSB2006] I-119724
1597,N4258,184.68637,47.32242,MI114689,5.173,25.520,25,24.732,27,0.252,0.132,,8.879,OH,M06,1,0,[MSB2006] I-114689
1598,N4258,184.67348,47.32838,MI131488,5.196,26.325,41,25.369,40,0.806,0.340,,8.843,OH,M06,1,0,[MSB2006] I-131488
1599,N4258,184.69218,47.34374,MI120122,5.202,26.213,32,25.510,37,0.490,0.324,,8.906,O,M06,0,0,[MSB2006] I-120122
1600,N4258,184.70547,47.34983,MI104397,5.261,26.136,31,25.303,44,0.564,0.362,,8.912,O,M06,0,0,[MSB2006] I-104397
1601,N4258,184.71651,47.35660,MI090201,5.296,26.104,21,25.115,28,0.416,0.246,,8.886,O,M06,0,0,[MSB2006] I-090201
1602,N4258,184.71581,47.31682,MI048687,5.298,25.952,46,25.059,61,0.504,0.420,,8.971,O,M06,0,0,[MSB2006] I-048687
1603,N4258,184.81242,47.20335,MO041235,5.360,26.465,28,25.419,28,0.698,0.480,,8.765,O,M06,0,0,[MSB2006] O-041235
1604,N4258,184.70250,47.31665,MI082328,5.360,26.156,38,25.379,56,0.744,0.708,,8.926,O,M06,0,0,[MSB2006] I-082328
1605,N4258,184.69820,47.35334,MI117779,5.384,26.119,38,25.251,51,0.558,0.342,,8.900,OH,M06,1,0,[MSB2006] I-117779
1606,N4258,184.70056,47.31826,MI087866,5.407,26.153,40,25.130,44,0.500,0.338,,8.922,O,M06,0,0,[MSB2006] I-087866
1607,N4258,184.69608,47.32477,MI101120,5.418,26.704,51,25.563,44,0.462,0.450,,8.915,OH,M06,1,0,[MSB2006] I-101120
1608,N4258,184.84248,47.21898,MO023710,5.466,26.209,43,25.308,56,0.478,0.304,,8.755,O,R11,0,0,[MSB2006] O-023710
1609,N4258,184.70467,47.30948,MI069912,5.488,26.180,27,25.284,35,0.596,0.400,,8.921,O,M06,0,0,[MSB2006] I-069912
1610,N4258,184.70328,47.32288,MI244397,5.525,25.992,39,25.113,51,0.500,0.352,,8.936,OH,M06,1,0,[MSB2006] I-244397
1611,N4258,184.71027,47.34250,MI090095,5.676,26.458,34,25.377,33,0.778,0.410,,8.932,O,M06,0,0,[MSB2006] I-090095
1612,N4258,184.70911,47.35716,MI103773,5.701,25.870,25,24.839,26,0.426,0.218,,8.891,O,M06,0,0,[MSB2006] I-103773
1613,N4258,184.74829,47.35763,MI005859,5.790,26.218,24,25.390,25,0.692,0.446,,8.815,O,M06,0,0,[MSB2006] I-005859
1614,N4258,184.69679,47.33181,MI105576,5.885,25.839,50,25.125,53,0.492,0.380,,8.921,O,M06,0,0,[MSB2006] I-105576
1615,N4258,184.70129,47.35104,MI110835,6.056,26.096,23,25.235,29,0.504,0.256,,8.907,O,M06,0,0,[MSB2006] I-110835
1616,N4258,184.84171,47.21073,MO021853,6.156,26.700,35,25.609,33,0.478,0.248,,8.749,OH,R11,1,1,[MSB2006] O-021853
1617,N4258,184.69734,47.34789,MI115365,6.262,25.665,39,24.829,45,0.510,0.308,,8.910,O,M06,0,0,[MSB2006] I-115365
1618,N4258,184.70869,47.35082,MI099443,6.279,25.907,39,24.876,39,0.332,0.136,,8.910,OH,M06,1,0,[MSB2006] I-099443
1619,N4258,184.72116,47.31958,MI036276,6.331,25.984,34,24.888,38,0.626,0.372,,8.985,O,M06,0,0,[MSB2006] I-036276
1620,N4258,184.72084,47.35926,MI083918,6.331,26.112,27,25.453,36,0.550,0.358,,8.871,OH,M06,1,0,[MSB2006] I-083918
1621,N4258,184.64784,47.32626,MI145311,6.370,26.421,25,25.356,26,0.750,0.474,,8.749,O,M06,0,0,[MSB2006] I-145311
1622,N4258,184.70782,47.30971,MI062339,6.469,26.052,44,24.999,46,0.434,0.330,,8.933,OH,M06,1,0,[MSB2006] I-062339
1623,N4258,184.71869,47.36119,MI089949,6.472,26.321,37,25.370,40,0.516,0.276,,8.868,O,M06,0,0,[MSB2006] I-089949
1624,N4258,184.70216,47.35524,MI112659,6.498,26.212,22,25.107,22,0.434,0.276,,8.898,O,M06,0,0,[MSB2006] I-112659
1625,N4258,184.70183,47.33622,MI100040,6.523,26.211,33,25.290,38,0.850,0.532,,8.932,O,M06,0,0,[MSB2006] I-100040
1626,N4258,184.70822,47.30859,MI059878,6.552,26.491,41,25.417,43,0.784,0.474,,8.932,O,M06,0,0,[MSB2006] I-059878
1627,N4258,184.73224,47.31937,MI002666,6.557,25.874,36,24.836,48,0.352,0.272,,8.992,O,M06,0,0,[MSB2006] I-002666
1628,N4258,184.73277,47.34241,MI032080,6.559,25.929,21,24.985,29,0.282,0.358,,8.910,OH,M06,1,1,[MSB2006] I-032080
1629,N4258,184.70872,47.34810,MI097361,6.565,26.139,25,24.957,27,0.404,0.224,,8.917,OH,M06,1,0,[MSB2006] I-097361
1630,N4258,184.65646,47.31863,MI140072,6.698,26.107,37,25.148,37,0.396,0.170,,8.765,OH,M06,1,0,[MSB2006] I-140072
1631,N4258,184.71330,47.31791,MI057403,6.781,26.113,30,25.295,39,0.506,0.226,,8.964,O,M06,0,0,[MSB2006] I-057403
1632,N4258,184.69080,47.31167,MI100117,6.798,25.736,36,24.902,36,0.540,0.256,,8.875,OH,M06,1,0,[MSB2006] I-100117
1633,N4258,184.69354,47.34004,MI115841,6.913,25.963,22,24.782,29,0.650,0.306,,8.911,O,M06,0,0,[MSB2006] I-115841
1634,N4258,184.69788,47.33113,MI102993,6.943,25.957,27,25.106,34,0.846,0.444,,8.924,O,M06,0,0,[MSB2006] I-102993
1635,N4258,184.68739,47.36684,MI134078,6.972,25.991,16,24.811,26,0.516,0.216,,8.864,O,M06,0,0,[MSB2006] I-134078
1636,N4258,184.69917,47.33605,MI104685,7.015,26.370,31,25.060,30,0.492,0.236,,8.926,O,M06,0,0,[MSB2006] I-104685
1637,N4258,184.73796,47.33933,MI012281,7.067,26.069,36,25.114,39,0.538,0.254,,8.909,O,M06,0,0,[MSB2006] I-012281
1638,N4258,184.68709,47.33681,MI122534,7.081,26.124,66,25.280,71,0.892,0.384,,8.895,O,M06,0,0,[MSB2006] I-122534
1639,N4258,184.70067,47.32198,MI090883,7.161,25.987,24,25.117,25,0.560,0.530,,8.927,OH,M06,1,0,[MSB2006] I-090883
1640,N4258,184.70570,47.32851,MI086739,7.175,26.199,28,25.070,29,0.694,0.358,,8.945,O,M06,0,0,[MSB2006] I-086739
1641,N4258,184.71477,47.38594,C004,7.212,26.924,170,25.342,71,,,,8.787,O,H15,0,0,[HM2015] C004
1642,N4258,184.69524,47.33907,MI112093,7.231,26.074,26,25.047,29,0.416,0.282,,8.916,OH,M06,1,0,[MSB2006] I-112093
1643,N4258,184.70139,47.35366,MI112780,7.242,25.915,29,25.043,33,0.682,0.362,,8.901,OH,M06,1,0,[MSB2006] I-112780
1644,N4258,184.69849,47.31085,MI085481,7.254,25.972,26,24.787,27,0.434,0.222,,8.901,OH,M06,1,0,[MSB2006] I-085481
1645,N4258,184.83965,47.21322,MO023973,7.278,26.129,32,25.238,38,0.850,0.502,,8.755,OH,M06,1,0,[MSB2006] O-023973
1646,N4258,184.69838,47.33110,MI102056,7.283,26.475,34,25.513,37,0.550,0.602,,8.925,O,M06,0,0,[MSB2006] I-102056
1647,N4258,184.73328,47.32268,MI004022,7.316,25.814,25,25.094,36,0.642,0.368,,8.980,O,M06,0,0,[MSB2006] I-004022
1648,N4258,184.69363,47.31541,MI098134,7.317,26.036,28,25.132,33,0.340,0.178,,8.893,OH,M06,1,0,[MSB2006] I-098134
1649,N4258,184.72758,47.32155,MI019699,7.322,25.669,30,24.804,36,0.578,0.264,,8.988,O,M06,0,0,[MSB2006] I-019699
1650,N4258,184.69955,47.34795,MI111477,7.373,25.833,23,25.026,26,0.422,0.448,,8.912,O,M06,0,0,[MSB2006] I-111477
1651,N4258,184.70454,47.32958,MI090020,7.394,25.088,26,24.218,48,0.318,0.146,,8.942,O,M06,0,0,[MSB2006] I-090020
1652,N4258,184.71413,47.33324,MI072687,7.405,25.681,28,24.733,34,0.606,0.286,,8.955,O,M06,0,0,[MSB2006] I-072687
1653,N4258,184.70821,47.31108,MI062961,7.450,25.912,38,24.983,49,0.450,0.480,,8.937,O,M06,0,0,[MSB2006] I-062961
1654,N4258,184.69339,47.31690,MI099671,7.561,25.967,22,24.934,26,0.746,0.426,,8.895,O,M06,0,0,[MSB2006] I-099671
1655,N4258,184.70364,47.35409,MI109379,7.606,25.599,22,24.471,20,0.486,0.230,,8.901,OH,M06,1,0,[MSB2006] I-109379
1656,N4258,184.73819,47.34589,MI020604,7.627,25.994,31,24.897,33,0.670,0.558,,8.885,OH,M06,1,0,[MSB2006] I-020604
1657,N4258,184.71149,47.31027,MI052829,7.643,25.496,27,24.340,30,0.404,0.180,,8.947,OH,M06,1,0,[MSB2006] I-052829
1658,N4258,184.70320,47.35378,MI109813,7.654,25.776,27,24.692,28,0.584,0.272,,8.902,O,M06,0,0,[MSB2006] I-109813
1659,N4258,184.69940,47.31556,MI087739,7.698,25.991,25,24.964,25,0.740,0.562,,8.914,O,M06,0,0,[MSB2006] I-087739
1660,N4258,184.69304,47.33897,MI115906,7.941,25.313,23,24.201,29,0.480,0.262,,8.911,OH,M06,1,0,[MSB2006] I-115906
1661,N4258,184.69357,47.34431,MI118600,7.978,25.729,21,24.598,25,0.532,0.348,,8.908,OH,M06,1,0,[MSB2006] I-118600
1662,N4258,184.70276,47.35447,MI110950,8.084,26.219,28,25.011,34,0.538,0.504,,8.900,O,M06,0,0,[MSB2006] I-110950
1663,N4258,184.70454,47.30870,MI069280,8.194,25.440,33,24.369,50,0.260,0.214,,8.918,O,M06,0,0,[MSB2006] I-069280
1664,N4258,184.70966,47.31436,MI062955,8.204,25.795,27,24.848,30,0.658,0.364,,8.948,OH,M06,1,0,[MSB2006] I-062955
1665,N4258,184.71664,47.32424,MI055978,8.219,25.611,19,24.512,26,0.438,0.268,,8.972,OH,M06,1,0,[MSB2006] I-055978
1666,N4258,184.69621,47.34812,MI117266,8.279,25.649,23,24.866,26,0.640,0.446,,8.908,O,M06,0,0,[MSB2006] I-117266
1667,N4258,184.69925,47.32055,MI092388,8.450,25.865,17,24.515,14,0.538,0.292,,8.921,OH,M06,1,0,[MSB2006] I-092388
1668,N4258,184.68993,47.33798,MI119705,8.469,25.673,34,24.612,47,0.694,0.386,,8.903,O,M06,0,0,[MSB2006] I-119705
1669,N4258,184.84962,47.22719,C015,8.592,25.149,84,24.224,78,,,,8.741,H,H15,1,0,[HM2015] C015
1670,N4258,184.64165,47.32391,C016,8.610,25.545,68,24.575,76,,,,8.722,OH,H15,1,0,[HM2015] C016
1671,N4258,184.81122,47.20351,MO042010,8.925,25.942,29,24.840,32,0.838,0.560,,8.766,O,R11,0,1,[MSB2006] O-042010
1672,N4258,184.64983,47.32597,MI144791,8.943,25.366,18,24.399,22,0.592,0.280,,8.756,O,M06,0,0,[MSB2006] I-144791
1673,N4258,184.71936,47.35377,MI081768,8.983,25.759,25,24.708,30,0.650,0.352,,8.892,O,M06,0,0,[MSB2006] I-081768
1674,N4258,184.70050,47.34925,MI110838,9.030,25.633,22,24.466,21,0.658,0.278,,8.911,O,M06,0,1,[MSB2006] I-110838
1675,N4258,184.83968,47.21341,MO024025,9.204,25.743,15,24.760,16,0.506,0.426,,8.755,OH,R11,1,1,[MSB2006] O-024025
1676,N4258,184.69180,47.34015,MI118448,9.280,26.078,46,25.186,47,0.538,0.506,,8.907,O,M06,0,0,[MSB2006] I-118448
1677,N4258,184.79720,47.24684,C022,9.319,26.282,56,25.017,120,,,,8.868,O,H15,0,0,[HM2015] C022
1678,N4258,184.82768,47.24281,C024,9.376,25.410,40,24.250,71,,,,8.800,H,H15,1,0,[HM2015] C024
1679,N4258,184.69859,47.32639,MI098042,9.420,25.656,19,24.559,20,0.540,0.230,,8.924,OH,M06,1,0,[MSB2006] I-098042
1680,N4258,184.71193,47.35346,MI096034,9.451,25.452,26,24.736,20,0.442,0.364,,8.901,O,M06,0,0,[MSB2006] I-096034
1681,N4258,184.68915,47.33924,MI121392,9.454,25.194,30,24.333,34,0.664,0.370,,8.901,O,M06,0,0,[MSB2006] I-121392
1682,N4258,184.63615,47.35587,C025,9.546,26.030,85,24.850,132,,,,8.751,O,H15,0,0,[HM2015] C025
1683,N4258,184.79710,47.20031,C026,9.633,25.180,36,24.478,123,,,,8.753,O,H15,0,0,[HM2015] C026
1684,N4258,184.72568,47.32182,MI025760,9.684,25.659,24,24.588,31,0.640,0.278,,8.987,OH,R11,1,3,[MSB2006] I-025760
1685,N4258,184.67548,47.31709,MI125587,9.763,26.574,59,25.509,57,0.716,0.624,,8.831,OH,M06,1,0,[MSB2006] I-125587
1686,N4258,184.70911,47.31423,MI064217,9.774,25.829,31,24.751,37,0.746,0.530,,8.946,OH,R11,1,1,[MSB2006] I-064217
1687,N4258,184.84174,47.21213,MO022252,9.817,26.490,42,25.261,37,0.512,0.300,,8.750,OH,M06,1,0,[MSB2006] O-022252
1688,N4258,184.70561,47.34135,MI097498,9.906,25.724,26,24.603,26,0.454,0.384,,8.931,OH,R11,1,1,[MSB2006] I-097498
1689,N4258,184.71048,47.34829,MI094562,10.242,25.442,20,24.274,22,0.434,0.330,,8.916,O,R11,0,0,[MSB2006] I-094562
1690,N4258,184.72917,47.34401,MI044996,10.368,25.597,22,24.566,25,0.728,0.386,,8.911,O,M06,0,0,[MSB2006] I-044996
1691,N4258,184.70920,47.34230,MI091907,10.436,25.632,21,24.273,23,0.664,0.300,,8.932,O,R11,0,1,[MSB2006] I-091907
1692,N4258,184.72505,47.32063,MI025811,10.695,25.300,21,24.182,28,0.908,0.440,,8.989,OH,R11,1,2,[MSB2006] I-025811
1693,N4258,184.70488,47.33184,MI091209,10.707,25.078,15,24.139,20,0.536,0.222,,8.942,OH,R11,1,2,[MSB2006] I-091209
1694,N4258,184.70320,47.32796,MI091129,10.725,25.477,22,24.402,24,0.754,0.368,,8.938,OH,R11,1,2,[MSB2006] I-091129
1695,N4258,184.65108,47.33188,MI145186,10.743,25.316,19,24.422,21,0.738,0.470,,8.771,OH,R11,1,1,[MSB2006] I-145186
1696,N4258,184.71066,47.31184,MI057246,10.935,25.100,15,24.063,19,0.662,0.310,,8.947,OH,R11,1,2,[MSB2006] I-057246
1697,N4258,184.69812,47.34215,MI109630,10.984,25.558,27,24.603,24,0.896,0.598,,8.919,O,R11,0,1,[MSB2006] I-109630
1698,N4258,184.74165,47.36098,C033,11.033,26.876,108,25.363,112,,,,8.820,H,H15,1,0,[HM2015] C033
1699,N4258,184.71359,47.35677,MI095711,11.078,25.722,21,24.464,21,0.692,0.404,,8.889,OH,R11,1,0,[MSB2006] I-095711
1700,N4258,184.65521,47.32207,C034,11.082,25.357,50,24.514,47,,,,8.767,OH,H15,1,1,[HM2015] C034
1701,N4258,184.71169,47.30965,MI051416,11.159,25.297,31,24.363,35,0.482,0.286,,8.947,OH,M06,1,3,[MSB2006] I-051416
1702,N4258,184.71504,47.31028,MI042061,11.321,25.898,34,24.896,43,0.988,0.594,,8.960,O,M06,0,0,[MSB2006] I-042061
1703,N4258,184.72821,47.32186,MI018197,11.435,26.233,31,24.999,36,0.970,0.604,,8.987,O,M06,0,0,[MSB2006] I-018197
1704,N4258,184.71164,47.31097,MI053316,11.544,25.382,33,24.319,37,1.090,0.562,,8.949,O,M06,0,0,[MSB2006] I-053316
1705,N4258,184.70088,47.34927,MI110213,11.600,25.550,42,24.178,51,1.148,0.606,,8.911,OH,R11,1,2,[MSB2006] I-110213
1706,N4258,184.70879,47.33292,MI084547,11.616,25.174,21,24.238,28,0.708,0.400,,8.948,OH,R11,1,1,[MSB2006] I-084547
1707,N4258,184.68741,47.34670,MI126765,11.631,25.865,25,24.679,27,0.702,0.418,,8.894,O,R11,0,0,[MSB2006] I-126765
1708,N4258,184.70847,47.31073,MI061828,11.641,25.922,38,24.492,34,0.832,0.526,,8.937,OH,M06,1,0,[MSB2006] I-061828
1709,N4258,184.70793,47.34997,MI100093,11.853,25.073,20,24.193,25,1.038,0.474,,8.912,OH,R11,1,2,[MSB2006] I-100093
1710,N4258,184.70930,47.32443,MI074725,11.956,25.163,22,24.200,26,0.880,0.428,,8.955,OH,R11,1,2,[MSB2006] I-074725
1711,N4258,184.69963,47.35114,MI113982,11.990,25.528,23,24.556,20,0.682,0.480,,8.906,OH,M06,1,1,[MSB2006] I-113982
1712,N4258,184.65819,47.34448,MI144755,12.097,25.605,17,24.267,18,0.620,0.334,,8.811,OH,R11,1,1,[MSB2006] I-144755
1713,N4258,184.71440,47.32211,MI059576,12.311,25.798,22,24.570,27,0.906,0.486,,8.968,OH,R11,1,2,[MSB2006] I-059576
1714,N4258,184.69962,47.33411,MI102255,12.368,25.485,30,24.359,31,1.074,0.546,,8.928,O,R11,0,3,[MSB2006] I-102255
1715,N4258,184.70453,47.32912,MI089618,12.411,25.631,22,24.455,20,0.664,0.376,,8.942,OH,R11,1,1,[MSB2006] I-089618
1716,N4258,184.72694,47.31762,MI016299,12.549,26.178,41,24.769,35,0.768,0.506,,8.997,O,M06,0,8,[MSB2006] I-016299
1717,N4258,184.69624,47.31030,MI089375,12.648,25.372,19,24.310,22,0.576,0.330,,8.892,OH,R11,1,1,[MSB2006] I-089375
1718,N4258,184.71349,47.31023,MI046762,12.674,24.928,20,24.051,22,0.946,0.598,,8.954,O,M06,0,1,[MSB2006] I-046762
1719,N4258,184.72485,47.34466,MI058469,12.870,25.564,21,24.348,22,0.824,0.484,,8.916,OH,R11,1,1,[MSB2006] I-058469
1720,N4258,184.74147,47.36389,C039,13.091,26.157,160,24.932,107,,,,8.810,OH,H15,1,0,[HM2015] C039
1721,N4258,184.72180,47.31894,MI033484,13.789,25.036,29,24.039,44,0.566,0.236,,8.987,O,M06,0,0,[MSB2006] I-033484
1722,N4258,184.72237,47.31130,MI021703,13.880,25.864,29,24.456,29,0.866,0.500,,8.987,OH,M06,1,0,[MSB2006] I-021703
1723,N4258,184.72200,47.31537,MI175464,13.954,25.772,43,24.312,39,0.624,0.348,,8.989,OH,M06,1,0,[MSB2006] I-175464
1724,N4258,184.70981,47.35380,MI099783,14.402,25.324,21,24.299,20,0.998,0.524,,8.901,OH,R11,1,3,[MSB2006] I-099783
1725,N4258,184.71912,47.35634,MI084851,14.477,25.400,20,24.395,21,0.802,0.476,,8.884,OH,M06,1,0,[MSB2006] I-084851
1726,N4258,184.69894,47.35497,MI117710,14.496,24.923,22,23.942,26,1.318,0.640,,8.897,O,R11,0,2,[MSB2006] I-117710
1727,N4258,184.70264,47.32574,MI090355,14.532,25.421,23,24.344,22,0.668,0.440,,8.936,OH,R11,1,1,[MSB2006] I-090355
1728,N4258,184.70103,47.35073,MI111064,14.574,25.530,21,24.372,18,0.924,0.548,,8.908,O,R11,0,2,[MSB2006] I-111064
1729,N4258,184.69096,47.34608,MI122858,14.592,24.991,30,24.052,31,0.942,0.614,,8.901,OH,R11,1,1,[MSB2006] I-122858
1730,N4258,184.72334,47.31925,MI029222,14.664,25.256,30,24.301,31,0.846,0.638,,8.990,OH,R11,1,1,[MSB2006] I-029222
1731,N4258,184.71661,47.34813,MI082243,14.756,26.366,26,24.925,24,0.986,0.630,,8.914,O,M06,0,0,[MSB2006] I-082243
1732,N4258,184.71927,47.25195,F13,14.812,25.276,44,24.068,62,,,,8.787,OH,F15,1,0,[FKG2015] 13
1733,N4258,184.72713,47.31866,MI017153,14.934,26.028,35,24.416,30,0.900,0.534,,8.995,OH,M06,1,0,[MSB2006] I-017153
1734,N4258,184.69167,47.32236,MI106997,15.335,24.786,38,23.838,47,1.050,0.630,,8.897,OH,R11,1,1,[MSB2006] I-106997
1735,N4258,184.65329,47.33019,MI144134,15.587,25.160,15,24.116,16,0.898,0.504,,8.775,OH,R11,1,1,[MSB2006] I-144134
1736,N4258,184.71964,47.31498,MI034667,15.774,24.880,57,23.727,58,0.254,0.140,,8.982,OH,M06,1,0,[MSB2006] I-034667
1737,N4258,184.72821,47.31332,MI006616,16.037,24.794,21,23.712,24,0.766,0.394,,9.005,OH,R11,1,2,[MSB2006] I-006616
1738,N4258,184.71066,47.31492,MI060978,16.093,25.655,22,24.265,24,1.022,0.588,,8.952,OH,R11,1,1,[MSB2006] I-060978
1739,N4258,184.71945,47.31890,MI040434,16.175,25.200,25,23.801,26,0.872,0.464,,8.982,H,R11,1,0,[MSB2006] I-040434
1740,N4258,184.70264,47.31955,MI084934,16.205,25.119,26,23.960,26,1.024,0.668,,8.931,O,M06,0,2,[MSB2006] I-084934
1741,N4258,184.71404,47.31339,MI049332,16.213,24.599,24,23.757,25,0.692,0.458,,8.961,OH,R11,1,2,[MSB2006] I-049332
1742,N4258,184.66753,47.33600,MI138294,16.221,25.183,21,24.071,22,1.062,0.572,,8.833,OH,R11,1,0,[MSB2006] I-138294
1743,N4258,184.71249,47.31037,MI049942,16.340,25.395,19,24.186,19,0.930,0.430,,8.951,O,M06,0,1,[MSB2006] I-049942
1744,N4258,184.72800,47.32228,MI019414,16.398,25.138,28,24.087,31,1.208,0.698,,8.986,OH,R11,1,1,[MSB2006] I-019414
1745,N4258,184.72388,47.30576,MI009453,16.468,25.330,20,24.262,21,0.990,0.640,,8.983,O,M06,0,0,[MSB2006] I-009453
1746,N4258,184.70898,47.32425,MI075254,16.748,25.131,19,23.971,19,0.964,0.586,,8.954,OH,R11,1,3,[MSB2006] I-075254
1747,N4258,184.83369,47.24899,C049,16.790,24.738,36,23.872,67,,,,8.781,O,H15,0,0,[HM2015] C049
1748,N4258,184.77162,47.22363,F11,16.860,25.501,51,24.143,64,,,,8.804,OH,F15,1,0,[FKG2015] 11
1749,N4258,184.64922,47.31957,MI143829,16.861,25.830,28,24.412,26,0.764,0.546,,8.740,OH,R11,1,1,[MSB2006] I-143829
1750,N4258,184.70644,47.34574,MI099411,17.083,25.171,21,24.014,22,0.890,0.462,,8.922,OH,R11,1,1,[MSB2006] I-099411
1751,N4258,184.70905,47.34317,MI092950,17.086,25.469,18,24.267,18,1.006,0.530,,8.929,O,M06,0,1,[MSB2006] I-092950
1752,N4258,184.77168,47.24395,F36,17.549,25.249,28,24.226,75,,,,8.871,O,F15,0,0,[FKG2015] 36
1753,N4258,184.70419,47.37639,C051,17.560,25.325,58,24.117,68,,,,8.834,OH,H15,1,0,[HM2015] C051
1754,N4258,184.69815,47.35926,MI121312,17.575,25.356,21,24.175,19,0.932,0.530,,8.887,OH,R11,1,1,[MSB2006] I-121312
1755,N4258,184.70348,47.33143,MI093585,17.739,25.540,24,24.397,22,0.702,0.542,,8.939,O,R11,0,1,[MSB2006] I-093585
1756,N4258,184.71638,47.31091,MI038988,17.795,24.893,27,23.885,34,1.298,0.690,,8.966,OH,R11,1,1,[MSB2006] I-038988
1757,N4258,184.75839,47.33869,F28,17.869,25.659,46,24.410,75,,,,8.853,OH,F15,1,0,[FKG2015] 28
1758,N4258,184.68739,47.33468,MI121078,18.026,24.730,15,23.571,17,0.924,0.514,,8.895,OH,R11,1,2,[MSB2006] I-121078
1759,N4258,184.72034,47.31415,MI031478,18.163,24.646,22,23.682,21,0.954,0.656,,8.983,OH,R11,1,1,[MSB2006] I-031478
1760,N4258,184.70535,47.30861,MI067208,18.281,25.398,24,24.161,25,1.078,0.718,,8.921,O,R11,0,1,[MSB2006] I-067208
1761,N4258,184.85165,47.22660,C053,18.317,24.974,80,23.961,59,,,,8.735,OH,H15,1,0,[HM2015] C053
1762,N4258,184.71974,47.36516,C054,18.533,25.118,51,24.102,63,,,,8.852,OH,H15,1,0,[HM2015] C054
1763,N4258,184.72562,47.31336,MI014775,18.871,23.887,34,23.046,69,0.762,0.496,,8.998,OH,R11,1,1,[MSB2006] I-014775
1764,N4258,184.72353,47.32109,MI179138,19.572,25.628,30,24.314,29,0.626,0.302,,8.987,OH,M06,1,0,[MSB2006] I-179138
1765,N4258,184.70259,47.31612,MI081614,19.952,24.593,16,23.403,23,0.926,0.486,,8.926,O,R11,0,0,[MSB2006] I-081614
1766,N4258,184.72128,47.26100,F16,19.964,25.189,55,23.780,67,,,,8.826,OH,F15,1,0,[FKG2015] 16
1767,N4258,184.71165,47.35150,MI095003,20.423,25.551,22,24.156,19,1.082,0.640,,8.907,OH,R11,1,3,[MSB2006] I-095003
1768,N4258,184.73383,47.33895,MI024365,20.574,24.806,36,23.733,30,0.812,0.480,,8.920,O,R11,0,2,[MSB2006] I-024365
1769,N4258,184.73122,47.31641,MI001824,20.788,25.229,23,24.114,31,0.880,0.584,,9.002,OH,R11,1,1,[MSB2006] I-001824
1770,N4258,184.74071,47.23926,F34,20.882,25.687,50,24.104,90,,,,8.801,O,F15,0,0,[FKG2015] 34
1771,N4258,184.76530,47.22285,F27,21.133,25.316,97,24.051,59,,,,8.792,O,F15,0,0,[FKG2015] 27
1772,N4258,184.80025,47.20615,C056,21.265,25.158,86,23.765,82,,,,8.772,OH,H15,1,3,[HM2015] C056
1773,N4258,184.69005,47.33265,MI116159,21.420,24.917,15,23.848,15,0.764,0.498,,8.902,OH,R11,1,2,[MSB2006] I-116159
1774,N4258,184.71931,47.31409,MI034408,21.649,24.292,24,23.292,17,0.726,0.502,,8.980,OH,R11,1,3,[MSB2006] I-034408
1775,N4258,184.72751,47.31640,MI012898,22.119,24.952,22,23.854,24,0.884,0.568,,9.000,O,R11,0,0,[MSB2006] I-012898
1776,N4258,184.72389,47.31625,MI023741,22.432,25.501,25,23.897,23,1.090,0.638,,8.993,OH,R11,1,2,[MSB2006] I-023741
1777,N4258,184.72656,47.31756,MI017357,22.450,25.043,28,23.693,24,1.178,0.662,,8.997,O,R11,0,3,[MSB2006] I-017357
1778,N4258,184.71460,47.31130,MI044839,22.598,24.971,24,23.770,26,1.022,0.510,,8.960,OH,R11,1,1,[MSB2006] I-044839
1779,N4258,184.79462,47.31184,F02,22.855,25.162,123,23.606,132,,,,8.813,OH,F15,1,0,[FKG2015] 02
1780,N4258,184.69930,47.33694,MI105183,22.887,25.057,14,23.807,14,1.044,0.622,,8.926,OH,R11,1,3,[MSB2006] I-105183
1781,N4258,184.69827,47.33338,MI104131,22.915,24.530,30,23.453,25,1.122,0.762,,8.925,OH,R11,1,3,[MSB2006] I-104131
1782,N4258,184.72723,47.32155,MI020839,22.961,24.438,33,23.475,32,1.338,0.738,,8.988,O,M06,0,0,[MSB2006] I-020839
1783,N4258,184.71407,47.31168,MI046945,23.281,24.537,27,23.487,29,1.096,0.616,,8.959,OH,R11,1,2,[MSB2006] I-046945
1784,N4258,184.84416,47.22924,F01,23.752,25.185,49,23.842,61,,,,8.755,OH,F15,1,0,[FKG2015] 01
1785,N4258,184.71509,47.31113,MI043119,24.088,24.239,14,23.217,19,1.120,0.572,,8.961,OH,R11,1,4,[MSB2006] I-043119
1786,N4258,184.72948,47.31746,MI008361,24.135,24.684,20,23.276,21,0.944,0.404,,8.999,H,R11,1,2,[MSB2006] I-008361
1787,N4258,184.73318,47.27491,F05,24.376,25.132,70,23.855,58,,,,8.912,O,F15,0,0,[FKG2015] 05
1788,N4258,184.72375,47.31687,MI024960,24.396,24.707,17,23.473,20,0.926,0.568,,8.993,O,R11,0,2,[MSB2006] I-024960
1789,N4258,184.71988,47.31322,MI031615,24.671,25.516,27,24.019,27,1.026,0.736,,8.981,O,M06,0,3,[MSB2006] I-031615
1790,N4258,184.72037,47.31321,MI030136,24.748,24.918,26,23.536,32,0.910,0.554,,8.982,OH,R11,1,3,[MSB2006] I-030136
1791,N4258,184.70091,47.33803,MI103070,24.765,25.161,19,23.857,18,0.998,0.692,,8.928,OH,R11,1,2,[MSB2006] I-103070
1792,N4258,184.71112,47.31241,MI056661,25.263,24.044,21,23.234,25,0.734,0.432,,8.950,O,R11,0,2,[MSB2006] I-056661
1793,N4258,184.69870,47.35607,MI118782,25.845,24.165,17,23.105,17,0.866,0.500,,8.894,OH,R11,1,2,[MSB2006] I-118782
1794,N4258,184.72365,47.32622,MI037683,26.422,25.468,25,23.870,22,1.258,0.722,,8.976,OH,R11,1,1,[MSB2006] I-037683
1795,N4258,184.69649,47.33310,MI106960,26.758,24.505,21,23.402,22,1.138,0.738,,8.920,OH,R11,1,1,[MSB2006] I-106960
1796,N4258,184.74570,47.25313,F29,26.830,25.543,45,24.215,91,,,,8.863,H,F15,1,0,[FKG2015] 29
1797,N4258,184.73087,47.32120,MI009241,26.873,24.366,23,23.505,13,0.928,0.720,,8.988,OH,R11,1,2,[MSB2006] I-009241
1798,N4258,184.72461,47.31291,MI016961,27.560,24.693,15,23.381,15,0.928,0.634,,8.995,O,M06,0,0,[MSB2006] I-016961
1799,N4258,184.74556,47.26067,F38,27.588,25.039,41,23.488,94,,,,8.891,O,F15,0,0,[FKG2015] 38
1800,N4258,184.72467,47.31105,MI014316,28.006,24.784,28,23.561,32,1.158,0.726,,8.994,OH,R11,1,2,[MSB2006] I-014316
1801,N4258,184.70863,47.35116,MI099756,28.424,24.661,46,23.454,30,1.156,0.748,,8.909,OH,R11,1,3,[MSB2006] I-099756
1802,N4258,184.71745,47.31136,MI036357,28.506,23.798,26,22.798,32,0.728,0.408,,8.970,O,R11,0,2,[MSB2006] I-036357
1803,N4258,184.70311,47.31951,MI083857,29.945,23.564,30,22.701,34,0.564,0.390,,8.932,OH,R11,1,2,[MSB2006] I-083857
1804,N4258,184.77248,47.24224,F20,30.902,25.250,45,23.914,65,,,,8.867,H,F15,1,0,[FKG2015] 20
1805,N4258,184.71912,47.31499,MI036217,30.913,25.276,27,23.869,26,0.814,0.600,,8.980,OH,R11,1,1,[MSB2006] I-036217
1806,N4258,184.80029,47.20732,C068,31.192,24.740,70,23.461,45,,,,8.776,OH,H15,1,3,[HM2015] C068
1807,N4258,184.70773,47.34559,MI097135,31.195,24.921,20,23.530,18,0.794,0.534,,8.923,OH,R11,1,2,[MSB2006] I-097135
1808,N4258,184.71341,47.32261,MI062769,31.551,23.889,18,22.976,19,1.054,0.698,,8.966,OH,R11,1,1,[MSB2006] I-062769
1809,N4258,184.72401,47.31193,MI017423,31.912,24.663,22,23.261,22,1.002,0.606,,8.993,OH,R11,1,2,[MSB2006] I-017423
1810,N4258,184.71239,47.30964,MI049279,32.240,24.047,15,22.990,13,0.988,0.626,,8.949,OH,R11,1,3,[MSB2006] I-049279
1811,N4258,184.85760,47.22968,C070,32.302,24.782,54,23.486,96,,,,8.718,H,H15,1,2,[HM2015] C070
1812,N4258,184.72227,47.31203,MI022927,33.810,24.298,20,23.056,25,1.102,0.712,,8.987,O,R11,0,2,[MSB2006] I-022927
1813,N4258,184.71973,47.31095,MI029058,34.136,23.917,23,22.926,29,1.136,0.738,,8.978,OH,R11,1,2,[MSB2006] I-029058
1814,N4258,184.73048,47.31999,MI008723,34.334,24.250,20,23.032,22,1.198,0.612,,8.992,O,R11,0,1,[MSB2006] I-008723
1815,N4258,184.72417,47.31056,MI015103,34.845,24.899,15,23.576,20,0.852,0.456,,8.992,O,R11,0,1,[MSB2006] I-015103
1816,N4258,184.71263,47.35496,MI095995,34.858,24.488,18,23.213,17,1.160,0.650,,8.895,O,M06,0,1,[MSB2006] I-095995
1817,N4258,184.71471,47.30831,MI189390,34.990,23.988,23,22.879,24,0.748,0.540,,8.955,OH,R11,1,2,[MSB2006] I-189390
1818,N4258,184.72182,47.30693,MI017369,35.128,24.298,17,23.051,17,1.008,0.656,,8.978,OH,R11,1,1,[MSB2006] I-017369
1819,N4258,184.75716,47.22508,F37,36.442,24.451,28,23.151,62,,,,8.785,O,F15,0,0,[FKG2015] 37
1820,N4258,184.76169,47.34664,F06,38.145,24.773,74,23.256,86,,,,8.815,H,F15,1,0,[FKG2015] 06
1821,N4258,184.71854,47.31214,MI034159,38.915,24.037,27,22.828,28,1.196,0.708,,8.975,OH,R11,1,1,[MSB2006] I-034159
1822,N4258,184.73087,47.32065,MI008480,39.109,23.526,18,22.580,16,0.566,0.364,,8.990,OH,R11,1,2,[MSB2006] I-008480
1823,N4258,184.82317,47.28102,F10,39.125,24.691,46,23.498,87,,,,8.779,H,F15,1,0,[FKG2015] 10
1824,N4258,184.73068,47.33826,MI032759,39.311,23.957,28,22.811,26,0.988,0.638,,8.929,OH,R11,1,2,[MSB2006] I-032759
1825,N4258,184.73901,47.33236,MI000475,39.817,24.160,16,22.999,18,0.944,0.574,,8.932,OH,R11,1,1,[MSB2006] I-000475
1826,N4258,184.73917,47.33401,MI001625,41.853,23.887,40,22.627,29,0.892,0.628,,8.926,O,R11,0,1,[MSB2006] I-001625
1827,N4258,184.71964,47.31408,MI033434,42.104,23.320,23,22.451,49,0.410,0.210,,8.981,O,R11,0,3,[MSB2006] I-033434
1828,N4258,184.83594,47.22012,MO028606,43.781,24.257,22,23.006,24,0.676,0.454,,8.769,OH,R11,1,3,[MSB2006] O-028606
1829,N4258,184.74252,47.34238,MI002686,43.853,24.326,13,23.134,12,0.832,0.560,,8.886,O,R11,0,1,[MSB2006] I-002686
1830,N4258,184.70647,47.32085,MI077610,44.246,23.799,20,22.674,18,0.906,0.622,,8.945,OH,R11,1,1,[MSB2006] I-077610
1831,N4258,184.71700,47.31168,MI038231,45.529,23.720,35,22.793,37,0.224,0.224,,8.969,O,M06,0,2,[MSB2006] I-038231
1832,N4258,184.84634,47.24652,C082,45.562,23.968,50,22.794,53,,,,8.744,OH,H15,1,0,[HM2015] C082
1833,N4258,184.71928,47.34868,C083,47.104,24.612,65,23.012,64,,,,8.910,O,H15,0,0,[HM2015] C083
1834,N4258,184.71481,47.30915,C085,51.896,24.078,41,22.914,53,,,,8.957,OH,H15,1,0,[HM2015] C085
1835,N4258,184.76649,47.24885,F12,57.488,23.704,83,22.333,72,,,,8.883,OH,F15,1,0,[FKG2015] 12
1836,N4258,184.69383,47.27618,F33,60.980,24.417,68,22.877,40,,,,8.786,H,F15,1,0,[FKG2015] 33
1837,N4258,184.84549,47.21271,C089,83.258,23.302,46,22.139,78,0.310,0.288,,8.743,OH,H15,1,0,[HM2015] C089
1838,N4258,184.68517,47.28088,F03,84.618,23.699,50,22.182,48,,,,8.770,O,F15,0,0,[FKG2015] 03
1839,N4424,186.79683,9.42004,50324,16.880,26.639,125,25.399,125,,,0.850,9.105,O,,0,0,[HMR2016] N4424 50324
1840,N4424,186.80193,9.42870,39194,19.901,27.727,152,26.658,115,,,0.656,8.943,O,,0,0,[HMR2016] N4424 39194
1841,N4424,186.80171,9.41903,63638,20.751,26.595,86,25.135,91,,,0.540,9.108,O,,0,0,[HMR2016] N4424 63638
1842,N4424,186.80215,9.41830,66790,21.883,26.961,167,25.955,135,,,1.018,9.090,OH,,1,0,[HMR2016] N4424 66790
1843,N4424,186.79527,9.42358,37604,28.632,26.388,91,25.256,43,,,0.866,9.058,OH,,1,0,[HMR2016] N4424 37604
1844,N4424,186.79643,9.42204,44183,36.395,26.490,196,24.888,118,,,0.932,9.094,H,,1,0,[HMR2016] N4424 44183
1845,N4424,186.80051,9.42075,2031956,45.820,27.182,229,25.743,143,,,1.050,9.141,O,,0,0,[HMR2016] N4424 2031956
1846,N4536,188.59811,2.17822,38676,11.854,26.625,42,25.953,85,0.574,0.334,,8.814,O,,0,1,[HMR2016] N4536 38676
1847,N4536,188.59711,2.18489,48539,15.137,26.623,24,25.553,64,1.062,0.554,,8.897,O,R11,0,2,[HMR2016] N4536 48539
1848,N4536,188.59906,2.17873,38858,16.097,26.400,38,25.493,64,0.624,0.622,,8.836,H,,1,0,[HMR2016] N4536 38858
1849,N4536,188.60294,2.20339,68306,17.371,26.343,27,25.637,83,1.028,0.552,,8.979,OH,R11,1,1,[HMR2016] N4536 68306
1850,N4536,188.58983,2.18273,50050,17.667,26.263,55,25.019,121,1.096,0.536,,8.756,O,R11,0,1,[HMR2016] N4536 50050
1851,N4536,188.57851,2.19514,72777,17.896,25.885,28,25.067,80,0.808,0.354,,8.726,OH,,1,0,[HMR2016] N4536 72777
1852,N4536,188.59198,2.19544,64661,17.921,26.562,38,25.552,81,0.934,0.656,,8.928,OH,R11,1,1,[HMR2016] N4536 64661
1853,N4536,188.58466,2.17323,40923,18.447,26.702,34,25.528,71,1.012,0.952,,8.539,OH,R11,1,0,[HMR2016] N4536 40923
1854,N4536,188.57323,2.19417,75137,18.792,26.406,26,25.297,61,0.878,0.708,,8.636,OH,R11,1,1,[HMR2016] N4536 75137
1855,N4536,188.58699,2.17317,38963,19.223,26.260,48,25.051,79,1.214,0.964,,8.573,OH,R11,1,1,[HMR2016] N4536 38963
1856,N4536,188.59843,2.19878,65080,19.394,26.104,29,25.208,55,0.666,0.588,,9.013,O,R11,0,0,[HMR2016] N4536 65080
1857,N4536,188.57588,2.19187,69821,20.134,26.589,40,25.557,89,0.820,0.286,,8.653,OH,R11,1,1,[HMR2016] N4536 69821
1858,N4536,188.58859,2.17081,33174,20.794,26.064,51,25.341,93,1.092,0.522,,8.560,OH,R11,1,0,[HMR2016] N4536 33174
1859,N4536,188.58972,2.19151,60845,21.572,26.298,47,25.382,88,1.046,0.506,,8.862,OH,R11,1,0,[HMR2016] N4536 60845
1860,N4536,188.59560,2.17595,36586,21.774,26.525,40,25.237,89,1.038,0.844,,8.742,OH,R11,1,0,[HMR2016] N4536 36586
1861,N4536,188.58829,2.18875,58232,21.854,26.232,27,25.197,65,1.106,0.804,,8.810,OH,R11,1,0,[HMR2016] N4536 58232
1862,N4536,188.59225,2.18304,49022,22.232,26.339,31,25.197,68,1.138,0.630,,8.797,O,R11,0,1,[HMR2016] N4536 49022
1863,N4536,188.61064,2.19857,57486,23.267,26.061,39,24.934,83,1.076,0.884,,9.012,O,,0,0,[HMR2016] N4536 57486
1864,N4536,188.59290,2.16838,25262,23.278,27.099,43,25.580,81,1.222,0.732,,8.582,O,R11,0,2,[HMR2016] N4536 25262
1865,N4536,188.59863,2.20055,67162,24.060,26.107,30,24.998,69,1.198,0.614,,9.004,OH,R11,1,0,[HMR2016] N4536 67162
1866,N4536,188.58302,2.19923,75858,24.276,25.823,36,24.952,67,1.278,0.356,,8.824,O,,0,0,[HMR2016] N4536 75858
1867,N4536,188.59232,2.18484,51211,24.715,25.375,31,24.315,109,0.760,0.686,,8.823,OH,,1,0,[HMR2016] N4536 51211
1868,N4536,188.59061,2.18233,49080,27.532,26.457,37,25.307,62,1.058,0.784,,8.762,OH,R11,1,0,[HMR2016] N4536 49080
1869,N4536,188.59233,2.18311,49049,29.330,25.647,34,24.867,77,0.606,0.526,,8.799,O,,0,0,[HMR2016] N4536 49049
1870,N4536,188.59335,2.18398,49524,29.433,26.295,58,25.104,158,1.280,0.922,,8.827,OH,R11,1,0,[HMR2016] N4536 49524
1871,N4536,188.59293,2.16817,24880,29.660,26.242,33,25.087,79,1.020,0.422,,8.579,OH,R11,1,2,[HMR2016] N4536 24880
1872,N4536,188.59811,2.17839,39040,30.139,26.355,26,25.103,51,0.840,0.824,,8.816,O,R11,0,1,[HMR2016] N4536 39040
1873,N4536,188.59198,2.16953,28024,30.222,26.597,53,25.385,89,1.126,0.982,,8.588,O,R11,0,1,[HMR2016] N4536 28024
1874,N4536,188.59799,2.18340,46407,31.971,25.912,35,24.707,69,1.264,0.442,,8.890,OH,R11,1,1,[HMR2016] N4536 46407
1875,N4536,188.59926,2.16697,17373,35.129,25.589,41,24.647,83,0.998,0.714,,8.647,O,,0,0,[HMR2016] N4536 17373
1876,N4536,188.59148,2.17663,41282,35.211,25.531,23,24.451,46,0.736,0.584,,8.692,OH,R11,1,0,[HMR2016] N4536 41282
1877,N4536,188.58658,2.18693,56960,36.764,25.627,43,24.401,87,1.180,0.558,,8.761,OH,R11,1,0,[HMR2016] N4536 56960
1878,N4536,188.58810,2.18631,55447,37.275,25.838,33,24.759,45,0.846,0.602,,8.777,OH,R11,1,1,[HMR2016] N4536 55447
1879,N4536,188.57784,2.19303,70171,37.596,25.716,23,24.698,54,1.048,0.562,,8.695,OH,R11,1,1,[HMR2016] N4536 70171
1880,N4536,188.60059,2.18202,42962,38.413,25.533,29,24.443,69,1.156,0.580,,8.909,OH,,1,0,[HMR2016] N4536 42962
1881,N4536,188.58098,2.19774,75055,41.674,25.787,22,24.738,35,0.646,0.482,,8.785,O,,0,0,[HMR2016] N4536 75055
1882,N4536,188.58711,2.17143,35530,42.932,25.857,30,24.646,50,0.904,0.866,,8.548,OH,R11,1,1,[HMR2016] N4536 35530
1883,N4536,188.59048,2.20194,74682,44.280,25.536,48,24.329,62,1.070,0.478,,8.928,OH,R11,1,0,[HMR2016] N4536 74682
1884,N4536,188.59875,2.19737,62963,50.041,25.597,28,24.348,50,0.932,0.666,,9.020,OH,R11,1,1,[HMR2016] N4536 62963
1885,N4536,188.58411,2.19363,66973,52.416,24.963,30,24.086,88,0.974,0.830,,8.797,O,R11,0,2,[HMR2016] N4536 66973
1886,N4536,188.58333,2.17335,42055,52.973,25.216,23,24.047,32,0.870,0.628,,8.521,OH,R11,1,0,[HMR2016] N4536 42055
1887,N4536,188.58305,2.17743,47585,54.534,25.093,31,23.984,76,0.982,0.330,,8.578,OH,R11,1,1,[HMR2016] N4536 47585
1888,N4536,188.58186,2.19568,71233,59.274,24.656,20,23.460,45,0.844,0.376,,8.781,H,R11,1,1,[HMR2016] N4536 71233
1889,N4536,188.59901,2.19942,65517,59.457,25.595,32,24.246,51,0.780,0.538,,9.014,OH,R11,1,1,[HMR2016] N4536 65517
1890,N4536,188.58894,2.20044,73471,68.535,25.680,22,24.377,93,0.684,0.398,,8.909,O,R11,0,1,[HMR2016] N4536 73471
1891,N4536,188.59229,2.20148,72636,70.451,24.941,19,23.767,22,0.484,0.366,,8.948,H,,1,0,[HMR2016] N4536 72636
1892,N4536,188.59991,2.18247,44078,93.621,24.252,14,23.188,24,0.344,0.284,,8.905,OH,R11,1,1,[HMR2016] N4536 44078
1893,N4536,188.59660,2.18476,48663,98.775,24.386,9,23.056,13,0.402,0.338,,8.887,H,R11,1,0,[HMR2016] N4536 48663
1894,N4639,190.72768,13.25392,35389,21.535,26.855,38,25.593,145,0.784,0.146,,9.059,OH,,1,0,[HMR2016] N4639 35389
1895,N4639,190.73071,13.26104,33734,22.261,26.738,48,25.787,150,1.264,0.552,,8.885,OH,R11,1,0,[HMR2016] N4639 33734
1896,N4639,190.72102,13.24735,46993,25.503,27.049,56,25.889,108,1.044,0.662,,8.976,OH,R11,1,2,[HMR2016] N4639 46993
1897,N4639,190.72414,13.25067,41122,25.807,26.607,30,25.624,130,0.896,0.506,,9.078,OH,R11,1,1,[HMR2016] N4639 41122
1898,N4639,190.72414,13.24921,39959,26.308,26.608,43,25.640,160,1.226,0.780,,9.035,O,R11,0,3,[HMR2016] N4639 39959
1899,N4639,190.72116,13.26482,64316,27.149,26.364,43,25.370,158,0.918,0.858,,9.022,H,R11,1,1,[HMR2016] N4639 64316
1900,N4639,190.72629,13.24809,34553,29.199,26.427,44,25.657,137,0.874,0.744,,8.980,O,R11,0,0,[HMR2016] N4639 34553
1901,N4639,190.72588,13.25408,39422,30.599,26.851,60,25.847,167,1.202,0.712,,9.110,H,,1,0,[HMR2016] N4639 39422
1902,N4639,190.71912,13.26802,78588,30.843,26.472,26,25.643,152,1.090,0.330,,8.934,OH,R11,1,1,[HMR2016] N4639 78588
1903,N4639,190.71115,13.27251,105055,32.083,26.003,22,25.226,83,0.990,0.580,,8.805,OH,,1,0,[HMR2016] N4639 105055
1904,N4639,190.72403,13.25423,44462,32.525,25.823,35,25.151,150,0.706,0.204,,9.159,H,,1,0,[HMR2016] N4639 44462
1905,N4639,190.72395,13.25470,45055,32.589,25.986,27,25.119,135,0.956,0.486,,9.166,OH,R11,1,1,[HMR2016] N4639 45055
1906,N4639,190.70908,13.26989,107795,33.076,26.616,41,25.658,164,1.296,0.906,,8.879,H,R11,1,1,[HMR2016] N4639 107795
1907,N4639,190.70998,13.24950,89925,33.448,26.859,39,26.038,152,1.242,0.832,,8.876,H,R11,1,1,[HMR2016] N4639 89925
1908,N4639,190.73302,13.25647,27312,34.096,26.368,36,25.473,90,1.118,0.580,,8.887,OH,R11,1,2,[HMR2016] N4639 27312
1909,N4639,190.71564,13.27607,97020,35.593,27.142,31,25.924,117,0.824,0.596,,8.663,O,R11,0,0,[HMR2016] N4639 97020
1910,N4639,190.72166,13.25059,48106,37.978,25.891,38,25.042,118,1.040,0.664,,9.094,O,,0,1,[HMR2016] N4639 48106
1911,N4639,190.72562,13.24296,32876,38.035,26.326,32,25.172,101,1.110,0.530,,8.821,O,R11,0,0,[HMR2016] N4639 32876
1912,N4639,190.71890,13.25026,56450,38.619,26.291,39,25.052,87,1.064,0.478,,9.072,O,,0,2,[HMR2016] N4639 56450
1913,N4639,190.71483,13.25664,81322,39.936,26.377,39,25.460,218,1.020,0.446,,9.214,O,R11,0,1,[HMR2016] N4639 81322
1914,N4639,190.71149,13.25232,87883,40.905,26.106,25,25.146,111,0.866,0.636,,9.003,OH,R11,1,0,[HMR2016] N4639 87883
1915,N4639,190.70508,13.26794,114011,41.189,25.914,30,24.943,140,0.760,0.630,,8.871,OH,R11,1,2,[HMR2016] N4639 114011
1916,N4639,190.73314,13.25608,26954,45.661,26.428,29,25.406,120,0.906,1.000,,8.887,H,R11,1,2,[HMR2016] N4639 26954
1917,N4639,190.71700,13.26691,84641,47.979,25.614,36,24.893,98,0.576,0.292,,8.997,H,,1,0,[HMR2016] N4639 84641
1918,N4639,190.71477,13.25241,76749,48.270,26.227,45,25.068,222,1.058,0.418,,9.086,H,R11,1,1,[HMR2016] N4639 76749
1919,N4639,190.71846,13.27400,86917,48.911,26.140,26,25.055,79,0.820,0.718,,8.716,H,R11,1,1,[HMR2016] N4639 86917
1920,N4639,190.71132,13.25582,91692,50.178,25.858,27,24.619,103,0.796,0.492,,9.089,H,R11,1,0,[HMR2016] N4639 91692
1921,N4639,190.70450,13.26849,115343,53.872,26.576,46,25.372,164,1.028,0.570,,8.849,H,R11,1,1,[HMR2016] N4639 115343
1922,N4639,190.72047,13.24661,47978,55.573,25.988,26,25.115,92,0.706,0.488,,8.946,H,R11,1,2,[HMR2016] N4639 47978
1923,N4639,190.71564,13.24826,66107,55.990,25.780,39,24.839,130,0.708,0.642,,8.954,H,,1,0,[HMR2016] N4639 66107
1924,N4639,190.71265,13.26427,95301,59.462,23.944,32,23.276,88,0.406,0.564,,9.082,H,,1,0,[HMR2016] N4639 95301
1925,N4639,190.72769,13.25644,36973,81.011,26.444,30,24.958,90,0.544,0.294,,9.055,H,R11,1,0,[HMR2016] N4639 36973
1926,N5584,215.60454,-0.39024,697115,20.062,27.313,51,26.205,88,0.974,0.462,1.060,9.023,O,,0,0,[HMR2016] N5584 697115
1927,N5584,215.59914,-0.37953,424677,20.073,27.837,84,26.642,122,1.022,0.772,0.982,8.947,O,,0,0,[HMR2016] N5584 424677
1928,N5584,215.59335,-0.38313,437977,20.098,27.014,96,26.521,160,0.810,0.320,0.498,8.996,O,,0,0,[HMR2016] N5584 437977
1929,N5584,215.59547,-0.38929,584466,20.112,27.190,45,26.316,73,0.898,0.468,0.796,9.045,O,,0,0,[HMR2016] N5584 584466
1930,N5584,215.59547,-0.37314,258671,20.197,27.431,56,26.372,94,1.312,0.538,1.060,8.795,O,R11,0,0,[HMR2016] N5584 258671
1931,N5584,215.60384,-0.39944,874062,20.206,27.810,62,26.457,90,1.186,0.868,1.342,8.869,O,,0,0,[HMR2016] N5584 874062
1932,N5584,215.61302,-0.39095,797934,20.248,27.512,32,26.522,98,1.072,0.434,1.372,8.793,O,,0,0,[HMR2016] N5584 797934
1933,N5584,215.60312,-0.38403,556696,20.277,26.922,68,25.811,71,0.782,0.406,0.890,8.996,O,,0,0,[HMR2016] N5584 556696
1934,N5584,215.60915,-0.39025,744518,20.484,27.940,65,26.572,125,0.976,0.784,1.108,8.899,O,,0,0,[HMR2016] N5584 744518
1935,N5584,215.60127,-0.39080,674808,20.488,27.907,59,26.663,111,0.888,0.434,1.062,9.084,O,,0,0,[HMR2016] N5584 674808
1936,N5584,215.59344,-0.38551,487089,20.571,27.101,42,25.916,67,1.034,0.354,1.108,9.014,O,,0,0,[HMR2016] N5584 487089
1937,N5584,215.61319,-0.38935,767732,20.599,26.951,77,26.079,138,0.744,0.516,0.546,8.782,O,,0,0,[HMR2016] N5584 767732
1938,N5584,215.59283,-0.36907,151156,20.614,27.513,49,26.298,84,1.004,0.562,1.014,8.691,O,,0,0,[HMR2016] N5584 151156
1939,N5584,215.61232,-0.39088,789518,20.634,26.984,46,25.859,121,1.014,0.400,0.952,8.813,O,,0,0,[HMR2016] N5584 789518
1940,N5584,215.59840,-0.40295,889136,20.774,27.309,68,26.131,106,1.054,0.750,0.766,8.754,OH,R11,1,0,[HMR2016] N5584 889136
1941,N5584,215.61513,-0.38704,741044,20.973,27.610,42,26.601,97,1.006,0.544,1.234,8.709,O,,0,0,[HMR2016] N5584 741044
1942,N5584,215.60339,-0.39532,787283,21.072,27.314,49,26.455,89,1.266,0.672,1.564,8.968,OH,R11,1,0,[HMR2016] N5584 787283
1943,N5584,215.59824,-0.39064,640109,21.148,27.484,79,26.215,124,1.016,0.396,0.814,9.080,O,,0,0,[HMR2016] N5584 640109
1944,N5584,215.61517,-0.39428,886741,21.214,28.049,63,26.467,122,0.968,0.144,0.970,8.736,O,,0,0,[HMR2016] N5584 886741
1945,N5584,215.61021,-0.38311,611528,21.282,26.860,54,25.982,97,1.036,0.392,0.830,8.796,O,,0,0,[HMR2016] N5584 611528
1946,N5584,215.59090,-0.37880,325693,21.328,27.787,46,26.735,101,0.968,0.606,1.142,8.890,O,,0,0,[HMR2016] N5584 325693
1947,N5584,215.58342,-0.37689,211148,21.392,27.512,72,26.482,130,0.930,0.740,0.908,8.718,O,,0,0,[HMR2016] N5584 211148
1948,N5584,215.60362,-0.38537,589456,21.412,27.792,99,26.289,135,0.930,0.748,0.892,9.010,OH,,1,0,[HMR2016] N5584 589456
1949,N5584,215.60249,-0.38814,633407,22.183,27.296,84,25.947,96,0.720,0.380,0.658,9.077,O,,0,0,[HMR2016] N5584 633407
1950,N5584,215.61249,-0.39399,853244,22.529,27.231,55,26.337,105,1.294,0.748,1.006,8.806,O,R11,0,0,[HMR2016] N5584 853244
1951,N5584,215.59235,-0.39403,648122,22.685,28.124,78,26.905,149,0.974,0.806,0.942,8.875,OH,,1,0,[HMR2016] N5584 648122
1952,N5584,215.60036,-0.38775,603762,22.779,26.807,60,25.679,53,0.780,0.476,0.770,9.134,O,,0,0,[HMR2016] N5584 603762
1953,N5584,215.60162,-0.38510,562960,22.838,27.681,65,26.179,139,1.502,0.482,1.132,9.054,O,,0,0,[HMR2016] N5584 562960
1954,N5584,215.59679,-0.39525,718451,22.913,26.636,55,25.619,85,1.034,0.586,1.100,8.938,O,,0,0,[HMR2016] N5584 718451
1955,N5584,215.59373,-0.38845,549585,22.924,26.959,47,26.083,96,0.996,0.720,1.320,9.008,OH,R11,1,1,[HMR2016] N5584 549585
1956,N5584,215.59604,-0.38566,516608,22.965,27.383,79,26.517,121,0.858,0.526,0.802,9.079,O,,0,0,[HMR2016] N5584 516608
1957,N5584,215.59792,-0.37501,321323,22.967,27.378,68,26.232,97,0.840,0.532,0.976,8.835,O,R11,0,1,[HMR2016] N5584 321323
1958,N5584,215.58920,-0.36763,86318,23.080,27.426,51,26.262,117,1.406,0.498,0.976,8.643,O,,0,0,[HMR2016] N5584 86318
1959,N5584,215.61555,-0.39670,938088,23.271,27.459,62,26.332,104,1.086,0.530,0.834,8.717,O,,0,0,[HMR2016] N5584 938088
1960,N5584,215.60078,-0.38213,494049,23.316,27.263,63,26.222,73,0.910,0.568,1.054,8.997,O,,0,0,[HMR2016] N5584 494049
1961,N5584,215.58232,-0.39356,534937,23.338,26.784,53,26.162,149,1.282,0.770,1.054,8.622,OH,R11,1,0,[HMR2016] N5584 534937
1962,N5584,215.58397,-0.37080,96368,23.369,27.105,61,26.205,117,0.772,0.666,0.818,8.649,O,,0,0,[HMR2016] N5584 96368
1963,N5584,215.58266,-0.38057,276835,23.403,26.790,69,26.026,135,1.096,0.458,0.976,8.722,O,,0,0,[HMR2016] N5584 276835
1964,N5584,215.58337,-0.39387,552392,23.440,26.958,54,26.079,120,1.038,0.704,1.228,8.646,O,R11,0,0,[HMR2016] N5584 552392
1965,N5584,215.59494,-0.37748,340379,23.553,27.747,66,26.456,87,0.852,0.830,0.946,8.904,OH,,1,0,[HMR2016] N5584 340379
1966,N5584,215.60323,-0.40131,905168,23.572,26.808,35,25.772,59,1.196,0.498,1.102,8.824,O,,0,0,[HMR2016] N5584 905168
1967,N5584,215.61009,-0.40453,1038160,23.738,26.932,47,26.199,84,1.186,0.506,0.946,8.709,O,,0,0,[HMR2016] N5584 1038160
1968,N5584,215.61011,-0.39106,770504,23.965,27.589,56,26.044,105,0.854,0.552,0.898,8.874,O,,0,0,[HMR2016] N5584 770504
1969,N5584,215.59943,-0.38511,540558,24.094,26.783,73,25.928,120,0.560,0.360,0.504,9.094,O,,0,0,[HMR2016] N5584 540558
1970,N5584,215.59358,-0.38517,481285,24.161,26.588,72,25.587,68,1.012,0.404,0.978,9.017,O,,0,0,[HMR2016] N5584 481285
1971,N5584,215.61163,-0.40454,1055460,24.168,27.200,67,26.117,99,1.110,0.492,1.088,8.691,O,,0,0,[HMR2016] N5584 1055460
1972,N5584,215.59949,-0.37422,321793,24.207,27.481,113,26.194,113,1.120,0.704,0.726,8.802,O,,0,0,[HMR2016] N5584 321793
1973,N5584,215.59248,-0.37882,342112,24.235,27.057,43,26.086,77,0.914,0.486,0.646,8.913,O,,0,0,[HMR2016] N5584 342112
1974,N5584,215.58717,-0.36849,82928,24.289,26.913,51,26.024,94,1.024,0.630,0.946,8.646,OH,R11,1,1,[HMR2016] N5584 82928
1975,N5584,215.60403,-0.39792,845788,24.350,26.820,53,25.958,111,0.650,0.362,0.742,8.905,O,,0,0,[HMR2016] N5584 845788
1976,N5584,215.59816,-0.37877,399436,24.674,27.082,65,26.057,104,1.204,0.516,1.074,8.934,O,,0,0,[HMR2016] N5584 399436
1977,N5584,215.58821,-0.40016,729270,24.714,27.041,43,26.000,71,1.156,0.742,1.136,8.647,O,R11,0,1,[HMR2016] N5584 729270
1978,N5584,215.59360,-0.39440,668576,24.754,27.784,83,26.416,158,0.770,0.158,0.442,8.896,O,,0,0,[HMR2016] N5584 668576
1979,N5584,215.59930,-0.37916,419182,24.781,26.632,70,25.825,97,0.622,0.396,0.536,8.936,O,,0,0,[HMR2016] N5584 419182
1980,N5584,215.61171,-0.39635,892554,25.028,27.390,63,25.990,120,1.120,0.614,1.074,8.811,OH,R11,1,0,[HMR2016] N5584 892554
1981,N5584,215.60971,-0.39836,912240,25.069,27.564,44,26.470,96,1.228,0.766,1.216,8.827,OH,R11,1,0,[HMR2016] N5584 912240
1982,N5584,215.58862,-0.36821,91999,25.250,27.521,65,26.405,104,1.340,0.876,0.884,8.652,O,,0,0,[HMR2016] N5584 91999
1983,N5584,215.59764,-0.40016,825506,25.307,27.626,50,26.736,100,1.052,0.680,1.090,8.820,O,R11,0,0,[HMR2016] N5584 825506
1984,N5584,215.59410,-0.38464,475792,25.391,27.367,65,26.187,104,1.232,0.738,1.342,9.027,O,,0,0,[HMR2016] N5584 475792
1985,N5584,215.59032,-0.37060,156158,25.456,26.763,49,25.924,82,0.884,0.796,0.836,8.718,O,,0,0,[HMR2016] N5584 156158
1986,N5584,215.60097,-0.39420,740028,25.572,27.246,60,26.218,101,1.342,1.046,0.932,9.005,OH,R11,1,1,[HMR2016] N5584 740028
1987,N5584,215.61288,-0.37874,550434,25.595,27.386,61,26.327,125,1.084,0.818,1.136,8.650,OH,R11,1,1,[HMR2016] N5584 550434
1988,N5584,215.59171,-0.40488,859464,25.628,27.140,50,26.119,81,1.154,0.696,1.136,8.606,O,,0,0,[HMR2016] N5584 859464
1989,N5584,215.59479,-0.38644,519642,25.751,26.822,35,25.824,60,1.184,0.628,1.042,9.051,O,R11,0,1,[HMR2016] N5584 519642
1990,N5584,215.60895,-0.39365,810479,25.956,27.230,51,26.224,100,1.374,0.846,1.184,8.896,O,,0,0,[HMR2016] N5584 810479
1991,N5584,215.60893,-0.38795,696165,26.001,26.624,44,25.780,45,1.026,0.686,0.994,8.893,O,,0,0,[HMR2016] N5584 696165
1992,N5584,215.60522,-0.39289,757081,26.001,26.546,56,25.482,78,1.106,0.680,0.930,8.985,O,,0,0,[HMR2016] N5584 757081
1993,N5584,215.61075,-0.39485,852752,26.360,27.035,51,25.697,67,1.456,0.800,1.214,8.845,H,R11,1,1,[HMR2016] N5584 852752
1994,N5584,215.61208,-0.40281,1023938,26.379,26.794,50,25.739,79,1.028,0.278,1.166,8.717,O,,0,1,[HMR2016] N5584 1023938
1995,N5584,215.58797,-0.37007,121760,26.641,27.983,63,26.774,114,0.778,1.216,1.150,8.687,O,,0,0,[HMR2016] N5584 121760
1996,N5584,215.61282,-0.38673,711358,26.646,26.984,48,26.068,70,1.318,0.666,1.322,8.772,O,R11,0,1,[HMR2016] N5584 711358
1997,N5584,215.60541,-0.38320,563696,26.666,27.401,83,26.219,110,1.578,0.724,1.244,8.923,OH,R11,1,0,[HMR2016] N5584 563696
1998,N5584,215.60928,-0.38314,602554,26.721,27.073,62,25.996,83,1.348,0.894,1.086,8.822,OH,R11,1,0,[HMR2016] N5584 602554
1999,N5584,215.60072,-0.37244,298430,27.534,27.125,46,26.129,107,1.338,0.946,1.268,8.741,OH,R11,1,0,[HMR2016] N5584 298430
2000,N5584,215.61336,-0.39728,927325,27.868,27.407,48,26.100,71,1.088,0.752,1.000,8.765,OH,R11,1,0,[HMR2016] N5584 927325
2001,N5584,215.60091,-0.38069,466137,28.020,27.326,53,26.129,75,1.098,0.754,1.140,8.957,O,R11,0,1,[HMR2016] N5584 466137
2002,N5584,215.59129,-0.37642,281768,28.227,27.216,67,26.377,123,1.078,0.786,0.842,8.852,OH,,1,0,[HMR2016] N5584 281768
2003,N5584,215.58949,-0.37474,230093,28.363,27.895,66,26.338,86,1.256,0.642,1.042,8.798,OH,R11,1,0,[HMR2016] N5584 230093
2004,N5584,215.59460,-0.38533,495038,28.658,27.120,59,26.202,88,0.886,0.730,0.962,9.043,O,,0,0,[HMR2016] N5584 495038
2005,N5584,215.59998,-0.37848,412396,28.873,26.778,45,25.932,64,1.234,0.808,1.332,8.911,OH,R11,1,1,[HMR2016] N5584 412396
2006,N5584,215.58936,-0.38421,418643,29.051,26.849,70,25.718,143,1.064,0.414,1.004,8.904,O,R11,0,0,[HMR2016] N5584 418643
2007,N5584,215.60886,-0.40681,1073816,29.513,27.146,45,26.029,115,0.992,0.724,0.984,8.670,OH,R11,1,1,[HMR2016] N5584 1073816
2008,N5584,215.61165,-0.40088,981628,29.597,26.770,42,25.763,79,0.942,0.540,1.030,8.755,O,,0,0,[HMR2016] N5584 981628
2009,N5584,215.59991,-0.38135,469580,29.624,26.577,52,25.390,50,1.022,0.594,0.906,8.988,O,,0,0,[HMR2016] N5584 469580
2010,N5584,215.60278,-0.37922,455910,29.965,27.609,60,26.318,117,1.068,0.824,0.780,8.889,O,,0,0,[HMR2016] N5584 455910
2011,N5584,215.60004,-0.38334,511109,30.006,26.983,49,25.844,79,1.266,0.924,1.146,9.039,OH,R11,1,1,[HMR2016] N5584 511109
2012,N5584,215.59633,-0.38491,504490,30.068,26.598,86,25.688,93,0.998,0.626,0.702,9.076,OH,R11,1,0,[HMR2016] N5584 504490
2013,N5584,215.59900,-0.37493,330805,30.141,26.301,72,25.619,101,0.612,0.264,0.550,8.825,O,,0,0,[HMR2016] N5584 330805
2014,N5584,215.58817,-0.37750,271677,30.171,27.948,72,26.219,111,0.938,0.494,0.946,8.823,O,,0,0,[HMR2016] N5584 271677
2015,N5584,215.60912,-0.37214,378235,30.171,27.023,42,25.922,74,1.008,0.640,0.930,8.594,OH,R11,1,1,[HMR2016] N5584 378235
2016,N5584,215.59390,-0.38696,521128,30.261,26.958,47,25.884,60,0.928,0.752,1.172,9.025,OH,R11,1,1,[HMR2016] N5584 521128
2017,N5584,215.58958,-0.38638,464626,30.313,27.110,40,25.909,77,0.996,0.792,1.324,8.906,OH,R11,1,0,[HMR2016] N5584 464626
2018,N5584,215.59671,-0.37588,326705,30.378,27.712,39,26.359,67,1.154,0.772,1.308,8.864,O,,0,0,[HMR2016] N5584 326705
2019,N5584,215.61053,-0.39825,918325,30.503,26.755,38,25.881,56,1.330,0.680,1.366,8.813,OH,R11,1,0,[HMR2016] N5584 918325
2020,N5584,215.59921,-0.37454,325458,30.733,27.265,51,25.922,66,1.102,0.192,1.164,8.813,O,,0,0,[HMR2016] N5584 325458
2021,N5584,215.61250,-0.39486,871337,31.012,26.265,53,25.440,49,1.178,0.568,1.070,8.802,O,,0,0,[HMR2016] N5584 871337
2022,N5584,215.58997,-0.37286,197260,31.039,27.690,69,26.146,67,0.922,0.382,0.632,8.765,O,,0,1,[HMR2016] N5584 197260
2023,N5584,215.61398,-0.39115,811974,31.067,26.417,41,25.303,65,1.128,0.634,0.948,8.767,H,R11,1,1,[HMR2016] N5584 811974
2024,N5584,215.60165,-0.39912,845553,31.121,26.303,35,25.377,54,1.186,0.568,1.052,8.878,O,,0,0,[HMR2016] N5584 845553
2025,N5584,215.58788,-0.37507,220248,31.366,26.604,49,25.512,79,1.290,0.652,1.198,8.781,OH,R11,1,1,[HMR2016] N5584 220248
2026,N5584,215.59978,-0.38249,491027,31.425,27.105,49,26.221,92,1.026,0.574,1.032,9.020,O,,0,0,[HMR2016] N5584 491027
2027,N5584,215.59286,-0.37301,229600,31.460,27.146,50,26.104,73,0.908,0.428,0.898,8.788,O,,0,0,[HMR2016] N5584 229600
2028,N5584,215.61157,-0.40412,1045353,31.492,26.985,50,25.916,82,1.358,0.692,1.226,8.700,O,,0,0,[HMR2016] N5584 1045353
2029,N5584,215.59480,-0.38152,420418,31.527,26.970,85,25.832,119,0.908,0.164,0.852,8.994,O,,0,0,[HMR2016] N5584 420418
2030,N5584,215.59399,-0.37860,353561,31.704,27.057,55,25.894,49,0.994,0.586,0.834,8.925,O,,1,1,[HMR2016] N5584 353561
2031,N5584,215.60831,-0.39291,789264,31.709,27.252,84,26.300,179,0.808,0.468,0.774,8.916,O,,0,0,[HMR2016] N5584 789264
2032,N5584,215.60284,-0.38202,513372,31.986,26.811,37,25.625,61,1.088,0.666,1.096,8.957,OH,,1,0,[HMR2016] N5584 513372
2033,N5584,215.60007,-0.40667,979358,32.069,27.895,45,26.511,85,0.816,0.488,0.872,8.669,O,,0,0,[HMR2016] N5584 979358
2034,N5584,215.60361,-0.37985,477073,32.151,27.222,47,26.163,77,0.940,0.474,0.812,8.889,O,,0,0,[HMR2016] N5584 477073
2035,N5584,215.58325,-0.40302,735776,32.396,26.939,45,25.981,99,0.976,0.546,0.882,8.471,O,,0,0,[HMR2016] N5584 735776
2036,N5584,215.60295,-0.38465,567349,32.723,26.382,41,25.412,95,1.032,0.584,1.066,9.013,O,,0,0,[HMR2016] N5584 567349
2037,N5584,215.60843,-0.40227,976489,33.098,27.627,61,26.241,97,0.776,0.584,0.566,8.773,O,,0,0,[HMR2016] N5584 976489
2038,N5584,215.59116,-0.39445,644384,33.117,27.100,41,26.215,90,1.112,0.860,1.334,8.838,O,R11,0,1,[HMR2016] N5584 644384
2039,N5584,215.59676,-0.37295,267902,33.805,26.139,50,25.347,53,0.846,0.568,0.872,8.786,O,R11,0,1,[HMR2016] N5584 267902
2040,N5584,215.59138,-0.37011,157119,33.814,25.928,50,25.052,52,1.084,0.602,0.800,8.713,OH,,1,0,[HMR2016] N5584 157119
2041,N5584,215.60617,-0.39631,835494,33.846,27.297,38,26.030,74,0.978,0.576,0.972,8.917,O,,0,0,[HMR2016] N5584 835494
2042,N5584,215.58247,-0.39769,620130,33.929,26.923,46,25.779,72,1.348,0.464,1.126,8.557,O,,0,0,[HMR2016] N5584 620130
2043,N5584,215.59421,-0.38993,584459,33.964,27.736,71,26.400,130,1.384,0.542,1.140,9.001,O,,0,0,[HMR2016] N5584 584459
2044,N5584,215.59985,-0.39592,763038,33.996,26.732,55,25.732,88,0.872,0.628,0.954,8.955,OH,,1,0,[HMR2016] N5584 763038
2045,N5584,215.59822,-0.38013,427599,34.158,26.587,69,25.652,89,0.502,0.346,0.624,8.970,O,,0,0,[HMR2016] N5584 427599
2046,N5584,215.59660,-0.37318,271193,34.329,26.909,80,25.471,160,0.632,0.444,0.508,8.793,O,,0,0,[HMR2016] N5584 271193
2047,N5584,215.59846,-0.38330,493790,34.445,27.011,45,25.988,60,1.206,0.684,1.044,9.053,OH,R11,1,0,[HMR2016] N5584 493790
2048,N5584,215.60593,-0.37467,396420,34.543,27.157,37,26.073,70,0.734,0.722,0.816,8.718,O,,0,0,[HMR2016] N5584 396420
2049,N5584,215.59441,-0.37074,200467,35.077,27.194,55,25.751,113,1.018,0.364,1.014,8.734,OH,R11,1,0,[HMR2016] N5584 200467
2050,N5584,215.59521,-0.37075,208725,35.136,26.677,45,25.594,55,1.016,0.642,0.958,8.733,O,R11,0,1,[HMR2016] N5584 208725
2051,N5584,215.57571,-0.38264,247527,35.249,26.909,34,25.790,58,1.144,0.486,1.190,8.533,O,,0,0,[HMR2016] N5584 247527
2052,N5584,215.59634,-0.37243,253461,36.278,26.816,39,25.464,45,1.044,0.542,0.974,8.774,OH,R11,1,0,[HMR2016] N5584 253461
2053,N5584,215.59708,-0.38040,421192,36.294,26.634,37,25.441,47,1.308,0.818,1.122,8.980,O,R11,0,1,[HMR2016] N5584 421192
2054,N5584,215.60049,-0.37715,390652,36.486,26.689,47,25.780,71,0.894,0.412,0.900,8.869,OH,R11,1,0,[HMR2016] N5584 390652
2055,N5584,215.59933,-0.39494,738261,36.551,27.204,30,25.743,41,0.994,0.644,1.114,8.978,OH,R11,1,0,[HMR2016] N5584 738261
2056,N5584,215.59608,-0.36945,191706,36.582,26.808,76,25.814,116,0.564,0.244,0.348,8.697,OH,,1,0,[HMR2016] N5584 191706
2057,N5584,215.60893,-0.38349,606041,36.888,26.182,46,25.352,51,0.770,0.564,0.786,8.837,OH,R11,1,1,[HMR2016] N5584 606041
2058,N5584,215.60522,-0.39427,784855,36.924,27.096,45,25.965,63,0.878,0.744,0.904,8.966,O,,0,1,[HMR2016] N5584 784855
2059,N5584,215.61131,-0.40276,1015181,37.173,26.470,33,25.480,44,1.054,0.736,0.938,8.729,OH,R11,1,0,[HMR2016] N5584 1015181
2060,N5584,215.60243,-0.38466,562692,37.562,26.482,48,25.529,110,1.254,0.690,1.178,9.026,O,,0,0,[HMR2016] N5584 562692
2061,N5584,215.61247,-0.37894,550433,38.042,26.820,39,25.491,59,1.146,0.786,1.022,8.664,OH,R11,1,0,[HMR2016] N5584 550433
2062,N5584,215.59302,-0.39158,605531,38.079,26.946,41,25.782,69,0.968,0.300,0.944,8.941,OH,R11,1,1,[HMR2016] N5584 605531
2063,N5584,215.59735,-0.38486,513827,38.205,27.007,51,25.696,76,1.346,0.952,1.094,9.089,OH,R11,1,0,[HMR2016] N5584 513827
2064,N5584,215.59329,-0.38372,449157,38.495,26.641,32,25.695,44,0.968,0.638,0.972,9.000,OH,R11,1,0,[HMR2016] N5584 449157
2065,N5584,215.58331,-0.39598,594530,38.648,27.030,52,25.901,92,0.562,0.454,0.650,8.609,O,,0,0,[HMR2016] N5584 594530
2066,N5584,215.61430,-0.38679,727892,38.659,26.491,38,25.410,55,1.194,0.740,0.942,8.730,OH,R11,1,0,[HMR2016] N5584 727892
2067,N5584,215.59665,-0.37041,216328,38.852,27.033,38,25.696,43,0.910,0.524,0.848,8.720,O,,0,0,[HMR2016] N5584 216328
2068,N5584,215.60381,-0.40603,1003917,39.017,26.798,44,25.640,70,1.238,0.702,0.908,8.703,O,R11,0,2,[HMR2016] N5584 1003917
2069,N5584,215.60519,-0.38369,571414,39.162,26.464,35,25.380,75,1.148,0.562,0.980,8.938,OH,R11,1,1,[HMR2016] N5584 571414
2070,N5584,215.59372,-0.37301,238461,39.169,27.121,33,25.655,47,0.896,0.478,0.968,8.791,OH,R11,1,0,[HMR2016] N5584 238461
2071,N5584,215.59393,-0.36973,175413,39.424,26.701,51,25.672,82,0.778,0.556,0.786,8.709,OH,,1,0,[HMR2016] N5584 175413
2072,N5584,215.61028,-0.38825,715986,39.961,27.053,43,25.610,55,1.182,0.606,0.812,8.857,OH,R11,1,0,[HMR2016] N5584 715986
2073,N5584,215.59988,-0.39318,708572,40.050,26.560,28,25.500,41,1.008,0.720,1.068,9.029,O,,0,0,[HMR2016] N5584 708572
2074,N5584,215.60567,-0.36772,254240,40.137,26.409,37,25.318,41,1.178,0.726,1.140,8.547,O,,0,0,[HMR2016] N5584 254240
2075,N5584,215.60052,-0.39794,810216,40.516,27.110,47,25.854,69,0.626,0.286,0.752,8.905,OH,,1,0,[HMR2016] N5584 810216
2076,N5584,215.61212,-0.38963,762356,40.756,26.379,46,25.083,42,0.952,0.516,0.698,8.814,O,,0,0,[HMR2016] N5584 762356
2077,N5584,215.59917,-0.37703,374736,41.520,26.505,34,25.330,48,0.930,0.508,0.838,8.880,OH,R11,1,1,[HMR2016] N5584 374736
2078,N5584,215.58551,-0.37199,134935,41.758,26.338,29,25.216,36,0.670,0.298,0.634,8.692,O,,0,0,[HMR2016] N5584 134935
2079,N5584,215.60834,-0.36817,290494,43.361,26.419,39,25.435,47,1.024,0.530,0.888,8.512,O,,0,0,[HMR2016] N5584 290494
2080,N5584,215.59702,-0.37993,411135,43.465,26.223,30,25.198,41,0.998,0.354,0.920,8.968,OH,R11,1,1,[HMR2016] N5584 411135
2081,N5584,215.58858,-0.36851,97566,43.491,26.831,39,25.413,48,0.894,0.472,0.716,8.658,OH,R11,1,0,[HMR2016] N5584 97566
2082,N5584,215.60307,-0.38337,543151,43.952,26.880,45,25.476,59,0.696,0.252,0.620,8.983,OH,,1,1,[HMR2016] N5584 543151
2083,N5584,215.59969,-0.37540,347072,44.988,25.927,27,25.206,35,0.778,0.532,0.786,8.831,O,R11,0,0,[HMR2016] N5584 347072
2084,N5584,215.60423,-0.37848,455911,46.109,26.562,35,25.556,48,1.036,0.682,1.014,8.844,O,R11,0,1,[HMR2016] N5584 455911
2085,N5584,215.61256,-0.40295,1031574,46.230,26.221,33,25.128,50,0.952,0.520,0.812,8.707,OH,R11,1,0,[HMR2016] N5584 1031574
2086,N5584,215.60480,-0.39433,781586,46.669,25.771,49,25.032,39,0.604,0.438,0.484,8.971,O,R11,0,1,[HMR2016] N5584 781586
2087,N5584,215.60199,-0.38074,478350,46.758,26.966,27,25.546,37,0.958,0.592,0.954,8.941,OH,R11,1,1,[HMR2016] N5584 478350
2088,N5584,215.61330,-0.38965,775000,47.944,26.881,30,25.394,59,0.768,0.390,0.786,8.780,OH,R11,1,0,[HMR2016] N5584 775000
2089,N5584,215.60402,-0.38621,610213,48.212,26.547,27,25.212,35,0.698,0.662,0.622,9.012,OH,,1,0,[HMR2016] N5584 610213
2090,N5584,215.58891,-0.40630,859454,48.968,26.306,35,25.150,45,1.102,0.638,0.824,8.519,O,,0,0,[HMR2016] N5584 859454
2091,N5584,215.58978,-0.37788,295981,49.033,26.126,45,25.218,65,0.586,0.312,0.484,8.857,OH,R11,1,1,[HMR2016] N5584 295981
2092,N5584,215.61600,-0.38786,766511,49.355,26.610,32,25.304,40,0.886,0.690,0.768,8.692,OH,R11,1,1,[HMR2016] N5584 766511
2093,N5584,215.60271,-0.39925,858989,51.774,26.268,39,25.064,24,1.034,0.598,0.742,8.876,OH,R11,1,0,[HMR2016] N5584 858989
2094,N5584,215.60089,-0.38250,502797,51.926,26.393,33,25.115,51,0.998,0.308,0.884,9.005,OH,R11,1,1,[HMR2016] N5584 502797
2095,N5584,215.59615,-0.38721,549082,52.169,26.404,34,25.235,33,0.800,0.618,0.726,9.086,OH,R11,1,1,[HMR2016] N5584 549082
2096,N5584,215.59212,-0.39540,673309,53.562,26.460,26,25.124,44,0.788,0.396,0.652,8.841,OH,R11,1,1,[HMR2016] N5584 673309
2097,N5584,215.60556,-0.37869,473829,55.142,26.048,20,24.950,17,0.784,0.618,0.742,8.822,OH,R11,1,0,[HMR2016] N5584 473829
2098,N5584,215.60776,-0.39491,823580,56.172,26.743,28,25.368,40,0.826,0.466,0.792,8.910,OH,R11,1,1,[HMR2016] N5584 823580
2099,N5584,215.58749,-0.36979,111577,56.723,25.698,27,24.949,35,0.704,0.376,0.546,8.676,OH,R11,1,0,[HMR2016] N5584 111577
2100,N5584,215.59554,-0.39242,648136,56.823,27.327,40,25.883,43,0.702,0.538,0.570,8.984,O,,0,0,[HMR2016] N5584 648136
2101,N5584,215.59468,-0.38290,446943,57.373,25.920,23,24.854,22,0.832,0.522,0.774,9.017,O,,0,0,[HMR2016] N5584 446943
2102,N5584,215.61568,-0.38822,770520,57.733,26.388,20,25.078,53,0.598,0.466,0.592,8.704,O,R11,0,0,[HMR2016] N5584 770520
2103,N5584,215.60840,-0.38491,628911,57.837,25.806,32,24.685,38,0.614,0.390,0.464,8.873,OH,R11,1,0,[HMR2016] N5584 628911
2104,N5584,215.58057,-0.38475,339133,58.105,25.839,26,24.918,32,0.582,0.316,0.548,8.661,O,,0,0,[HMR2016] N5584 339133
2105,N5584,215.60696,-0.39206,758598,58.786,26.328,30,25.139,37,0.822,0.576,0.784,8.954,O,R11,0,1,[HMR2016] N5584 758598
2106,N5584,215.60141,-0.37363,329366,58.933,27.340,47,25.971,62,0.548,0.678,0.524,8.764,OH,,1,0,[HMR2016] N5584 329366
2107,N5584,215.60780,-0.38414,607520,60.052,25.675,22,24.536,26,0.790,0.584,0.652,8.878,H,R11,1,1,[HMR2016] N5584 607520
2108,N5584,215.59958,-0.39367,715226,60.550,26.570,25,25.327,38,0.718,0.538,0.692,9.014,OH,R11,1,0,[HMR2016] N5584 715226
2109,N5584,215.58981,-0.37025,143986,60.585,26.433,33,25.068,58,0.368,0.236,0.516,8.707,OH,,1,0,[HMR2016] N5584 143986
2110,N5584,215.60896,-0.38600,656817,61.938,25.711,30,24.716,22,0.716,0.372,0.644,8.872,OH,,1,0,[HMR2016] N5584 656817
2111,N5584,215.59518,-0.36959,185292,63.121,25.837,19,24.899,26,0.674,0.462,0.682,8.703,OH,R11,1,1,[HMR2016] N5584 185292
2112,N5584,215.58942,-0.37954,325206,64.086,26.105,25,25.042,29,0.646,0.458,0.622,8.874,OH,R11,1,0,[HMR2016] N5584 325206
2113,N5584,215.60603,-0.39367,781327,68.174,25.592,27,24.683,32,0.428,0.362,0.350,8.960,O,R11,0,1,[HMR2016] N5584 781327
2114,N5584,215.59827,-0.39863,801059,71.468,25.747,28,24.574,25,0.792,0.302,0.574,8.868,OH,R11,1,1,[HMR2016] N5584 801059
2115,N5584,215.59398,-0.37868,354807,74.594,26.020,28,24.858,28,0.454,0.332,0.318,8.926,OH,R11,1,1,[HMR2016] N5584 354807
2116,N5584,215.58990,-0.37306,200686,74.805,26.558,24,25.060,21,0.532,0.412,0.572,8.769,O,R11,0,1,[HMR2016] N5584 200686
2117,N5584,215.59103,-0.37121,175404,75.619,26.718,27,25.309,23,0.462,0.420,0.432,8.737,O,,0,0,[HMR2016] N5584 175404
2118,N5584,215.58896,-0.37214,172880,79.482,25.767,17,24.431,20,0.566,0.370,0.504,8.740,H,R11,1,1,[HMR2016] N5584 172880
2119,N5584,215.59689,-0.37921,395114,81.200,25.831,23,24.589,20,0.624,0.364,0.572,8.950,OH,R11,1,1,[HMR2016] N5584 395114
2120,N5584,215.61403,-0.38730,735368,81.356,25.675,26,24.483,26,0.650,0.428,0.452,8.743,OH,R11,1,1,[HMR2016] N5584 735368
2121,N5584,215.60423,-0.37817,449432,85.106,25.279,19,24.205,13,0.528,0.338,0.500,8.836,OH,R11,1,1,[HMR2016] N5584 449432
2122,N5584,215.60870,-0.38697,673828,85.709,25.799,22,24.677,16,0.506,0.338,0.430,8.891,O,,0,0,[HMR2016] N5584 673828
2123,N5584,215.59962,-0.37436,325718,88.513,26.050,23,24.764,21,0.458,0.408,0.330,8.804,OH,R11,1,0,[HMR2016] N5584 325718
2124,N5584,215.61240,-0.39317,835998,97.752,26.281,35,24.770,32,0.732,0.364,0.670,8.811,H,R11,1,0,[HMR2016] N5584 835998
2125,N5917,230.39047,-7.37397,88189,25.971,27.678,259,26.357,144,,,1.206,8.577,OH,,1,0,[HMR2016] N5917 88189
2126,N5917,230.39204,-7.37324,89734,27.013,27.759,111,26.293,99,,,1.088,8.577,OH,,1,0,[HMR2016] N5917 89734
2127,N5917,230.39272,-7.38535,50361,28.492,27.592,117,26.415,112,,,1.076,8.577,OH,,1,0,[HMR2016] N5917 50361
2128,N5917,230.39316,-7.37246,91654,28.835,27.382,129,26.354,115,,,0.656,8.577,OH,,1,0,[HMR2016] N5917 91654
2129,N5917,230.40018,-7.36757,101192,30.725,27.254,102,26.424,92,,,1.082,8.577,O,,0,0,[HMR2016] N5917 101192
2130,N5917,230.37823,-7.37901,77968,33.747,27.293,79,26.447,78,,,1.028,8.577,OH,,1,0,[HMR2016] N5917 77968
2131,N5917,230.39616,-7.37683,72879,33.998,27.723,165,26.204,106,,,0.986,8.577,OH,,1,0,[HMR2016] N5917 72879
2132,N5917,230.39079,-7.38015,64439,40.053,27.363,115,26.045,98,,,1.094,8.577,O,,0,0,[HMR2016] N5917 64439
2133,N5917,230.38531,-7.37460,89558,40.094,27.170,154,25.740,107,,,0.768,8.577,OH,,1,0,[HMR2016] N5917 89558
2134,N5917,230.39052,-7.37337,90338,46.323,26.840,95,25.604,71,,,0.646,8.577,OH,,1,0,[HMR2016] N5917 90338
2135,N5917,230.38586,-7.38039,67012,48.824,26.981,133,25.601,94,,,0.858,8.577,OH,,1,0,[HMR2016] N5917 67012
2136,N5917,230.38622,-7.37413,90591,50.293,26.811,131,25.689,87,,,0.560,8.577,H,,1,0,[HMR2016] N5917 90591
2137,N5917,230.38512,-7.37474,89192,50.324,26.671,106,25.852,106,,,0.624,8.577,H,,1,0,[HMR2016] N5917 89192
2138,N5917,230.38322,-7.37461,90900,50.726,26.314,97,24.989,57,,,0.352,8.577,H,,1,0,[HMR2016] N5917 90900
2139,N5917,230.38115,-7.38217,63856,53.199,26.714,105,25.750,88,,,0.604,8.577,OH,,1,0,[HMR2016] N5917 63856
2140,N7250,334.57709,40.55847,62596,15.055,27.742,238,26.150,138,,,1.042,8.605,H,,1,0,[HMR2016] N7250 62596
2141,N7250,334.57956,40.55596,53424,15.215,27.626,205,25.978,87,,,0.778,8.605,OH,,1,0,[HMR2016] N7250 53424
2142,N7250,334.57922,40.55583,53246,15.250,27.672,211,26.717,178,,,0.946,8.605,OH,,1,0,[HMR2016] N7250 53246
2143,N7250,334.57764,40.55742,59147,15.882,27.175,99,26.009,130,,,0.622,8.605,OH,,1,0,[HMR2016] N7250 59147
2144,N7250,334.57956,40.55486,50347,17.436,27.909,257,26.326,121,,,0.788,8.605,OH,,1,0,[HMR2016] N7250 50347
2145,N7250,334.56979,40.56343,82978,17.609,27.952,125,26.275,86,,,0.702,8.605,H,,1,0,[HMR2016] N7250 82978
2146,N7250,334.57584,40.56702,90075,18.367,27.468,144,26.239,121,,,0.558,8.605,OH,,1,0,[HMR2016] N7250 90075
2147,N7250,334.56744,40.56680,95831,18.510,27.660,121,26.432,119,,,1.098,8.605,OH,,1,0,[HMR2016] N7250 95831
2148,N7250,334.56934,40.56899,101673,19.376,27.256,144,26.165,93,,,1.224,8.605,OH,,1,0,[HMR2016] N7250 101673
2149,N7250,334.56418,40.54813,42190,19.968,27.656,166,26.252,87,,,0.656,8.605,H,,1,0,[HMR2016] N7250 42190
2150,N7250,334.56818,40.56451,87719,20.366,28.220,139,26.613,145,,,0.956,8.605,OH,,1,0,[HMR2016] N7250 87719
2151,N7250,334.56674,40.56449,88749,20.440,27.140,129,26.012,64,,,0.830,8.605,OH,,1,0,[HMR2016] N7250 88749
2152,N7250,334.57352,40.56821,95783,20.985,26.978,138,25.922,98,,,0.986,8.605,O,,0,0,[HMR2016] N7250 95783
2153,N7250,334.57602,40.56336,2069078,21.088,27.721,301,26.178,149,,,0.938,8.605,H,,1,0,[HMR2016] N7250 2069078
2154,N7250,334.57486,40.55743,2056315,23.376,27.633,224,26.022,123,,,1.028,8.605,O,,0,0,[HMR2016] N7250 2056315
2155,N7250,334.57916,40.55949,64180,24.036,27.718,166,26.040,126,,,1.060,8.605,O,,0,0,[HMR2016] N7250 64180
2156,N7250,334.57770,40.57096,101740,28.278,27.744,175,26.025,97,,,0.768,8.605,OH,,1,0,[HMR2016] N7250 101740
2157,N7250,334.57791,40.55738,58876,34.671,27.864,196,25.848,83,,,1.352,8.605,OH,,1,0,[HMR2016] N7250 58876
2158,N7250,334.57657,40.55750,60122,36.055,26.744,163,25.167,94,,,0.790,8.605,OH,,1,0,[HMR2016] N7250 60122
2159,N7250,334.57217,40.56228,77691,37.015,27.321,174,25.612,94,,,0.886,8.605,O,,0,0,[HMR2016] N7250 77691
2160,N7250,334.56839,40.56737,97025,38.600,26.903,98,25.285,38,,,0.976,8.605,O,,0,0,[HMR2016] N7250 97025
2161,N7250,334.57037,40.56878,100204,41.996,25.952,37,24.733,46,,,0.634,8.605,OH,,1,0,[HMR2016] N7250 100204
2162,N7250,334.57861,40.55586,53816,43.503,26.376,97,25.040,48,,,0.774,8.605,OH,,1,0,[HMR2016] N7250 53816
2163,N7250,334.58170,40.55356,45708,53.917,26.457,76,25.064,57,,,0.748,8.605,OH,,1,0,[HMR2016] N7250 45708
2164,N7250,334.57297,40.56071,72290,58.592,26.721,82,25.253,77,,,0.758,8.605,O,,0,0,[HMR2016] N7250 72290
2165,N7250,334.57605,40.55944,66279,60.841,25.987,102,24.630,56,,,0.638,8.605,OH,,1,0,[HMR2016] N7250 66279
2166,N7250,334.57245,40.56413,83236,63.884,26.265,113,24.814,75,,,0.714,8.605,O,,0,0,[HMR2016] N7250 83236
2167,N7250,334.57193,40.56440,84523,73.294,26.322,85,24.735,66,,,0.536,8.605,H,,1,0,[HMR2016] N7250 84523
2168,N7250,334.57986,40.55444,49008,83.098,26.061,73,24.682,32,,,0.464,8.605,OH,,1,0,[HMR2016] N7250 49008
2169,U9391,218.64899,59.34303,117519,25.731,28.143,149,26.723,78,,,0.846,8.813,OH,,1,0,[HMR2016] U9391 117519
2170,U9391,218.66216,59.34271,133794,25.831,27.789,93,26.843,74,,,1.016,8.849,OH,,1,0,[HMR2016] U9391 133794
2171,U9391,218.64471,59.34230,117992,26.594,27.474,149,26.529,76,,,0.968,8.739,O,,0,0,[HMR2016] U9391 117992
2172,U9391,218.65262,59.33969,144630,26.817,27.471,103,26.393,109,,,0.878,8.993,O,,0,0,[HMR2016] U9391 144630
2173,U9391,218.66235,59.32998,220987,27.317,27.652,115,26.764,71,,,0.888,8.671,O,,0,0,[HMR2016] U9391 220987
2174,U9391,218.66174,59.34127,143428,27.424,27.868,111,26.641,140,,,0.998,8.880,OH,,1,0,[HMR2016] U9391 143428
2175,U9391,218.66785,59.34115,150943,27.946,27.739,127,26.919,115,,,0.728,8.733,OH,,1,0,[HMR2016] U9391 150943
2176,U9391,218.66084,59.33884,160198,28.335,27.950,182,26.569,127,,,0.788,8.913,OH,,1,0,[HMR2016] U9391 160198
2177,U9391,218.65654,59.33147,205995,28.536,28.272,136,27.457,194,,,0.778,8.825,H,,1,0,[HMR2016] U9391 205995
2178,U9391,218.67355,59.34130,156553,30.430,28.034,109,26.988,93,,,1.064,8.585,O,,0,0,[HMR2016] U9391 156553
2179,U9391,218.64194,59.33881,139135,30.686,27.309,109,26.482,91,,,0.924,8.741,OH,,1,0,[HMR2016] U9391 139135
2180,U9391,218.65715,59.34633,104081,31.948,28.123,115,26.871,99,,,0.874,8.784,H,,1,0,[HMR2016] U9391 104081
2181,U9391,218.63972,59.33810,141824,32.704,27.337,82,26.427,73,,,0.984,8.691,OH,,1,0,[HMR2016] U9391 141824
2182,U9391,218.64812,59.34580,98757,34.548,27.725,108,26.843,110,,,0.950,8.705,OH,,1,0,[HMR2016] U9391 98757
2183,U9391,218.67268,59.33367,207830,35.276,27.949,99,27.039,102,,,0.782,8.519,OH,,1,0,[HMR2016] U9391 207830
2184,U9391,218.64502,59.32867,212578,35.522,27.158,89,26.298,51,,,0.342,8.734,H,,1,0,[HMR2016] U9391 212578
2185,U9391,218.66830,59.34255,141458,37.155,27.602,60,26.538,73,,,1.010,8.717,OH,,1,0,[HMR2016] U9391 141458
2186,U9391,218.64134,59.33427,171843,37.681,27.852,152,26.454,121,,,0.858,8.754,OH,,1,0,[HMR2016] U9391 171843
2187,U9391,218.65372,59.34307,122299,39.080,27.903,177,26.512,116,,,0.810,8.885,H,,1,0,[HMR2016] U9391 122299
2188,U9391,218.64342,59.34121,124125,39.927,27.496,96,26.506,92,,,0.994,8.734,OH,,1,0,[HMR2016] U9391 124125
2189,U9391,218.66199,59.33790,168368,43.191,27.247,47,26.216,78,,,0.932,8.875,OH,,1,0,[HMR2016] U9391 168368
2190,U9391,218.65392,59.33286,194365,43.661,27.536,105,26.404,78,,,1.074,8.905,OH,,1,0,[HMR2016] U9391 194365
2191,U9391,218.66357,59.33857,165258,44.483,28.697,241,27.345,156,,,0.878,8.838,H,,1,0,[HMR2016] U9391 165258
2192,U9391,218.67020,59.34615,118457,44.892,27.904,105,26.593,104,,,0.366,8.637,H,,1,0,[HMR2016] U9391 118457
2193,U9391,218.65421,59.33036,210838,45.194,27.160,83,26.126,60,,,0.628,8.810,OH,,1,0,[HMR2016] U9391 210838
2194,U9391,218.65494,59.33538,178622,52.021,27.326,105,25.971,54,,,0.858,8.988,OH,,1,0,[HMR2016] U9391 178622
2195,U9391,218.65257,59.33930,147432,53.051,27.703,152,26.297,95,,,0.794,9.005,OH,,1,0,[HMR2016] U9391 147432
2196,U9391,218.65211,59.33366,187232,55.165,28.234,191,26.954,117,,,0.868,8.940,OH,,1,0,[HMR2016] U9391 187232
2197,U9391,218.64157,59.32993,201082,56.931,27.085,59,26.173,56,,,0.706,8.712,OH,,1,0,[HMR2016] U9391 201082
2198,U9391,218.65218,59.34180,129389,70.531,26.399,64,25.389,32,,,0.512,8.912,OH,,1,0,[HMR2016] U9391 129389
2199,U9391,218.66132,59.33604,180785,71.315,27.018,64,25.654,48,,,0.390,8.863,H,,1,0,[HMR2016] U9391 180785
2200,U9391,218.65910,59.33732,169515,82.992,27.297,78,25.942,55,,,0.390,8.946,OH,,1,0,[HMR2016] U9391 169515
