AGC,RAJ2000,DEJ2000,cz,rgal,Vgal
331060,00 00 03.4,+23 05 15,4113,3909,160
12898,00 00 37.4,+33 36 02,4456,5848,-1310
12900,00 00 55.9,+20 20 17,6452,8528,-2104
36544,00 00 57.7,-33 36 47,6639,2919,3720
12901,00 00 58.9,+28 54 41,6559,6462,219
12913,00 01 36.7,+03 30 21,5979,5890,89
36558,00 01 57.6,-27 59 53,9427,9232,195
12920,00 02 23.0,+27 12 38,7271,6411,860
400001,00 02 34.7,-03 42 37,6110,7098,-988
100002,00 02 39.8,+08 44 13,5178,5274,-96
100920,00 02 40.6,+08 46 25,11722,10161,1561
3,00 02 46.3,+18 53 09,7533,7135,398
4,00 02 56.9,+04 12 32,8272,8770,-498
5,00 03 05.6,-01 54 51,6933,7986,-1053
8,00 03 14.8,+16 08 44,695,1527,-1016
10,00 03 20.5,+08 37 07,11584,6343,5241
14,00 03 35.1,+23 12 01,6908,5375,1533
400737,00 03 51.5,-50 46 01,11708,8141,3567
101122,00 03 51.7,+10 59 28,7624,8110,-486
19,00 03 59.0,+20 45 07,1960,2201,-783
20018,00 04 00.7,-51 23 35,10310,7475,2835
23,00 04 13.0,+10 47 25,7616,7312,304
400738,00 04 13.9,-51 13 25,10944,10705,239
20019,00 04 14.6,-50 38 48,11682,11503,179
24,00 04 14.7,+22 35 16,4097,3852,217
25,00 04 25.1,+06 10 40,4712,5634,-794
27,00 04 29.1,+05 50 44,2754,3208,-471
34,00 05 06.2,+06 55 12,5778,6156,-251
36,00 05 13.8,+06 46 19,5940,6497,-592
20034,00 05 28.2,-49 37 00,10490,9902,588
20033,00 05 28.2,-50 16 12,10185,11200,-1015
40,00 05 48.4,+27 26 56,7189,7096,166
41,00 05 56.0,+22 29 31,6250,6089,161
400739,00 06 22.5,-50 10 00,10462,11822,-1360
51,00 06 40.3,+05 06 48,5013,7103,-2141
100040,00 06 47.7,+04 56 13,4927,5742,-815
53,00 06 50.3,+19 19 17,7543,7425,118
20073,00 06 52.7,-50 24 53,9508,7515,1993
100044,00 07 11.7,+13 45 59,5056,5199,-143
57,00 07 15.9,+27 42 28,4218,5095,-877
59,00 07 17.1,+27 40 40,7211,5595,1667
60,00 07 19.5,+32 36 32,4750,5435,-631
65,00 08 01.6,+33 04 13,4571,5565,-1083
68,00 08 10.2,+27 00 13,8438,5178,3260
69,00 08 10.9,+27 31 39,4304,3415,807
20097,00 08 21.3,-29 55 03,1212,1609,-397
101097,00 08 23.9,+33 01 42,4631,5707,-1076
20098,00 08 33.2,-33 51 29,6535,7562,-1027
20099,00 08 39.9,-50 37 05,9837,7665,2172
77,00 08 47.7,+33 25 57,4489,4106,376
76,00 08 49.3,+24 32 24,4238,5242,-1020
20103,00 09 04.2,-32 54 54,6552,7258,-706
79,00 09 04.4,+25 37 05,3999,5175,-953
86,00 09 48.2,+27 49 55,7980,7962,-83
20112,00 09 51.4,-64 22 18,1720,2394,-692
89,00 09 53.3,+25 55 26,4226,3732,490
20114,00 09 56.3,-24 57 53,252,69,-38
92,00 10 01.9,+28 12 36,7838,884,6995
101063,00 10 18.7,+29 08 17,7719,7769,-50
20117,00 10 19.9,-46 25 05,5793,5945,-152
94,00 10 26.0,+25 49 55,4253,4471,-249
95,00 10 26.4,+28 59 16,6705,10880,-4175
96,00 10 32.7,+28 59 47,7517,6898,619
101121,00 10 34.4,+06 11 00,12529,12981,-452
98,00 10 40.8,+32 58 57,4466,4618,-136
100,00 10 47.0,+33 21 09,4444,5806,-1324
20127,00 11 12.7,-33 34 48,7574,7214,360
105,00 11 14.3,+28 54 23,7713,5811,1902
106,00 11 22.4,+06 23 21,5672,4737,935
101105,00 11 27.8,+27 47 25,7068,9148,-2080
108,00 11 45.1,+28 29 56,7709,9722,-1843
111,00 12 09.0,+12 02 42,5996,4844,1152
113,00 12 15.7,+22 19 16,7288,7641,-353
139,00 14 31.8,-00 44 16,3604,4332,-728
140,00 14 40.2,+18 34 55,5051,6170,-1136
148,00 15 51.4,+16 05 22,3858,3239,619
149,00 15 57.5,+14 04 34,5122,5923,-801
100921,00 16 01.1,+16 01 33,8011,10745,-2734
152,00 16 28.5,+29 55 25,4535,4815,-268
155,00 16 44.2,+07 04 35,3613,4181,-568
158,00 17 05.1,+42 09 40,4767,5627,-860
20206,00 17 09.0,-19 18 02,2865,3244,-379
163,00 17 19.2,+06 43 20,5300,6920,-1551
400180,00 17 30.3,-06 49 29,6967,7207,-240
166,00 17 35.8,+30 12 17,4505,4165,340
165,00 17 41.8,+24 40 03,5709,5893,-526
167,00 17 45.5,+11 27 01,803,1329,-541
100146,00 17 59.7,+24 33 45,5460,5940,-480
100151,00 18 25.2,+18 31 02,4878,5025,-147
179,00 19 00.6,+23 28 34,4122,4471,-307
20224,00 19 04.8,-22 55 20,7299,6047,1252
20226,00 19 09.3,-24 31 20,9550,8009,1541
20236,00 20 05.9,-54 31 26,8784,9221,-437
195,00 20 20.1,+07 41 00,5355,4712,657
204,00 21 17.5,+23 05 27,5374,4934,433
205,00 21 20.7,+17 20 25,4925,3506,1419
100184,00 21 28.9,+22 30 24,5471,6126,-655
207,00 21 31.1,+29 39 43,6701,6586,217
100188,00 21 33.6,+22 35 35,6292,7314,-1022
210,00 22 05.0,+23 44 12,4147,5011,-847
214,00 22 13.6,+10 29 28,5031,4097,934
215,00 22 26.4,+29 30 13,6766,5512,1291
20273,00 22 57.1,-22 07 09,7064,7437,-373
228,00 23 56.6,+24 18 21,5345,6267,-922
231,00 24 02.6,+16 29 10,495,1403,-908
234,00 24 46.4,+29 33 35,4343,4321,83
238,00 25 03.3,+31 20 39,6484,5023,1046
240,00 25 10.2,+06 29 26,8330,6241,2094
100229,00 25 24.8,+06 42 22,8594,6221,2373
20291,00 25 25.4,-41 36 10,7794,7592,202
244,00 25 30.0,+24 48 39,4218,4151,13
400228,00 25 47.6,-02 17 04,4984,5347,-363
20302,00 26 46.7,-33 40 36,1568,2289,-973
255,00 26 48.7,+31 42 11,5980,5797,272
260,00 27 02.9,+11 35 02,1785,2178,-393
272,00 27 49.8,-01 12 00,3555,3966,-411
100244,00 27 52.1,+03 28 36,1035,1800,-765
275,00 27 58.6,+02 30 26,4041,3263,677
279,00 28 15.3,+30 48 09,5955,5796,273
278,00 28 21.2,+27 22 08,9276,9518,-242
281,00 28 22.1,+02 31 36,3941,4602,-662
284,00 28 34.4,+33 16 19,4417,5844,-1327
100254,00 28 34.6,+31 09 19,5747,4871,876
294,00 29 23.3,+31 22 55,6016,7017,-948
100269,00 29 38.3,+11 36 01,4861,3073,1788
299,00 29 53.4,+31 23 35,5987,8600,-2531
20329,00 30 21.1,-33 14 44,1333,1684,-368
20336,00 30 46.8,-29 20 26,6960,8083,-1123
400257,00 31 14.0,-07 50 27,5784,7055,-1271
20344,00 31 16.0,-22 33 38,7749,8961,-1212
310,00 31 17.8,+28 59 35,4331,3839,492
20349,00 31 28.5,-19 45 50,6751,6015,736
400261,00 31 35.5,-10 30 22,3223,3260,-56
400265,00 31 45.3,-05 09 11,3793,843,2950
400814,00 31 56.7,-10 15 08,11371,14637,-3266
319,00 32 12.1,+31 40 53,6024,5255,814
20363,00 32 13.7,-41 22 57,7577,7685,-108
320,00 32 30.9,+02 34 26,2029,2971,-942
321,00 32 32.4,+23 23 40,4331,4484,-153
100293,00 32 44.4,+30 45 02,5798,6070,-891
323,00 32 50.5,+11 44 10,4573,4192,681
100295,00 32 52.9,+30 39 03,5734,4481,1253
400274,00 33 10.2,-13 08 46,5856,5659,197
327,00 33 15.4,+07 54 17,5052,5818,-802
329,00 33 36.2,+02 40 50,4043,3983,-43
100303,00 33 36.3,+23 24 05,4849,5890,-1041
400279,00 34 02.4,-09 42 20,3408,4124,-716
20385,00 34 15.7,-27 48 18,1305,1840,-535
400290,00 34 46.6,-08 23 47,1317,829,488
344,00 34 51.2,+39 32 41,5494,6412,-711
346,00 34 56.0,+31 56 55,5589,5132,457
351,00 35 36.5,+09 07 25,4973,5703,-710
353,00 35 39.4,+08 59 50,4725,5887,-1162
356,00 36 04.0,+23 57 31,4925,4936,-11
357,00 36 10.1,+21 27 51,8932,7985,947
359,00 36 10.6,+04 38 06,4581,2634,1947
400697,00 36 25.5,-57 00 29,9778,7947,1831
364,00 36 45.1,+21 33 59,8581,7968,613
20417,00 36 51.1,-28 22 30,6882,5480,1402
20423,00 37 06.6,-46 38 35,3343,3296,47
20425,00 37 14.3,-22 35 05,2751,3466,-715
376,00 37 54.1,+32 41 20,4508,5530,-1022
379,00 37 57.7,+05 08 52,4883,4527,489
20437,00 38 02.1,-53 37 42,8224,9034,-810
100364,00 38 28.2,+29 37 30,5333,5383,-204
388,00 38 31.8,+30 17 22,5089,5818,-639
393,00 38 39.8,+17 24 09,5095,8397,-3302
101075,00 38 40.5,+29 35 10,4998,7927,-2929
101112,00 38 54.4,+07 27 27,4898,7325,-2427
100381,00 38 55.7,+26 57 58,4858,4521,337
399,00 39 05.1,+06 01 15,4914,3398,1618
20445,00 39 17.9,-27 20 55,6599,6653,-54
20450,00 39 33.6,-35 48 19,6199,6890,-691
420,00 39 34.8,+02 53 14,4807,4953,-64
418,00 39 37.6,+08 57 55,4094,5111,-1076
422,00 39 43.1,+09 00 18,4097,10159,-6124
20457,00 40 35.2,-25 26 32,7119,7210,-91
400334,00 40 55.0,-13 46 31,8145,4816,3329
433,00 41 03.7,+31 43 59,4343,5875,-1453
438,00 41 27.8,+25 30 00,4211,4425,-162
400343,00 41 33.8,-10 01 18,3651,3916,-265
444,00 42 04.8,+36 48 16,10345,11019,-674
443,00 42 07.8,+33 24 22,5936,4110,1828
100917,00 42 11.7,+37 00 56,10314,8150,2164
20471,00 42 14.7,-18 09 39,1244,1844,-599
457,00 42 53.3,+33 31 22,5928,5260,678
461,00 43 27.8,-00 07 31,3832,4302,-362
20489,00 43 45.0,-24 25 17,6486,6481,5
400373,00 45 08.9,-09 37 53,5788,4354,1434
20506,00 45 51.8,-31 11 53,5546,5105,441
20510,00 46 06.7,-42 31 54,7003,6541,462
20511,00 46 16.8,-24 16 42,10290,11538,-1248
20516,00 46 42.1,-35 47 48,6780,4366,2414
483,00 46 50.3,+26 28 34,4633,5180,-547
400382,00 46 56.3,-21 50 48,6132,6321,-189
400846,00 47 25.2,-09 51 10,5439,5852,-413
400390,00 47 46.3,-09 50 05,5448,5155,293
400387,00 47 46.6,-09 53 54,1036,1188,-152
400848,00 47 51.9,-09 38 46,5742,8156,-2414
490,00 47 54.0,+19 35 48,4225,4159,66
493,00 48 01.5,+08 17 48,4939,4739,205
400393,00 48 03.4,-02 46 35,3714,3489,144
507,00 49 35.6,+01 06 54,4948,5677,-659
100592,00 49 52.1,+00 57 47,4290,4864,-574
510,00 49 58.4,+21 43 11,4208,4018,190
512,00 50 02.7,+07 55 06,5047,4956,-12
20577,00 50 21.1,-41 14 33,6792,7758,-966
20580,00 50 34.3,-43 03 53,6719,9245,-2526
20584,00 50 50.5,-26 29 23,5237,4796,441
400421,00 50 53.5,-21 53 56,18360,17667,-523
400672,00 51 16.6,-21 56 03,18463,15998,1146
400673,00 51 22.2,-21 32 56,17794,15346,1798
400674,00 51 36.8,-21 28 05,17699,17997,-853
100734,00 52 08.7,+14 30 11,8783,9715,-932
400443,00 52 18.2,-21 49 48,17082,14551,2593
533,00 52 28.0,+14 31 05,5143,4944,180
534,00 52 30.2,+24 21 04,9840,8793,1047
101127,00 52 43.9,+14 43 45,16447,13802,2645
400453,00 52 55.8,-21 50 27,16985,15055,2089
541,00 53 09.3,+21 55 35,6979,6723,256
20620,00 53 19.0,-26 47 54,10479,10446,33
400686,00 53 25.2,-21 50 59,18108,24561,-7417
400466,00 53 28.5,-21 54 38,17881,17659,-515
20626,00 53 31.2,-58 06 31,5839,4617,1222
544,00 53 32.6,+02 55 25,4574,6367,-1793
20625,00 53 43.3,-27 02 00,5292,4588,704
20630,00 53 46.3,-45 11 07,7123,6926,197
20628,00 53 48.6,-33 17 44,5130,5674,-544
20633,00 53 52.3,-46 58 20,8080,6000,2080
400688,00 53 59.6,-21 40 36,17078,13721,3423
20639,00 54 13.1,-62 27 19,10509,11491,-982
20642,00 54 33.3,-51 15 32,7127,7127,0
400611,00 54 42.0,-01 29 22,11525,15197,-3672
549,00 54 42.1,+36 45 54,5770,5482,288
20649,00 55 03.3,-19 00 21,6079,6089,-10
400619,00 55 13.6,-01 04 32,13973,12001,1972
100634,00 55 32.6,+30 23 53,6367,6419,-52
400641,00 56 46.5,-01 35 48,13227,14193,-966
20680,00 56 58.3,-45 24 41,7711,5853,1858
400516,00 57 35.0,-05 00 08,5336,3722,1428
400651,00 57 41.5,-01 18 43,13826,12287,1539
400520,00 57 47.5,-05 06 45,5165,7135,-1985
400521,00 57 55.3,-05 07 50,5158,5548,-398
400653,00 57 59.7,-01 25 09,12741,15225,-2484
400522,00 58 01.4,-05 04 16,4945,6199,-1049
20698,00 58 22.3,-36 39 35,10141,9464,677
604,00 58 35.4,+45 00 19,4955,8900,-3864
20702,00 58 51.9,-35 06 49,8969,7167,1802
400658,00 58 57.4,-00 39 18,22447,24498,-2051
20704,00 58 58.0,-18 44 37,1704,2167,-463
400659,00 58 58.9,-02 02 36,27021,26009,1012
400662,00 59 10.4,-01 53 57,15221,14126,1095
20709,00 59 29.3,-36 11 13,3250,3958,-708
614,00 59 36.3,+35 33 37,2064,2693,-629
615,00 59 40.1,+15 19 51,5180,5013,167
619,00 59 48.8,+14 43 24,11870,13416,-1546
400534,00 59 50.1,-07 34 33,1333,1461,-34
20715,01 00 08.9,-18 37 37,5977,8547,-2570
622,01 00 28.3,+47 59 42,2463,2735,-272
625,01 00 55.6,+47 40 56,2365,2449,-84
627,01 01 00.7,+13 28 04,11446,11598,-152
631,01 01 02.5,+09 43 29,5715,6462,-747
20740,01 01 34.6,-59 44 33,8305,8024,281
637,01 01 46.1,+03 04 54,4048,4306,-258
641,01 02 24.5,-01 57 29,3777,3587,152
410588,01 02 48.0,-06 24 41,5456,5387,95
410497,01 02 48.2,-01 28 24,5552,5519,33
410752,01 02 55.4,-06 24 42,13286,13630,-344
20755,01 03 13.9,-43 00 36,6917,6360,557
645,01 03 16.5,+22 20 32,4348,2172,2441
410508,01 03 41.2,-02 20 15,20945,30080,-9135
652,01 03 50.6,+22 01 37,5349,7215,-1888
410512,01 03 56.2,-02 15 44,15438,14469,969
20764,01 04 07.1,-51 07 55,7504,6944,560
20766,01 04 18.8,-35 07 12,9715,7464,2251
20775,01 04 29.7,-51 27 31,7235,5762,1473
20785,01 05 16.4,-42 54 49,8656,7401,1255
410534,01 05 26.3,-00 48 07,19621,25380,-5759
20791,01 05 38.0,-47 04 17,5602,8282,-2680
673,01 06 09.7,+31 24 21,5952,6416,-456
676,01 06 10.1,+01 13 59,14520,13424,1096
20797,01 06 14.6,-46 30 03,8934,7382,1658
111669,01 06 43.6,+02 49 18,5112,7352,-2240
20808,01 07 10.3,-42 23 23,7809,6529,1280
20819,01 07 24.1,-69 52 35,1439,1499,-60
410622,01 07 24.4,-46 59 36,9332,9175,-135
690,01 07 32.8,+39 23 59,5592,5398,194
698,01 07 56.1,+02 32 43,9739,10411,-672
20826,01 08 25.2,-23 30 24,7771,7614,157
20845,01 08 59.9,-45 20 52,9153,8465,575
111414,01 09 00.3,+33 31 21,10990,13187,-2197
410650,01 09 15.6,-46 18 22,8832,7912,1128
20852,01 09 31.9,-47 47 26,7445,6804,641
723,01 09 56.0,+20 46 18,4780,4091,630
20858,01 10 05.5,-35 29 26,6260,6047,213
725,01 10 10.3,+43 06 29,4766,3848,918
20859,01 10 18.3,-35 44 09,3323,3986,-663
110090,01 10 21.2,+30 11 01,6523,6566,-43
410673,01 10 45.7,-46 32 40,8936,8972,68
410067,01 10 52.5,-05 49 03,5436,4825,611
111673,01 10 53.1,+02 37 07,13221,15121,-1900
111433,01 10 54.7,+33 33 46,11036,13144,-2108
110104,01 11 06.2,+15 10 22,11119,7332,3787
110957,01 11 07.7,+15 01 05,17757,19983,-2226
20879,01 11 12.5,-58 50 20,4697,4950,-253
110864,01 11 35.4,+00 27 39,4234,5178,-944
20887,01 11 50.6,-55 51 23,5198,5091,107
20896,01 12 18.9,-50 24 05,7194,6315,879
763,01 12 55.7,+00 58 51,838,963,-125
110832,01 12 59.4,+15 35 29,11881,11723,158
20906,01 13 06.7,-34 00 53,10040,10773,-733
110963,01 13 11.9,+15 05 58,13315,14444,-1129
110967,01 13 22.8,+15 15 51,17580,14701,2879
110968,01 13 24.2,+15 14 27,12185,9198,2987
110868,01 13 32.9,+00 29 47,12921,9983,2938
110869,01 13 37.5,+00 25 25,13663,13102,561
110872,01 13 46.2,+00 18 20,12977,12114,863
20924,01 13 58.4,-62 24 02,4909,4245,664
20918,01 14 07.2,-32 39 02,3312,3847,-535
110972,01 14 15.7,+15 38 12,12504,12466,38
783,01 14 26.3,+42 33 23,5646,6131,-485
20927,01 14 29.9,-31 10 50,5286,7894,-2477
110877,01 14 32.7,+01 00 15,12502,12044,458
110879,01 14 43.8,+00 17 09,13238,13715,-477
410098,01 14 56.2,+00 07 49,12119,10021,2098
799,01 15 02.7,+06 51 27,5215,5298,-303
110163,01 15 03.7,+05 22 33,5006,3996,999
110975,01 15 08.9,+15 17 32,20014,13778,6236
805,01 15 29.8,+06 53 01,5208,5863,-868
806,01 15 30.5,-00 51 41,1451,1330,253
20940,01 15 33.0,-26 26 57,3439,2308,1055
110885,01 15 44.7,+00 19 58,13059,12779,280
410553,01 15 44.8,+00 13 58,12990,12606,384
111795,01 15 48.0,+05 06 41,4703,7463,-2760
410770,01 15 51.2,+00 08 48,11496,11889,-393
110976,01 15 51.6,+15 11 48,16084,16859,-775
20948,01 15 52.4,-54 33 15,5308,4787,521
20954,01 16 45.4,-52 26 06,8889,6514,2375
824,01 16 59.2,+13 01 28,5841,5822,-223
20960,01 17 15.7,-50 55 53,4745,5201,-456
20958,01 17 19.0,-33 50 23,5449,4976,440
110887,01 18 01.9,+00 18 53,12191,11094,1097
833,01 18 08.9,+11 22 53,4878,5167,-289
110977,01 18 14.6,+15 05 55,15939,14013,1926
835,01 18 40.2,+31 02 09,6548,7818,-1270
410556,01 19 04.2,-00 17 34,23099,23128,-29
858,01 19 44.9,+03 24 34,2062,3152,-1167
21001,01 20 04.4,-33 54 04,3359,3299,200
866,01 20 06.7,-00 12 20,1438,1817,-234
110218,01 20 14.6,+17 49 48,8397,4017,4380
110770,01 20 51.8,+01 15 46,9751,10807,-1056
21014,01 20 54.8,-36 19 23,9423,6983,2440
21019,01 21 03.9,-36 07 05,9331,8499,832
21020,01 21 06.5,-35 12 00,5703,7361,-1658
889,01 21 10.6,+17 52 06,8227,8136,91
21021,01 21 18.0,-22 48 05,5616,5587,29
886,01 21 20.3,+40 29 18,5589,4316,1273
894,01 21 21.3,+00 05 24,3481,3498,-17
111140,01 21 29.6,+05 17 48,15182,10894,4288
111144,01 21 29.7,+07 04 16,23546,19485,4061
903,01 21 48.0,+17 35 32,2210,3643,-1461
21033,01 21 48.3,-44 03 19,6983,7992,-1009
904,01 21 49.9,+18 16 02,7999,7520,479
21036,01 21 58.0,-34 08 36,9841,12289,-2448
914,01 22 09.5,+00 56 47,2034,1607,427
110255,01 22 17.1,+28 47 52,3916,3503,413
915,01 22 23.9,-00 52 32,7835,7633,257
21051,01 23 13.5,-32 50 26,9099,5873,3226
931,01 23 14.5,-00 42 04,1694,2309,-660
410148,01 23 17.0,-00 54 22,7458,7665,-207
21055,01 23 28.7,-56 41 16,5249,5204,45
940,01 23 37.9,+34 34 09,6708,8313,-1605
947,01 24 03.9,+12 55 02,2162,1969,130
949,01 24 08.7,+09 55 48,2093,3158,-1059
21067,01 24 16.5,-37 20 05,10102,10550,-448
955,01 24 29.9,+15 46 00,4741,5582,-841
21071,01 24 34.1,-33 10 23,9031,7404,1627
958,01 24 34.3,+16 32 11,2112,2566,-384
964,01 24 35.0,+07 43 15,2423,5873,-3444
970,01 24 45.8,+09 59 41,2415,2478,-49
110313,01 24 49.5,+32 14 04,10269,9709,560
21081,01 25 12.3,-35 48 59,10342,8519,1823
21085,01 25 12.8,-38 04 06,6288,5602,686
982,01 25 17.2,+09 15 49,2054,2079,20
21090,01 25 27.6,-38 16 01,5965,5660,305
410203,01 26 14.4,-06 05 37,1661,1725,-155
21103,01 26 42.1,-25 18 50,1349,1609,-260
111629,01 26 45.2,+14 37 30,6148,8991,-2843
21105,01 26 54.5,-36 33 21,5692,4336,1356
21112,01 27 05.9,-35 51 27,5811,5381,430
1027,01 27 09.6,+14 46 34,6138,5807,141
1029,01 27 21.3,+11 58 31,9132,9828,-685
1033,01 27 35.0,+31 33 17,3758,3695,206
21116,01 27 37.9,-21 38 33,5198,3955,1243
1045,01 28 00.9,+32 01 58,6132,5440,692
1057,01 28 53.2,+13 47 36,6028,6075,-127
21133,01 29 02.7,-35 35 54,5499,4552,947
1065,01 29 11.1,+11 08 25,5490,3900,1699
110363,01 29 13.1,+33 39 55,6334,9384,-3050
110369,01 29 46.1,+32 01 15,6055,6329,-274
1068,01 29 47.1,+45 35 56,4978,4062,916
1070,01 29 59.9,+40 58 26,2551,1440,1111
21143,01 30 04.2,-42 41 26,6536,7363,-827
1076,01 30 20.0,+17 01 17,12618,12884,-266
21148,01 30 29.1,-22 40 03,1369,1518,-149
21157,01 30 42.9,-51 08 26,3485,2680,805
21152,01 30 46.5,-23 35 15,5531,6157,-626
1082,01 30 55.2,+17 11 18,2500,3738,-1238
1083,01 30 58.2,+14 06 29,4218,4771,-570
111138,01 31 14.4,+14 01 00,8626,8169,457
1087,01 31 26.6,+14 16 37,4181,4198,3
21167,01 31 34.8,-41 31 52,6139,6005,134
21179,01 32 25.7,-34 36 30,5084,3620,1464
21214,01 32 48.4,-79 28 25,1748,1690,58
1110,01 33 17.7,+13 19 56,2462,2603,-141
1112,01 33 18.7,+03 04 14,1409,1780,-371
1118,01 33 41.8,+03 32 32,3215,2955,260
21196,01 33 59.6,-34 23 14,3589,3655,-66
21202,01 34 13.0,-25 34 03,5511,6284,-773
410269,01 34 35.0,-15 30 13,5179,7134,-1955
410271,01 35 05.7,-07 20 25,1549,1936,-366
21231,01 35 39.0,-41 17 24,7105,7455,-350
1144,01 36 04.6,+11 41 21,5540,4756,1192
21237,01 36 27.7,-36 22 30,5187,4807,380
1152,01 36 56.3,+31 59 06,6338,6838,-500
1167,01 38 20.8,+07 32 02,4004,4014,-9
21270,01 38 27.3,-33 36 28,8725,8823,-98
21327,01 38 48.2,-83 21 50,4919,4616,48
21282,01 38 53.1,-42 35 04,6046,5656,390
21280,01 38 59.0,-29 55 31,5630,9192,-3582
21297,01 39 57.3,-28 41 49,5670,5907,-204
1177,01 40 08.7,+05 43 35,3015,2495,361
21306,01 40 21.1,-28 54 50,5451,5864,-161
410313,01 40 27.7,-05 31 14,1841,2214,-373
410316,01 41 07.0,-05 34 03,1210,1533,-323
1187,01 41 24.5,+08 31 29,4004,3507,498
21360,01 41 32.7,-83 12 43,4639,4481,183
21319,01 41 49.3,-28 14 53,5550,5354,349
1189,01 41 55.0,+07 07 17,5175,5225,-50
21326,01 42 42.2,-18 13 41,4655,5046,-391
1202,01 42 57.5,+04 11 00,5277,5081,143
1201,01 43 01.7,+13 38 36,556,929,-448
21334,01 43 06.2,-44 12 52,6162,10341,-4179
1204,01 43 11.9,+04 16 41,5316,5264,-40
1205,01 43 14.2,+08 53 21,5241,4330,674
21341,01 43 32.5,-44 09 43,6230,5648,582
1210,01 43 45.8,+04 13 21,5139,4497,727
1218,01 44 17.4,+12 15 16,9934,9416,518
1219,01 44 20.6,+17 28 37,4314,4560,-246
21347,01 44 27.5,-40 39 52,9846,11449,-1603
110790,01 44 28.8,+27 55 44,3761,3868,-195
110856,01 44 44.9,+17 21 34,7789,6148,1641
110506,01 44 49.9,+21 52 56,10223,2269,7954
21359,01 45 10.3,-41 52 47,6179,7193,-1014
1235,01 45 35.6,+03 21 27,5047,5016,208
1233,01 45 41.3,+28 48 20,7567,7361,206
111640,01 45 42.1,+09 59 49,9137,7474,1663
111639,01 45 49.9,+09 51 45,5586,6546,-960
1237,01 45 54.9,+09 49 21,4917,4850,92
1244,01 46 49.5,+24 27 53,2844,3617,-893
1247,01 46 59.1,+13 07 30,5222,5700,-478
21379,01 47 12.9,-40 39 27,9817,8349,1468
111642,01 47 35.6,+11 28 08,5009,6703,-1694
21383,01 47 44.7,-33 36 09,8434,8038,396
410352,01 47 49.5,-16 43 24,4912,6563,-1651
110794,01 48 15.8,+32 21 36,10594,10800,-206
1259,01 48 22.4,+11 31 16,4895,4385,557
1261,01 48 33.5,+13 25 50,4728,4292,376
1264,01 48 37.9,+13 46 06,4504,5372,-868
21397,01 48 38.0,-48 49 11,6151,5363,788
1276,01 49 15.1,+20 42 40,2467,1876,381
110543,01 49 20.1,+27 42 44,10481,13071,-2590
1279,01 49 24.8,+13 22 07,4321,5164,-843
21408,01 49 47.3,-21 54 26,11597,10413,1184
21411,01 49 51.7,-27 27 55,3981,4964,-983
1289,01 50 03.7,+16 26 17,4690,4966,-314
1291,01 50 12.5,+27 11 45,3230,2619,688
1292,01 50 14.0,+27 38 45,3266,3303,4
110911,01 50 19.8,+33 09 17,9867,19345,-9478
1304,01 50 30.8,+06 08 41,1275,1457,-154
1305,01 50 41.6,+21 45 34,2387,2704,-447
410367,01 50 43.8,-12 01 00,5239,6198,-1067
110924,01 50 44.2,+33 35 45,9613,11475,-1862
1306,01 50 46.9,+32 32 47,11056,5574,5482
110927,01 50 48.8,+32 30 35,10972,13944,-2972
110930,01 50 51.0,+32 30 20,10293,6988,3305
1309,01 50 53.2,+18 18 08,4884,3681,820
110931,01 50 54.3,+32 27 15,10448,10800,-352
410955,01 50 54.8,-02 22 23,13842,15566,-1724
410368,01 51 03.6,-09 42 08,1560,1460,100
110804,01 51 06.9,+32 52 38,10696,9701,995
1313,01 51 08.6,+21 54 45,2664,1427,1297
110805,01 51 10.2,+32 37 23,10940,3745,7195
1317,01 51 17.6,+22 21 28,2848,2515,209
410956,01 51 21.0,-02 20 48,14202,14516,-314
110937,01 51 21.0,+33 03 32,25666,23161,2505
410377,01 51 28.2,-06 30 54,1855,3001,-1146
110943,01 51 46.0,+33 11 13,11153,11776,-623
21433,01 51 54.6,-24 18 59,8870,8314,556
1337,01 51 55.3,+08 49 52,5087,6674,-1670
21436,01 51 56.4,-31 44 12,3855,3907,-52
21441,01 52 33.0,-35 50 25,9675,8816,859
410490,01 52 41.5,-03 25 26,4852,7407,-2621
410491,01 52 44.7,-03 23 55,4852,5252,-466
410384,01 52 48.9,-03 26 48,4727,5531,-745
1351,01 52 59.6,+12 42 28,4276,4058,218
410965,01 53 04.7,-03 34 09,15299,8303,6996
1364,01 54 03.6,+14 54 34,4811,5563,-752
1369,01 54 13.5,+18 06 05,4652,3492,1009
21459,01 54 21.7,-49 15 35,5787,5895,-108
1373,01 54 24.0,+05 25 17,4666,3821,843
1372,01 54 31.2,+17 40 25,6608,5126,1482
1374,01 54 34.7,+16 51 57,4837,3178,1659
1377,01 54 37.5,+17 04 30,4485,6084,-1583
1383,01 54 41.0,+06 02 03,4960,6093,-1089
1386,01 54 59.6,+13 28 58,5942,2351,3591
110635,01 55 06.8,+05 22 25,5227,5155,72
1391,01 55 15.8,+10 00 47,5620,6578,-958
110649,01 56 03.2,+17 31 54,7924,8657,-733
1403,01 56 08.9,+17 38 26,11068,7088,4025
1407,01 56 11.2,+06 44 39,4805,4732,272
111360,01 56 12.4,+14 54 23,7804,4184,3620
1408,01 56 15.2,+13 09 56,7385,8436,-1051
1410,01 56 16.8,+04 38 48,4696,7780,-3116
410401,01 56 22.9,-09 03 49,1377,1648,-286
1417,01 56 42.8,+17 42 38,11153,10173,940
1420,01 56 43.4,+15 00 52,4395,5093,-736
21489,01 56 44.4,-43 58 22,5589,6059,-470
1426,01 56 53.3,-02 01 08,4170,4194,-24
1429,01 57 05.3,-00 28 08,6418,7898,-1480
1428,01 57 09.8,+14 32 59,7648,7471,-21
111644,01 57 15.1,+14 50 07,9704,10460,-756
110684,01 57 20.5,+04 20 54,4570,5245,-675
111241,01 57 28.1,+14 25 51,7598,7956,-358
21494,01 57 48.2,-33 14 25,5445,5823,-378
21501,01 57 58.1,-38 01 13,10924,9254,1670
1444,01 57 59.9,+04 23 41,4488,6024,-1360
21502,01 58 00.2,-35 34 25,9723,10182,-459
1448,01 58 08.5,+02 03 51,6013,6029,-16
21506,01 58 12.6,-39 32 43,5350,6088,-738
1451,01 58 30.1,+25 21 36,4648,3642,1018
1457,01 58 40.9,+00 31 44,6734,5491,1243
410414,01 58 52.1,-08 09 38,4523,2587,2173
1462,01 59 09.6,+25 23 08,4794,3426,1234
110712,01 59 15.6,+24 24 59,3647,1509,2138
1468,01 59 31.0,+13 56 36,4334,3644,713
110720,01 59 55.2,+24 18 44,4823,5050,-390
21532,02 00 10.0,-35 24 42,10257,11019,-762
1479,02 00 19.1,+24 28 26,4662,5721,-1061
1486,02 00 23.4,+24 34 50,4799,4043,617
21545,02 00 54.8,-31 55 12,5277,5394,-117
110758,02 00 56.6,+19 42 25,5349,5883,-534
1498,02 00 58.9,+08 18 39,4438,4558,-165
1500,02 01 12.2,+19 40 30,2162,2753,-496
21551,02 01 14.7,-34 21 49,4608,3334,1274
21567,02 01 59.3,-58 34 16,6280,4880,1400
21561,02 02 12.2,-28 39 28,4787,5157,-379
1536,02 02 55.0,+07 31 25,7316,7853,-537
1542,02 03 05.2,+02 36 50,6116,7072,-1024
1553,02 03 35.6,+04 47 07,4484,4699,-35
120006,02 03 37.0,+15 44 48,7704,8024,-320
120005,02 03 41.0,+26 16 36,4753,5207,-390
1554,02 03 44.8,+16 01 51,1829,1708,121
21582,02 03 49.1,-52 26 50,6183,6745,-930
21578,02 03 57.1,-23 18 50,4736,4791,-55
1564,02 04 04.9,+02 47 10,6046,4137,1911
121457,02 04 06.7,+02 40 16,6024,7395,-1371
121449,02 04 50.6,+34 48 14,11416,9515,1901
1580,02 05 13.9,+09 55 33,7491,6592,899
1576,02 05 14.9,+30 00 17,4980,4328,533
120020,02 05 21.0,+08 31 33,5487,7004,-1517
1584,02 05 26.7,+13 19 37,7258,6025,1425
21627,02 05 43.5,-71 06 55,8102,6492,1610
1592,02 06 03.1,+09 17 44,8974,7035,2089
21616,02 06 14.8,-41 31 18,5215,4022,1187
1594,02 06 19.4,+09 13 37,8950,7776,1348
21621,02 06 20.9,-52 01 44,5755,5300,515
1600,02 06 36.7,+01 30 56,6550,8391,-1774
21620,02 06 37.0,-31 46 44,10452,10274,178
1601,02 07 08.3,+42 57 55,5366,5096,344
1606,02 07 12.2,+08 58 40,7755,8626,-871
1610,02 07 28.5,+09 10 06,8832,7645,1479
21649,02 07 42.5,-65 55 41,8011,9106,-1095
21647,02 08 20.5,-24 32 53,9414,9660,-246
1629,02 08 25.0,+14 20 57,4152,4490,11
1635,02 08 27.7,+06 23 40,3250,2609,532
120052,02 08 30.5,+18 59 51,4939,5826,-887
1636,02 08 32.3,+06 19 24,3130,5191,-2050
1640,02 08 56.2,+07 58 15,3198,3655,-514
1647,02 09 02.2,+06 09 30,3053,4927,-1786
21656,02 09 18.2,-23 24 55,5112,5264,-152
420030,02 09 28.2,-09 40 46,1681,1854,-168
121507,02 09 43.0,+10 40 38,6562,5040,1522
1658,02 09 54.0,+10 57 38,4313,4625,-312
1659,02 09 56.9,+16 01 57,7975,7449,526
21668,02 10 06.5,-32 56 28,3156,3738,-582
1663,02 10 08.8,+07 38 42,3170,3872,-731
420037,02 10 14.6,-09 42 34,1756,1536,150
21669,02 10 15.9,-22 25 46,5357,5834,-477
1664,02 10 16.2,+07 50 41,7005,6231,844
1660,02 10 18.6,+38 35 36,7007,5723,1273
21671,02 10 39.7,-22 39 05,5002,6348,-1346
21700,02 10 40.8,-75 02 19,8111,8687,-576
21677,02 10 54.1,-39 21 54,5054,5718,-644
120082,02 11 02.7,+17 12 00,4051,3788,263
1674,02 11 11.0,+38 45 27,6978,6776,220
121188,02 11 11.2,+37 49 20,7264,10429,-3165
1683,02 11 25.3,+15 53 55,7548,8365,-678
21685,02 11 30.6,-35 50 13,6007,5337,670
420042,02 11 44.0,-06 29 25,4786,5753,-967
21688,02 11 46.5,-19 55 19,4109,5620,-1511
21687,02 11 48.1,-18 16 11,4791,5028,-237
21690,02 11 56.2,-20 22 31,9073,8170,903
1690,02 11 57.5,+29 18 48,4665,6206,-1345
1700,02 12 31.0,+16 51 19,3979,5955,-2187
21703,02 12 54.6,-19 19 00,2226,3415,-1189
1705,02 13 11.3,+09 30 38,7950,8548,-598
21728,02 13 12.3,-70 54 49,7960,7380,580
21713,02 13 26.2,-18 49 00,10201,9757,444
121412,02 13 30.4,+16 52 52,10580,14231,-3651
1706,02 13 33.9,+25 51 19,4537,3896,935
120106,02 13 38.2,+16 35 37,10835,9380,1455
1717,02 13 48.8,+16 47 49,10544,7776,2768
1719,02 14 04.3,+16 27 20,7964,8385,-421
21723,02 14 12.4,-31 08 55,3512,3789,-465
420050,02 14 25.9,-07 22 06,4757,3768,989
420385,02 14 35.9,-07 18 34,12437,10395,2042
1733,02 15 20.6,+22 00 20,4164,4483,171
21739,02 15 24.8,-17 46 52,4086,4190,-104
1739,02 15 44.2,+25 12 23,4835,4315,516
21745,02 15 49.9,-31 12 02,3332,4612,-1288
1738,02 15 54.2,+42 49 25,5468,5100,368
420055,02 16 10.6,-11 55 31,1665,1659,6
1747,02 16 15.2,+28 36 00,2750,2413,332
1754,02 17 02.2,+30 56 35,9916,7901,2015
1759,02 17 10.7,+14 32 53,3484,2523,979
1766,02 17 53.2,+14 31 16,3638,6381,-2879
21761,02 17 54.5,-34 48 11,6101,2792,3309
21792,02 17 56.7,-76 04 50,8167,3039,5128
1768,02 17 59.6,+14 32 38,3657,3545,-43
21762,02 18 02.8,-27 48 58,4709,4620,89
21768,02 18 34.4,-25 45 17,10516,9989,527
1777,02 18 44.1,+30 30 08,4486,5264,-795
420064,02 18 45.3,-06 38 23,5010,4478,625
120156,02 18 55.8,+15 09 33,3533,4060,-527
1785,02 18 57.1,+04 48 54,5548,10093,-4545
420067,02 19 32.7,-16 04 09,4084,4899,-815
1792,02 19 52.7,+29 02 09,4744,5591,-730
21793,02 19 59.0,-41 24 16,5913,4915,-151
121406,02 19 59.8,+08 10 44,8421,7788,633
21790,02 20 06.0,-19 45 01,2117,2349,-232
21801,02 20 16.5,-58 42 34,8892,8057,835
1801,02 20 19.9,+08 02 16,6931,7236,-305
1811,02 21 18.4,+13 43 03,7583,8533,-950
1814,02 21 23.8,+16 33 57,3854,2539,1229
1812,02 21 25.3,+25 25 22,4282,3342,1356
1817,02 21 31.1,+14 11 53,3492,4025,-523
420070,02 21 36.1,-05 31 14,2046,2232,-172
1820,02 21 46.3,+33 01 15,3714,2828,913
1822,02 21 48.4,+16 52 26,3716,4342,-574
21821,02 21 59.0,-37 27 21,4728,4603,222
1828,02 22 12.6,+28 44 03,4551,3950,519
1834,02 22 13.3,+12 01 48,3553,3710,-166
1835,02 22 40.9,+28 15 23,4848,5640,-792
120202,02 23 31.8,+25 27 54,11050,10138,912
121409,02 23 47.1,+27 28 23,10300,18191,-7891
120207,02 23 51.9,+25 32 30,4872,9046,-4174
1848,02 23 55.5,+27 29 32,10467,10549,-82
121408,02 24 23.5,+27 14 05,9442,9149,293
1862,02 24 24.7,-02 09 45,1142,1372,-98
21841,02 24 39.9,-19 08 28,9897,9369,528
1860,02 24 42.2,+25 33 39,9408,8869,539
21850,02 25 27.7,-25 38 24,4624,3037,1587
120235,02 25 38.4,+23 00 03,3954,5498,-1544
1888,02 25 50.9,+18 29 46,1264,1214,50
1887,02 26 05.0,+42 08 38,5325,6256,-931
1901,02 26 06.7,-00 19 55,6173,6060,100
1898,02 26 25.8,+22 59 45,9949,11321,-1372
420095,02 26 33.6,-15 50 12,6666,5821,845
120257,02 26 56.3,+20 31 58,3973,2382,1591
21871,02 27 04.8,-19 05 40,9750,10048,-298
1913,02 27 16.7,+33 34 45,327,468,-95
420105,02 27 32.2,-10 09 55,1867,1687,148
21885,02 28 05.3,-47 51 18,5376,4907,469
1935,02 28 14.6,+31 18 39,4760,3529,1301
1938,02 28 22.2,+23 12 53,6162,6852,-690
1946,02 28 27.4,+15 36 23,3837,4265,-497
21883,02 28 32.8,-18 58 56,4736,4033,703
21882,02 28 32.8,-19 02 26,4741,3994,747
21892,02 28 52.1,-41 24 09,5198,4549,649
1955,02 28 54.3,+25 20 38,4975,3961,1077
1958,02 28 58.8,+28 08 38,782,1484,-702
21894,02 29 07.4,-30 59 50,4731,5697,-966
1965,02 29 26.2,+20 13 02,3918,3406,452
1970,02 29 54.1,+25 15 22,1680,2292,-612
21912,02 30 23.3,-20 40 54,4640,4901,-261
1986,02 30 33.3,-01 06 31,1246,1903,-600
1980,02 30 33.6,+32 10 33,4549,5765,-1256
21917,02 30 35.6,-31 35 48,4434,4110,324
1995,02 31 26.2,+01 20 45,7057,7675,-762
1999,02 31 52.6,+19 09 10,734,1561,-827
2004,02 31 59.5,+00 54 34,6313,6002,324
21946,02 32 42.9,-33 00 07,10496,7554,2942
2020,02 32 53.9,+23 19 38,5326,5331,-45
420138,02 33 15.8,-11 44 40,4246,3219,1175
2028,02 33 18.2,+22 23 36,5195,5085,201
120344,02 33 31.0,+06 31 40,7957,5425,2532
120337,02 33 37.2,+32 32 15,9445,10368,-923
2037,02 33 38.8,+06 28 23,8094,7399,695
2044,02 33 56.4,+00 55 22,6347,3749,2577
2048,02 34 20.2,+32 30 19,4634,4234,275
420143,02 34 24.2,-10 50 47,4559,4936,-542
121426,02 34 26.4,+32 25 25,4677,5970,-1293
420150,02 34 53.8,-13 39 33,4551,4054,359
121427,02 35 09.9,+32 39 08,9550,12879,-3329
2064,02 35 10.1,+20 51 04,4031,2921,1098
2081,02 36 01.0,+00 25 11,2383,2975,-497
2079,02 36 09.7,+23 53 56,5421,3880,1541
2082,02 36 16.2,+25 25 23,480,1020,-540
2083,02 36 30.3,+32 42 53,4478,6101,-1592
21980,02 36 57.1,-29 11 30,4766,5046,-280
420158,02 36 58.8,-05 20 56,4198,3168,1030
2106,02 37 24.2,-01 49 18,8377,7014,1536
21986,02 37 36.3,-32 55 32,4387,4757,-370
2119,02 37 58.6,-01 50 40,8302,7581,969
2134,02 38 51.9,+27 50 48,4365,3034,1331
2138,02 38 55.6,+09 05 50,4894,4556,338
121185,02 38 58.4,+10 16 36,19525,17751,1774
2135,02 39 11.1,+41 14 45,4263,5711,-1282
2137,02 39 16.4,+40 52 21,423,876,-453
420612,02 39 18.4,-14 14 06,9484,7411,2073
2148,02 39 28.7,+12 40 47,3322,2993,509
120414,02 39 37.0,+10 50 37,8368,5149,3219
121240,02 39 37.2,+18 02 00,14693,16363,-1670
22008,02 39 42.2,-21 14 19,4366,4380,-14
2153,02 39 50.5,+18 01 28,8319,7862,457
120417,02 40 13.9,+17 52 56,8387,11110,-2723
2167,02 40 55.2,+08 35 44,5199,5928,-729
2173,02 41 45.2,+00 26 32,773,1579,-698
2171,02 41 55.1,+32 05 17,4348,4526,-17
22038,02 42 12.0,-19 49 45,7667,5958,1709
120454,02 43 01.7,+08 07 48,11222,10851,371
2185,02 43 11.4,+40 25 36,4154,4508,-354
22050,02 43 18.4,-23 50 23,6638,8301,-1663
2197,02 43 26.0,+31 28 15,4887,4305,637
2193,02 43 30.1,+37 20 27,316,166,150
2201,02 43 44.1,+32 29 46,3919,5357,-1473
2205,02 43 54.9,+33 10 06,5274,5456,-182
2220,02 44 43.0,+15 14 24,7291,7026,265
420233,02 45 05.5,-15 35 15,3811,4129,-296
420231,02 45 09.7,-04 42 37,7631,3135,4496
2223,02 45 14.2,+35 11 19,4779,4060,719
22075,02 45 17.6,-17 42 29,7358,7532,-174
22079,02 45 36.3,-27 57 36,6503,5075,1428
420450,02 45 47.0,-15 30 38,7685,8453,-768
420451,02 45 53.0,-15 33 45,10135,11959,-1824
2245,02 46 25.2,-00 29 56,1263,1333,-30
2247,02 46 33.9,-00 14 50,2545,2513,-35
2239,02 46 35.7,+32 26 58,4617,4872,-255
22104,02 46 37.1,-26 58 21,6958,8924,-1966
22105,02 46 40.7,-25 20 52,10290,8911,1379
420405,02 47 00.2,-00 09 20,22402,24589,-2187
2272,02 48 04.5,+27 06 09,5441,6282,-802
22132,02 48 27.5,-40 33 15,4688,4512,176
2283,02 48 40.4,+17 13 23,6250,4750,1466
22135,02 48 40.8,-31 32 09,4840,6127,-1287
22139,02 48 47.3,-36 42 51,4949,6554,-1605
2295,02 48 58.8,+03 10 08,3940,3985,-45
420260,02 49 07.7,-16 59 50,3277,3895,-802
22150,02 49 37.5,-30 59 40,6426,6682,-256
2312,02 49 39.0,+14 37 10,8855,8752,103
420428,02 49 49.3,-00 47 35,13137,15309,-2172
120539,02 49 53.1,+14 24 06,8463,8839,-376
420275,02 50 17.6,-08 35 49,5118,6942,-1964
120544,02 50 25.3,+13 15 58,8280,11249,-2969
22167,02 50 35.9,-31 31 09,6990,6050,940
2338,02 51 09.3,+02 35 36,4289,4222,67
22174,02 51 18.3,-28 12 04,4962,5403,-441
22185,02 51 57.5,-33 20 18,6245,6063,182
22188,02 52 26.5,-30 46 39,6613,7559,-946
22197,02 53 29.3,-30 51 35,6193,5766,427
121137,02 53 37.0,+15 52 38,14222,13559,663
2368,02 53 50.2,+12 50 56,3357,2604,735
2370,02 54 26.4,+42 38 58,1980,2579,-599
120589,02 54 32.4,+09 27 04,7995,5255,2740
121055,02 54 37.2,+16 04 51,15001,15937,-936
22209,02 54 56.1,-21 53 52,8462,8658,-196
22220,02 55 26.8,-42 22 09,5534,5139,395
121060,02 55 29.0,+16 13 33,20105,17968,2137
121061,02 55 31.6,+16 05 28,15084,20416,-5332
2392,02 55 46.4,+33 45 58,1348,1916,-568
2404,02 55 48.9,+01 04 44,4828,5990,-1162
2403,02 55 57.3,+00 41 31,3915,3686,223
121157,02 56 44.4,+15 59 30,24947,18572,6375
121402,02 56 51.9,+05 41 13,10965,12595,-1630
2424,02 57 07.5,+17 30 50,6770,7228,-458
22240,02 57 48.8,-36 42 01,6110,6096,14
2435,02 58 03.4,+35 15 26,4657,3186,1471
22261,02 58 08.0,-74 27 23,4772,4643,129
2443,02 58 21.5,-02 02 31,2319,2637,-318
2441,02 58 22.0,+03 51 45,2849,2465,406
121404,02 58 33.1,+05 57 17,13056,13297,-241
121035,02 58 45.0,+06 06 34,13289,14749,-1460
2451,02 59 32.4,+37 00 31,16434,17134,-700
121403,02 59 54.4,+05 44 20,13328,18295,-4967
22258,03 00 15.3,-22 17 31,2837,4118,-1281
2461,03 00 22.6,+34 04 20,6610,6014,596
2479,03 00 40.2,+00 01 13,2645,3657,-1012
2483,03 01 36.8,+31 49 09,6030,6163,-133
2491,03 01 53.9,+35 43 58,4689,1149,3696
2497,03 02 08.1,+29 06 21,2923,2470,465
2498,03 02 12.1,+17 20 44,6733,6444,289
22286,03 03 31.0,-20 10 35,3155,3407,-252
2503,03 03 34.6,+46 23 09,2220,2080,140
2520,03 04 55.6,+21 22 35,4016,3594,451
22324,03 05 52.8,-27 13 43,6285,6898,-613
22338,03 06 29.2,-66 46 30,5488,5548,-60
22332,03 06 40.3,-32 51 53,4620,4262,358
22335,03 07 13.2,-31 24 03,4586,4276,294
2550,03 08 15.6,+36 26 57,3853,3391,415
2563,03 09 36.7,+18 30 03,10539,9098,1441
22383,03 10 06.4,-53 20 17,995,1087,-92
2567,03 10 13.1,+40 45 56,2825,2930,-105
430082,03 11 15.0,-08 55 22,3847,4215,-410
430083,03 11 19.2,-08 54 07,3833,4441,-636
2581,03 12 08.0,+40 14 36,4087,6455,-1242
430088,03 12 14.2,-10 28 51,3776,4888,-1083
22401,03 12 25.0,-24 32 47,6341,5670,671
2589,03 12 33.1,+12 23 03,9676,8785,891
22419,03 13 03.8,-57 21 25,1099,1434,-335
2604,03 14 40.4,+39 37 03,4353,4613,600
22444,03 15 50.3,-58 34 27,5363,5050,313
2617,03 16 00.8,+40 53 07,4507,3274,1939
22440,03 16 05.2,-34 21 34,4820,5446,-626
430121,03 16 06.6,-13 02 04,5286,4159,1127
2628,03 16 31.8,-00 28 07,6638,6879,-172
22485,03 20 35.1,-18 42 56,3803,3980,-177
2690,03 20 42.9,-01 06 32,6103,6341,-214
130453,03 22 10.1,+14 53 01,9913,8431,1482
2703,03 22 34.4,+14 54 49,9942,11436,-1494
2711,03 23 29.8,+01 19 26,9732,9598,134
2709,03 23 53.7,+38 40 37,4984,3736,1477
430240,03 25 01.6,-05 44 42,5513,5603,-90
2727,03 25 07.8,+05 14 05,8660,8446,214
22555,03 25 23.6,-25 40 47,12660,11919,741
2736,03 26 27.6,+40 30 27,5505,3545,1668
2743,03 27 48.0,+40 02 03,3921,3923,1290
22630,03 29 56.6,-28 46 28,10944,11884,-940
22691,03 30 46.8,-73 46 58,8249,7667,582
22648,03 31 19.1,-26 33 50,4170,4800,-630
2781,03 32 59.0,+15 52 27,9168,11113,-2042
2786,03 34 12.4,+02 58 24,5618,3382,2236
2796,03 36 52.6,+13 24 23,8924,8004,920
430371,03 37 06.0,-05 02 30,4009,4182,-240
22830,03 37 42.5,-72 23 29,8329,8597,-268
2802,03 37 50.9,+04 56 55,9512,7642,1870
2804,03 38 05.1,+01 56 12,6789,6885,-96
2806,03 38 20.2,+07 38 08,8749,9326,-577
22810,03 38 59.7,-22 35 02,4227,5583,-1356
130373,03 39 00.0,+15 44 29,7766,7290,476
130374,03 39 12.7,+15 58 51,9322,10638,-1316
130308,03 39 13.5,+15 49 09,9665,7033,2632
130396,03 41 02.1,+13 34 26,9906,16414,-6508
130381,03 41 26.3,+13 34 22,9842,11098,-1256
430418,03 41 29.4,-04 39 57,5303,4790,608
2823,03 41 35.7,+16 01 14,8969,8103,968
430424,03 41 57.3,-04 42 20,3989,3866,76
2830,03 42 03.9,+15 59 17,9042,8017,1054
22870,03 42 10.5,-27 51 59,3998,3752,246
2832,03 42 12.5,-00 21 16,7454,4899,2555
430428,03 42 16.3,-04 43 55,4069,3068,874
2833,03 42 51.2,+15 59 59,9094,9211,-140
430441,03 43 14.0,-04 44 04,5496,4660,738
2839,03 43 50.2,+14 17 42,6396,7462,-1066
22931,03 44 51.6,-59 08 16,5433,5143,290
430475,03 45 00.1,-04 12 15,5194,3478,1716
430536,03 46 35.7,-04 27 18,3669,4468,-526
22946,03 46 57.0,-25 31 21,4066,4105,-81
430544,03 46 57.8,-03 27 43,3857,4248,-306
22950,03 47 05.0,-37 22 40,5666,5964,-298
22948,03 47 10.3,-26 56 41,4049,4711,-662
22974,03 48 50.3,-18 58 41,4171,5089,-918
22997,03 49 39.7,-55 48 45,8434,7904,530
23011,03 49 50.2,-71 38 07,1460,927,533
2860,03 51 16.7,+78 17 52,4174,5610,-1436
2888,03 53 19.3,+32 19 46,3906,2730,1176
23028,03 53 53.6,-17 35 35,8431,7541,890
23036,03 54 24.8,-19 11 25,7397,7114,283
23046,03 55 08.7,-17 28 03,8375,10530,-2155
23066,03 55 38.7,-51 30 25,5813,5372,441
23064,03 56 18.7,-21 49 14,7338,7092,246
23067,03 56 37.0,-18 03 39,6296,6120,176
430691,03 56 55.5,-52 24 05,10111,8930,1593
23072,03 57 08.1,-18 46 41,7438,8748,-1310
23074,03 57 13.4,-25 23 54,4370,3562,808
430695,03 57 57.3,-52 15 18,9688,10427,96
23091,03 58 13.7,-35 26 45,4450,6824,-2374
2910,03 58 22.9,+06 42 52,5389,3929,1460
430697,03 58 24.4,-52 08 25,10267,10294,229
430698,03 58 55.3,-52 33 17,10425,9806,717
2896,03 59 00.9,+79 33 21,2160,3134,-987
23129,03 59 35.7,-67 38 29,1334,1328,43
23113,03 59 40.4,-52 40 47,9760,10896,-373
2915,03 59 55.2,+32 36 45,5184,5958,-774
23128,04 00 07.8,-61 16 00,5780,5844,-64
23138,04 00 18.3,-67 48 26,1291,1691,-320
23111,04 00 26.4,-25 10 53,4051,4148,-97
23130,04 00 40.8,-52 44 01,10537,4543,5980
23136,04 01 17.9,-52 42 25,9939,9601,922
23139,04 01 51.4,-41 56 30,4388,4585,-197
2931,04 02 18.5,+25 49 01,5626,4495,1131
23154,04 02 32.5,-62 18 53,5376,4666,582
2936,04 02 48.3,+01 57 55,3701,3301,426
2954,04 05 30.4,+04 26 42,5234,4025,1211
2956,04 06 28.6,+31 16 57,4432,4485,-53
2963,04 07 38.8,+03 58 04,5198,3648,1588
23200,04 07 45.8,-29 51 34,4066,5009,-943
23207,04 07 47.3,-45 02 23,4991,5034,-43
2966,04 08 47.0,+08 30 53,3467,3477,-52
2969,04 09 01.5,-01 09 35,4970,3694,1276
23242,04 10 22.4,-23 36 14,4165,4136,29
2983,04 12 52.5,+02 22 09,4915,4397,523
2994,04 14 23.4,+02 43 52,3226,3633,-414
3002,04 16 54.5,+03 05 47,3476,3384,117
440081,04 16 55.4,-07 28 55,8825,7711,1114
440085,04 17 12.3,-17 51 23,9503,8592,911
23349,04 17 35.3,-62 47 02,1297,1058,236
3007,04 18 30.1,+33 46 28,5535,689,4846
3009,04 19 05.9,+26 10 46,3655,2886,769
23372,04 20 15.0,-45 01 54,4516,4665,-104
23377,04 21 37.0,-17 55 45,8873,6979,1894
3013,04 23 27.0,+75 17 45,2394,1462,941
23417,04 23 29.4,-54 43 50,11563,7549,4014
3029,04 23 58.8,-00 49 37,4916,4145,775
440126,04 24 29.9,-53 24 42,12036,10419,1617
23431,04 25 48.2,-51 38 22,11105,10018,1087
23564,04 27 30.2,-83 33 03,4873,4150,723
440570,04 28 15.8,-53 06 33,12766,13346,-580
440571,04 28 26.6,-53 43 19,15768,14811,957
23482,04 28 30.7,-53 44 10,10745,10359,386
23473,04 28 32.8,-47 46 51,5094,3358,1512
440160,04 28 36.6,-53 24 38,13034,11278,1756
440548,04 29 05.3,-61 13 01,18820,20597,-2814
440573,04 29 06.6,-54 01 22,13193,13412,-219
3043,04 29 09.6,+70 53 50,7349,8935,-1686
23505,04 29 23.0,-62 53 19,5980,5493,207
23498,04 29 27.7,-53 49 39,12732,9439,3293
23484,04 29 30.6,-26 42 47,4074,3535,557
440556,04 29 59.0,-61 24 55,15919,16517,1266
440574,04 30 17.3,-53 29 23,12892,10576,2316
3062,04 30 38.2,-00 18 15,3497,3306,195
440578,04 30 39.9,-00 17 04,12691,10898,1793
440168,04 30 51.7,-05 47 55,4270,5440,-1178
3066,04 30 58.1,+05 32 31,4573,4949,-404
3070,04 30 59.6,-02 00 12,2454,2237,217
23518,04 31 24.1,-54 24 56,982,1439,-398
440177,04 31 24.3,-03 55 44,4715,4247,15
3083,04 32 14.6,+01 43 35,10166,12091,-1925
23538,04 32 41.4,-43 42 56,4448,4330,118
3084,04 32 48.3,+10 23 28,3993,3447,546
23539,04 33 15.1,-24 40 27,12415,9875,2540
23540,04 33 22.7,-18 40 39,6228,5511,717
440286,04 35 19.3,-07 24 20,8985,8042,943
3085,04 36 08.6,+72 54 11,4245,5509,-1264
440300,04 36 36.6,-03 11 20,4795,4473,229
3103,04 36 37.3,-00 08 37,3456,3010,491
440304,04 37 05.9,-03 18 12,4713,4300,402
23618,04 37 20.6,-69 12 12,5537,4741,796
440474,04 37 31.2,-03 06 13,4378,5073,-371
440307,04 37 35.9,-04 42 53,3644,3984,-250
3109,04 37 37.7,-00 17 35,3660,4494,-767
440309,04 37 55.5,-09 30 49,4954,4603,305
3092,04 38 19.2,+72 16 55,4735,6634,-1899
23642,04 38 52.8,-64 12 28,8694,8095,599
23613,04 39 19.1,-22 12 40,9331,9422,-91
23619,04 39 39.7,-22 30 46,5457,5845,-388
23688,04 39 47.9,-76 50 14,4354,4914,-560
3122,04 39 51.5,+07 03 18,4630,5441,-856
3127,04 40 25.4,-02 01 26,3298,2230,1050
23663,04 40 26.6,-63 06 24,4221,8168,-3947
23641,04 40 37.3,-21 58 02,8586,5162,3424
440628,04 41 06.4,-02 50 00,18638,16764,1874
440323,04 41 28.0,-02 51 29,671,1201,-530
3133,04 41 36.4,-01 48 33,3251,2929,313
440326,04 41 44.1,-07 05 10,4486,6356,-1870
23734,04 42 43.1,-79 22 51,9546,8541,1005
23694,04 43 59.8,-41 27 47,5208,5366,-158
440348,04 46 29.8,-04 47 20,4634,4564,240
3143,04 46 35.8,+70 07 13,4498,5114,-610
23744,04 46 45.8,-63 01 49,6998,7872,-874
3162,04 46 52.3,+08 16 14,4603,4211,423
3171,04 47 45.3,+01 49 08,4513,8953,-4440
23759,04 47 49.9,-62 36 42,5173,4428,570
23740,04 48 02.7,-25 13 46,4551,4713,-162
23746,04 48 31.3,-23 55 20,8144,8147,-3
23777,04 49 51.2,-36 06 12,5326,4662,664
440373,04 49 53.9,-10 45 14,4446,3981,562
23797,04 51 21.7,-33 56 17,5469,4436,1033
440388,04 51 42.1,-06 13 37,4500,4056,425
3187,04 51 45.3,+06 50 01,4700,4811,-111
3186,04 51 46.0,+03 40 05,4543,4369,176
23803,04 52 13.2,-18 23 44,9545,9380,165
440399,04 52 54.3,-15 20 52,5685,6910,-1225
23819,04 53 09.2,-17 42 19,10225,9201,1024
3189,04 54 38.4,+69 42 54,4510,4794,-290
440406,04 54 39.0,-12 12 22,4903,4471,432
23850,04 55 16.8,-22 43 40,6817,4461,2356
23854,04 55 29.9,-31 48 41,5683,6892,-1209
3207,04 56 09.7,+02 09 22,4529,4757,-212
440415,04 56 19.3,-15 47 53,5503,6513,-764
23869,04 56 33.8,-28 30 09,4942,5270,-328
440418,04 56 45.7,-10 35 35,4095,3452,533
3211,04 57 22.6,+01 53 35,4163,4193,-47
440604,04 57 27.0,-00 04 14,7054,8373,-1319
3214,04 57 56.7,-00 07 32,4888,4247,673
3219,04 58 50.0,+06 58 37,8452,5979,2503
23929,04 58 54.4,-63 17 52,5024,4790,208
440441,04 59 26.6,-16 33 44,3436,2812,624
23913,04 59 35.2,-19 11 57,6738,5898,840
440444,04 59 41.6,-11 16 14,3664,4249,-264
23918,04 59 55.0,-18 32 40,5613,5012,601
23923,04 59 57.8,-26 01 22,744,753,57
440448,05 00 15.5,-03 20 56,3619,2593,1026
440466,05 02 09.4,-08 14 27,3568,3508,60
450004,05 02 17.6,-30 27 16,6378,6025,353
450003,05 02 29.1,-15 32 44,4303,4225,78
3231,05 02 34.5,+00 14 44,4819,4420,399
23964,05 02 36.9,-20 55 22,9736,7847,1889
23969,05 02 54.7,-18 46 12,5329,4945,384
450005,05 03 16.5,-02 56 13,4308,4361,-161
3237,05 03 27.6,+00 39 36,4181,4228,-82
3236,05 03 33.2,+06 39 25,8495,9641,-1159
3238,05 03 37.0,+01 34 22,4739,7233,-2494
450008,05 04 34.1,-17 05 15,6855,6739,116
24021,05 04 35.2,-55 31 27,6589,7125,-536
3242,05 04 46.7,+04 28 44,6034,8478,-2444
24016,05 05 07.5,-31 47 03,3962,4485,-523
24007,05 05 08.3,-18 59 14,7834,7297,537
24018,05 05 28.8,-20 56 17,9294,10443,-1149
3235,05 05 33.4,+67 00 33,3913,4718,-805
24033,05 06 37.1,-17 33 20,4473,4719,80
3248,05 07 06.6,+03 58 41,8922,6687,2235
24056,05 07 44.5,-19 37 25,9535,8798,737
24109,05 08 23.3,-73 08 18,8696,10156,-1460
24101,05 11 05.9,-18 25 40,3578,4538,-960
450026,05 11 07.7,-09 23 19,2676,2404,234
24102,05 11 11.4,-19 36 47,1981,2642,-661
3252,05 11 45.5,+67 29 18,6071,5174,896
450231,05 12 00.5,-09 07 58,17157,20566,-3409
450033,05 12 03.3,-15 41 17,1956,1868,120
24124,05 12 34.1,-39 51 35,4970,4600,370
24129,05 12 50.5,-41 38 01,9855,8378,1477
24128,05 13 16.2,-24 56 19,10090,10985,-895
24127,05 13 17.9,-22 13 32,9081,8331,750
3269,05 14 06.9,+06 31 14,8930,7758,1168
24135,05 14 08.2,-27 44 53,10462,10082,380
3259,05 14 16.1,+72 20 02,4896,3806,1090
24150,05 14 29.5,-62 09 41,4961,7395,-2431
150046,05 14 53.4,+05 24 44,8846,11350,-2504
3270,05 15 19.9,+06 28 24,8640,9503,-891
150059,05 15 36.0,+07 11 48,8910,7630,1280
150063,05 15 46.9,+06 46 36,8197,9769,-1474
24145,05 15 49.4,-23 28 30,10330,9545,785
24159,05 16 39.0,-37 05 58,1401,1643,-288
3275,05 16 46.3,+06 37 21,7967,7258,709
24177,05 17 08.0,-64 57 41,1369,1166,120
3279,05 17 09.8,+06 55 37,8400,9585,-1290
450046,05 17 42.5,-15 31 23,2844,3397,-553
3283,05 17 45.9,-01 11 13,4515,5347,-832
24169,05 17 57.8,-29 42 02,4536,4465,71
24397,05 18 49.7,-86 23 09,4717,4537,180
24175,05 18 52.9,-17 30 56,7034,7631,-597
3277,05 19 10.6,+65 28 11,5081,5256,-175
24209,05 19 16.8,-62 32 05,4967,4827,137
24207,05 19 18.7,-61 39 43,4959,6247,-1283
3253,05 19 41.7,+84 03 08,4077,4252,-175
24193,05 19 50.5,-20 58 00,8736,7625,1111
3289,05 20 06.0,+06 34 56,8886,5843,3083
150148,05 20 12.6,+05 50 18,8576,7783,793
3291,05 20 26.3,+06 34 13,4343,4080,263
3284,05 21 23.1,+72 42 05,4663,5124,-461
24216,05 21 48.4,-23 48 45,1788,2432,-644
24231,05 23 03.3,-17 57 44,12574,10691,1883
24239,05 23 36.7,-19 57 03,5038,5846,-808
450056,05 23 56.7,-17 15 40,3222,3185,75
24270,05 24 31.7,-61 21 54,5393,4011,953
24253,05 24 36.8,-28 32 51,9504,8023,1481
24273,05 25 47.4,-39 54 27,4596,4914,-268
24279,05 26 43.8,-19 12 39,8264,7204,1060
450061,05 28 01.9,-05 18 43,2571,3297,-726
24302,05 28 36.4,-41 29 28,4236,4224,12
24351,05 28 50.1,-76 28 11,9851,11025,-1174
24299,05 28 54.3,-20 56 14,8221,8900,-679
24309,05 28 56.7,-47 23 28,4321,2859,1460
24496,05 29 29.6,-85 55 39,4711,5299,-588
24311,05 29 53.4,-23 49 56,9078,8782,296
24336,05 30 28.1,-62 21 56,8368,6735,1633
24382,05 31 41.9,-73 44 59,4429,4345,84
24333,05 31 50.3,-23 08 40,1876,1460,320
24347,05 32 38.9,-29 37 38,10760,9697,1063
24354,05 33 21.3,-21 56 51,1710,1592,188
3319,05 34 14.7,+70 11 31,4181,7299,-3118
450071,05 34 56.6,-10 01 12,7083,6099,984
24395,05 34 58.9,-50 55 20,4594,4053,541
24399,05 35 03.7,-50 58 02,10368,8985,1383
24407,05 36 46.3,-22 24 20,4949,4909,40
24404,05 36 47.1,-18 36 18,2912,3438,-369
24419,05 37 11.4,-45 20 29,10894,10910,-16
24426,05 38 24.0,-28 11 27,10801,9342,1459
24429,05 38 34.2,-29 24 09,10887,14074,-3187
3326,05 39 37.2,+77 18 44,4065,5383,-1318
24439,05 39 40.9,-41 26 39,11767,11089,678
24437,05 39 41.3,-39 46 51,10800,6892,3908
450075,05 40 11.8,-22 00 10,9087,4687,4400
24452,05 41 19.6,-18 16 39,3335,4059,-724
24469,05 42 31.0,-26 47 21,12961,10151,2810
24485,05 42 35.0,-55 26 23,6828,7264,-436
24476,05 43 13.2,-18 38 23,2116,2157,-16
24486,05 43 52.3,-19 17 38,2795,2488,482
24487,05 43 52.5,-26 28 02,13212,11204,2008
450139,05 43 56.6,-25 52 33,11955,12370,-415
450140,05 44 37.3,-25 53 33,11783,6370,5413
3343,05 45 24.2,+72 21 20,1059,1033,73
450141,05 46 16.8,-25 16 13,12637,16182,-3545
24529,05 46 20.7,-23 28 25,8998,12343,-3345
24532,05 46 53.1,-18 43 39,3112,2857,113
24538,05 47 02.3,-34 15 05,994,940,54
24561,05 47 04.7,-51 33 06,1237,1235,15
24545,05 47 26.6,-25 06 17,11664,8515,3149
24554,05 47 37.5,-30 24 24,11262,11446,-184
450142,05 47 48.1,-25 33 20,10934,11066,-132
24564,05 48 02.8,-33 54 33,10893,8904,1989
450143,05 48 19.6,-25 38 06,12076,13739,-1663
24584,05 48 44.5,-39 03 18,7268,6858,410
24581,05 48 44.9,-36 44 12,7767,9094,-1327
24602,05 50 26.7,-19 43 37,2442,3338,-1197
24635,05 51 14.2,-53 34 19,4576,5449,-873
24623,05 51 18.9,-38 19 11,3179,3350,-171
24646,05 51 35.4,-59 02 21,3746,3585,161
24642,05 52 28.6,-28 22 09,8368,7392,976
24644,05 52 32.4,-36 57 53,7720,6151,1569
24640,05 52 36.3,-17 47 16,3187,2104,1083
24650,05 52 53.4,-34 43 37,10718,9263,1455
450098,05 53 00.5,-17 52 24,3199,3161,26
24652,05 53 33.0,-20 16 03,8547,6057,2490
24723,05 55 30.1,-76 55 15,4793,4074,719
24680,05 55 50.6,-22 48 24,3385,4477,-1092
24704,05 56 21.8,-62 35 37,8343,9375,-1032
450146,05 57 25.1,-39 31 09,14011,14232,-221
24702,05 57 52.3,-20 05 03,3046,3285,-339
24709,05 58 01.4,-38 34 29,10168,7314,2854
450147,05 59 03.1,-40 11 40,13095,12902,193
3373,05 59 07.9,+78 30 34,4727,4645,82
24741,06 00 18.3,-42 06 27,10473,10445,28
24730,06 00 23.7,-19 42 32,8398,9030,-632
24739,06 00 34.7,-28 59 34,1482,2158,-590
24747,06 01 07.8,-23 40 20,1926,2542,-599
24745,06 01 07.9,-21 44 19,1838,1683,155
24750,06 01 24.0,-26 03 18,12121,9398,2723
460089,06 02 01.6,-39 50 11,12882,15452,-2570
460001,06 02 42.6,-12 29 56,2302,1709,593
24781,06 04 03.7,-35 41 37,9850,8301,1549
24782,06 04 27.7,-20 21 05,2985,3631,-646
24789,06 04 42.9,-26 07 22,1897,1958,-82
24830,06 04 44.7,-73 24 05,4567,5226,-659
24802,06 05 09.9,-49 18 01,8737,6727,2010
24804,06 05 21.9,-45 49 32,9217,7914,1303
24805,06 05 27.5,-45 10 43,12789,11408,1381
24797,06 05 29.6,-19 02 06,8033,9482,-1449
24814,06 05 52.1,-53 35 58,10197,6677,3520
3398,06 06 23.3,+60 34 04,7048,6578,470
24846,06 06 45.5,-67 06 59,11386,11646,-260
24854,06 07 30.1,-61 48 25,1309,1607,-298
460093,06 07 34.1,-33 12 11,8517,9826,-1309
24839,06 07 41.0,-47 24 47,9160,9219,-59
24826,06 07 44.7,-23 29 16,2319,2005,314
24829,06 08 03.4,-19 13 30,6849,6551,298
24893,06 08 30.7,-71 17 14,10605,7809,2796
460090,06 08 45.3,-33 46 28,10970,10247,723
24847,06 08 53.3,-25 08 40,6005,3974,1964
460069,06 09 29.3,-33 37 38,11296,13267,-1757
460070,06 09 30.1,-33 33 07,10398,13928,-2418
24858,06 09 36.2,-20 06 18,6866,5496,1370
460071,06 09 38.6,-33 35 13,11248,7335,4175
460091,06 09 47.0,-33 52 22,11529,9242,2287
24866,06 10 01.9,-22 37 33,2886,3411,-525
460077,06 10 21.5,-33 41 26,9108,9955,1555
3403,06 10 36.4,+71 23 07,1250,1270,-20
24907,06 10 48.2,-60 49 20,8868,7975,893
3411,06 10 55.0,+62 01 11,6802,12218,-5416
24895,06 11 05.6,-33 18 02,11625,8689,2821
460095,06 12 05.2,-33 04 18,11129,9408,1721
24924,06 12 26.8,-56 16 10,10815,10927,-112
24931,06 12 31.0,-62 24 53,10642,7229,3413
460092,06 12 50.3,-34 15 04,8880,7366,1514
24928,06 13 27.7,-42 27 07,11769,10485,1284
3416,06 13 40.0,+69 43 45,3993,3396,664
24943,06 14 03.8,-42 51 22,9460,7445,2015
24957,06 14 57.1,-39 49 31,10469,9003,1466
24952,06 15 07.2,-19 25 01,5758,5701,57
3412,06 15 39.1,+79 42 32,3969,5777,-1800
24966,06 15 59.1,-26 45 53,6388,5720,668
24978,06 15 59.2,-54 48 54,10757,10911,-154
3432,06 16 13.8,+57 03 05,5012,4890,122
3413,06 17 01.0,+81 08 17,4187,3377,810
24981,06 17 05.2,-27 23 10,1815,2188,-373
24990,06 17 49.0,-21 03 37,2687,3950,-1263
25008,06 18 20.1,-66 01 01,8167,6764,1403
25016,06 20 43.8,-33 25 32,7392,7570,-178
25038,06 21 34.9,-44 42 31,4755,5228,-473
25044,06 21 38.7,-59 44 20,2315,2975,-660
25086,06 23 09.0,-68 43 58,4437,4470,-33
25053,06 23 43.9,-23 24 26,11916,9713,2203
25055,06 23 51.2,-23 11 39,7310,5755,1555
3439,06 23 54.4,+78 31 50,1485,1299,219
25073,06 24 39.0,-22 35 48,3015,4856,-1841
25088,06 25 36.8,-19 48 47,6712,6033,679
25099,06 25 52.4,-27 59 12,7181,8136,-955
25098,06 25 57.9,-22 00 18,2381,2282,99
25107,06 26 03.4,-36 36 31,11256,9687,1569
3463,06 26 55.7,+59 04 48,2703,2339,364
25130,06 27 03.2,-61 10 37,9873,9566,307
25149,06 29 12.9,-30 20 20,7579,7033,546
25162,06 30 57.6,-23 43 45,2972,2646,326
25200,06 31 02.1,-71 30 03,4374,4927,-553
3477,06 31 22.1,+50 05 36,6541,6299,242
25178,06 31 57.3,-26 46 08,1957,1719,238
25201,06 33 35.7,-34 15 40,7147,5713,1434
25199,06 33 42.9,-24 59 04,2800,2542,258
25207,06 33 58.7,-34 48 48,6968,5964,1004
25259,06 38 19.5,-51 57 01,1148,1296,-115
25256,06 38 45.1,-35 15 32,6823,4183,2640
25260,06 38 56.6,-36 41 09,9229,10602,-1373
25270,06 39 49.8,-38 14 42,5486,5544,-58
25299,06 40 40.5,-69 14 08,8925,8158,767
25301,06 42 49.7,-35 34 14,2060,2401,-341
25351,06 43 13.7,-72 35 51,5627,5982,-355
25306,06 43 29.4,-35 45 59,10226,9945,281
3511,06 43 41.6,+65 12 22,3581,4037,-456
25339,06 43 44.4,-66 51 40,7786,7036,750
25359,06 43 48.2,-73 40 29,6413,7143,-730
25331,06 45 23.3,-30 23 06,11350,11124,226
25345,06 45 41.4,-37 31 14,10160,12235,-2075
3539,06 48 54.1,+66 15 41,3327,4518,-1191
25409,06 49 31.2,-70 09 23,6357,6157,200
25397,06 51 10.4,-30 24 54,7538,8527,-989
25419,06 53 02.5,-39 16 09,2054,1968,86
3574,06 53 10.3,+57 10 40,1487,1377,92
25422,06 53 11.9,-39 35 03,10865,8652,2213
25418,06 53 17.2,-28 37 10,6925,4893,2032
25427,06 53 17.8,-59 10 37,8621,7448,1173
3540,06 54 35.8,+82 28 44,1918,2091,-173
3521,06 55 00.8,+84 02 31,4398,4863,-473
25434,06 55 05.9,-38 04 18,5974,5013,961
3593,06 55 14.3,+40 57 38,6792,6388,404
25447,06 55 56.8,-36 27 51,9513,6015,3498
3528,06 56 11.1,+84 04 44,4399,3754,636
3581,06 59 03.2,+80 00 13,4948,5315,-367
470027,07 03 26.7,-48 59 40,12574,19332,-6471
3652,07 03 51.1,+22 22 09,4678,4264,414
470034,07 03 55.1,-49 03 39,13788,11579,1282
470035,07 03 57.1,-49 04 11,12305,12359,502
25507,07 04 05.1,-41 52 50,5353,6318,-965
25518,07 04 39.6,-65 43 38,9735,9982,-247
25514,07 05 11.5,-47 10 26,9632,6754,2878
25517,07 05 53.9,-37 52 27,10826,7257,3569
470047,07 06 50.9,-49 04 07,11959,9547,3314
25525,07 07 04.5,-49 10 34,13113,13590,-729
25530,07 07 22.9,-58 23 35,8257,7655,602
3693,07 08 20.6,+18 46 47,2408,2896,-488
470050,07 08 23.0,-49 26 20,13322,22440,-9579
3694,07 08 36.7,+32 40 53,4897,7159,-2262
470051,07 08 47.1,-49 17 27,22039,21814,225
170437,07 08 51.1,+48 41 20,18989,17213,1776
470056,07 10 08.5,-49 24 32,13137,12930,-69
470058,07 10 19.8,-49 33 38,12718,6975,5886
3675,07 10 24.3,+74 53 31,3798,4761,-891
170468,07 12 15.3,+48 49 28,12502,11877,625
3736,07 12 20.0,+23 22 49,10025,8650,1375
3717,07 13 14.7,+73 50 36,4194,3990,204
25575,07 13 25.2,-68 21 32,7340,5837,1503
25580,07 13 43.9,-69 47 47,9400,8751,649
25605,07 14 17.5,-74 44 15,4422,3355,1067
3653,07 14 19.3,+84 22 56,2199,2322,-123
3763,07 14 59.0,+34 48 52,7290,8044,-754
25584,07 15 23.7,-55 04 34,2972,2948,24
3749,07 15 53.9,+67 58 57,1182,2151,-1045
25597,07 15 54.2,-57 20 35,1234,916,318
25614,07 16 00.2,-70 33 44,10285,9863,422
3759,07 16 04.1,+64 42 40,4464,6221,-1757
3774,07 16 13.9,+32 56 15,7375,6047,1328
170343,07 16 35.3,+32 57 15,7444,7649,-205
3776,07 16 38.8,+33 59 17,4014,3226,918
3777,07 16 42.8,+29 51 18,3355,2494,861
3764,07 16 53.0,+67 06 39,4149,3471,678
3780,07 17 28.5,+34 04 41,4092,5063,-919
3779,07 17 31.9,+33 58 30,3981,4725,-768
3782,07 17 41.0,+23 21 21,2432,2850,-407
25617,07 17 41.4,-55 58 31,8883,6629,2254
3783,07 17 53.5,+24 45 24,6336,7598,-1262
3791,07 18 32.0,+27 09 30,5229,6534,-1305
25633,07 18 43.8,-62 56 06,3276,4276,-953
25636,07 19 08.8,-58 50 31,9328,7867,1461
25653,07 20 34.0,-67 42 39,3723,3131,597
25645,07 20 53.6,-58 13 02,9339,8387,952
25661,07 21 19.9,-69 00 06,1476,2003,-482
3820,07 22 19.8,+17 17 13,2705,3610,-905
3821,07 22 22.6,+22 04 58,2436,2327,116
3804,07 22 34.6,+71 35 56,2887,3088,-201
25672,07 22 51.2,-62 01 40,3355,3859,-536
3827,07 23 07.4,+22 12 28,5538,4207,1331
3822,07 23 12.8,+37 27 33,7245,7848,-625
3828,07 24 35.9,+57 58 04,3577,2464,1113
3835,07 25 01.7,+23 46 58,5665,5960,-295
25688,07 25 06.9,-63 32 02,10673,10752,-79
3843,07 25 43.8,+20 06 08,5451,5197,254
25751,07 26 23.4,-84 30 25,4719,5075,-127
3848,07 26 36.9,+33 49 25,7929,4075,3854
3856,07 26 57.0,+20 22 14,8680,4561,4119
3854,07 27 09.5,+33 49 55,8003,5314,2689
3862,07 27 47.8,+20 23 54,8327,8597,-270
25709,07 27 53.9,-67 34 26,3732,3672,56
3870,07 28 53.4,+33 49 08,4261,4132,12
3873,07 28 54.0,+20 35 29,4644,4509,135
25706,07 28 59.1,-51 26 52,8186,6549,1637
3872,07 29 04.9,+33 51 39,4089,4847,-703
25715,07 29 06.0,-66 54 43,5321,6413,-1092
3879,07 29 44.1,+33 41 24,4944,3962,982
3884,07 30 04.7,+34 01 38,5041,4813,228
25719,07 30 11.6,-62 15 05,3351,3671,-320
3834,07 30 17.3,+79 52 21,2024,2316,-292
25721,07 30 26.8,-61 47 23,3353,3297,56
3882,07 30 43.0,+55 32 06,11773,11768,5
25732,07 30 44.3,-72 22 50,10281,10785,-504
3859,07 30 48.9,+73 42 22,5395,4888,420
3892,07 31 09.7,+13 03 34,8294,7535,759
3902,07 33 23.7,+31 28 59,5177,6124,-947
3915,07 34 55.7,+31 16 35,4839,4750,126
3917,07 35 02.4,+32 49 20,4836,4404,464
25745,07 35 07.3,-46 55 28,3055,2530,525
3924,07 35 38.1,+11 31 20,5358,4008,1332
3925,07 35 41.4,+11 36 42,5316,3868,1472
3922,07 36 47.0,+55 02 27,8873,11356,-2483
3909,07 36 58.8,+73 42 48,961,1702,-741
3932,07 37 03.2,+22 21 08,4761,4923,-162
3919,07 37 05.1,+64 33 09,4918,5725,-807
3941,07 37 22.8,+14 04 40,4965,4566,496
3933,07 37 37.0,+41 56 46,6027,5943,84
25767,07 37 37.0,-52 18 14,3238,3706,-468
25777,07 38 04.4,-55 11 23,2984,3475,-491
3944,07 38 36.5,+37 37 00,4044,4311,-267
3952,07 39 10.1,+19 29 51,5295,4934,326
3943,07 39 10.9,+59 09 40,3602,4170,-568
3949,07 39 45.3,+48 44 29,6494,3162,3464
25798,07 40 05.8,-66 30 26,10777,10330,447
3962,07 40 29.6,+13 52 18,8918,5790,3128
3959,07 40 39.2,+39 13 58,3496,3316,180
3969,07 41 14.3,+27 36 50,8305,8711,-406
3967,07 42 29.5,+62 56 47,5935,4875,1060
3980,07 42 44.0,+18 19 37,8600,8959,-359
3987,07 43 30.4,+22 55 49,7450,6298,1152
3986,07 43 33.0,+31 32 05,3903,4173,-270
25812,07 43 43.1,-56 45 58,2980,2902,78
3985,07 43 50.3,+49 36 50,5796,7573,-1777
3996,07 44 13.7,+31 39 02,4373,3228,1223
3979,07 44 30.9,+67 16 23,4107,5010,-903
25818,07 44 38.3,-58 09 12,3079,3258,-179
3991,07 45 35.5,+65 45 32,4135,3155,980
4010,07 45 44.5,+04 58 53,2991,3322,-331
4025,07 46 55.9,+07 17 45,5289,4779,500
4029,07 48 18.9,+34 19 55,4582,4190,392
4024,07 48 33.0,+62 12 25,1784,2434,-650
4032,07 48 35.1,+30 09 13,8300,9378,-1078
4034,07 49 19.1,+30 54 08,4146,5000,-854
4039,07 49 40.8,+29 56 37,3884,4164,-280
25861,07 49 49.2,-69 47 17,10369,9820,549
4040,07 49 50.7,+33 57 44,4963,7156,-2288
4042,07 49 59.9,+30 01 30,8470,10403,-1933
4047,07 50 09.2,+30 43 55,4451,3299,1152
4046,07 50 10.6,+30 41 05,4611,2672,1939
4043,07 50 46.1,+54 21 42,3504,5888,-2601
4059,07 52 36.8,+62 32 46,6639,6544,95
4065,07 53 05.0,+55 14 26,7576,9196,-1569
4067,07 54 54.2,+72 36 42,3487,4573,-1084
25887,07 56 06.5,-68 16 42,5425,5188,237
25886,07 56 23.3,-59 21 58,10294,9569,725
4132,07 59 13.0,+32 54 54,5388,6301,-913
170378,07 59 39.3,+26 33 08,7601,7715,-114
4154,08 00 06.3,+13 09 07,4845,4419,426
4128,08 00 12.7,+60 17 17,6058,5520,538
4155,08 00 21.0,+26 36 49,8256,7869,423
4146,08 01 02.0,+59 08 21,12432,15167,-2735
4171,08 01 31.0,+09 42 26,5114,5090,32
4183,08 02 21.5,+06 52 42,9520,6926,2594
25917,08 02 28.1,-72 25 24,8535,6136,2399
4169,08 02 33.1,+61 23 16,1666,2243,-675
25912,08 03 00.4,-58 42 24,8724,8998,-274
4166,08 04 08.4,+74 02 51,3831,4572,-741
25924,08 04 24.4,-61 31 18,8186,6415,1771
4078,08 04 24.4,+84 38 28,1839,2370,-481
480005,08 05 37.9,-11 25 40,1836,1261,575
4233,08 07 17.3,+08 52 07,9135,8519,616
4226,08 07 21.4,+40 23 53,8076,9780,-1704
4247,08 09 03.4,+16 40 37,3069,4850,-1586
180807,08 09 11.2,+57 41 06,6030,5368,662
4252,08 10 00.0,+40 06 09,6292,6932,-640
25966,08 10 00.5,-64 56 09,6105,5471,634
4243,08 10 25.3,+67 14 34,5007,5002,5
4258,08 10 47.8,+46 54 41,3264,4024,-760
4269,08 12 01.5,+19 21 52,8747,7800,947
4275,08 12 46.5,+26 21 40,6512,5523,989
4277,08 13 57.1,+52 38 52,5583,7542,-1926
4278,08 13 59.0,+45 44 38,706,939,-284
25988,08 13 59.3,-70 35 25,10762,11947,-1185
4284,08 14 40.3,+49 03 42,696,1038,-383
4301,08 16 02.1,+28 37 28,6173,6277,-104
4306,08 17 36.7,+35 26 44,2589,2287,302
4317,08 17 52.5,+12 53 52,9951,10168,-217
4315,08 18 01.4,+24 44 10,2305,2190,145
4321,08 18 21.8,+11 37 33,9878,8952,926
180814,08 18 24.9,+11 37 08,9922,10161,-239
180815,08 18 27.7,+11 37 52,23532,25403,-1871
4325,08 19 20.5,+50 00 33,660,820,-165
4326,08 20 35.4,+68 36 02,4739,5051,-312
480016,08 22 28.5,-11 24 58,4878,4507,371
4370,08 22 28.7,-01 02 45,4772,2959,1833
4374,08 22 53.3,+03 34 16,4252,2583,1669
4371,08 22 57.7,+25 44 18,8570,9169,-600
4381,08 23 13.2,-00 51 52,4893,4062,730
480021,08 23 15.4,-04 58 12,7080,7424,-344
26037,08 23 40.8,-60 52 33,2764,2670,94
180613,08 24 14.3,+34 19 41,5398,5980,-582
4359,08 24 33.9,+74 00 43,2302,2626,-345
4392,08 25 01.7,-00 35 32,5268,4827,441
4395,08 25 47.6,+28 07 04,2412,2720,-385
4393,08 26 04.5,+45 58 02,2281,1062,1219
180869,08 27 13.3,+25 58 01,23008,19810,3198
4418,08 27 27.8,+25 43 26,2473,3109,-774
180772,08 28 09.9,+30 23 51,16978,11222,5756
180785,08 28 58.8,+30 27 28,15403,19123,-3720
180789,08 29 07.4,+30 25 38,14315,15434,-1119
180792,08 29 17.3,+30 18 43,14646,13027,1619
180312,08 29 26.0,+30 25 29,15573,11070,4503
180793,08 29 27.3,+30 32 56,14725,17425,-2700
180798,08 29 47.1,+30 39 21,14883,15122,-239
180800,08 29 57.3,+30 35 29,15101,18483,-3382
180802,08 30 28.2,+30 50 28,22310,25157,-2847
180803,08 30 28.3,+30 31 00,28127,29082,-955
4450,08 31 24.8,+27 34 46,6112,4673,1446
26079,08 33 17.7,-17 57 22,4820,5951,-1131
26085,08 33 56.7,-21 53 06,2054,2117,-63
4484,08 35 17.4,+28 28 22,2383,1514,821
26144,08 36 39.5,-83 27 53,5307,4586,721
4472,08 37 25.9,+78 01 31,1344,1573,-194
4511,08 38 34.0,+30 47 53,7902,6250,1652
26128,08 39 33.7,-63 07 41,5288,7226,-1938
4514,08 39 37.7,+53 27 22,827,1495,-648
4512,08 39 39.9,+60 58 07,8016,7980,36
4502,08 39 54.8,+73 45 15,3324,3232,240
4515,08 40 09.6,+52 27 20,5108,5072,36
4524,08 40 14.5,+05 38 06,2222,2621,-399
26132,08 41 22.1,-20 15 47,4853,4251,602
26134,08 41 34.9,-20 18 56,5999,5564,435
26154,08 42 24.4,-73 52 39,5222,6589,-1367
26137,08 42 32.4,-19 52 23,7102,5366,1736
26146,08 42 42.9,-67 48 52,7209,7206,3
26138,08 42 56.2,-20 03 02,2003,2032,-29
26140,08 43 06.4,-17 52 50,6074,6626,-552
4550,08 43 15.9,+13 05 08,2342,3033,-759
26169,08 43 48.3,-78 56 53,5565,5455,107
4559,08 44 07.5,+30 07 09,2315,3045,-751
4558,08 44 09.0,+33 30 55,7891,8687,-796
4565,08 44 21.9,+09 32 14,4346,6141,-1762
26148,08 44 30.0,-20 21 01,3763,3956,-193
4567,08 44 42.6,+09 48 02,4364,5096,-717
4573,08 45 15.7,+09 38 45,4421,4491,-112
4575,08 45 39.7,+23 52 06,13169,15656,-2487
26163,08 47 16.4,-20 02 09,4875,6125,-1250
4597,08 47 40.1,+25 53 36,6787,6641,146
4576,08 47 58.2,+73 32 18,2422,2062,219
4574,08 48 04.2,+74 05 57,2212,2078,93
4607,08 48 09.1,+17 36 39,6451,7684,-1233
480063,08 48 18.6,-03 01 09,4265,4371,-106
4611,08 48 50.5,+29 52 11,6198,7580,-1382
480064,08 49 00.3,-07 49 45,3211,3067,144
4617,08 49 27.2,+29 31 11,8413,9677,-1264
26195,08 50 05.1,-70 07 33,3719,1881,1838
4625,08 50 17.8,+03 29 49,8766,8270,496
480066,08 50 20.0,-16 34 43,5881,415,5466
4628,08 51 40.4,+51 07 04,929,1447,-600
4640,08 51 43.7,-02 08 04,3610,3462,155
4641,08 52 41.6,+33 25 10,636,905,-269
4623,08 53 11.2,+76 29 10,2910,3073,-163
4655,08 53 32.7,+04 46 53,6486,7125,-639
26232,08 55 36.1,-67 27 03,3419,3856,-437
480077,08 56 07.8,-03 21 37,2290,2792,-656
4691,08 57 20.6,+02 55 14,4217,4527,-310
480084,08 58 12.1,-06 11 54,5167,4548,619
4698,08 58 32.6,+28 15 59,8247,10501,-2254
480085,08 58 46.2,-03 42 34,3066,3027,39
480086,08 58 56.8,-04 54 05,4026,4709,-683
4695,08 59 05.8,+53 46 15,2476,2580,-64
4708,08 59 30.6,+44 54 51,2003,2328,-256
480088,08 59 53.6,-07 24 53,6116,5378,738
4697,09 00 12.9,+70 01 09,3794,3816,-22
4719,09 00 38.0,+50 40 40,5246,6008,-864
4725,09 00 55.3,+31 59 35,2234,3100,-864
26262,09 01 28.5,-26 18 01,2253,3153,-900
180589,09 01 45.3,+12 59 29,9049,8431,618
26280,09 02 39.4,-68 13 37,4159,4678,-519
4745,09 02 43.6,+25 05 29,6267,6915,-557
4746,09 02 43.9,+25 25 15,6298,6213,145
4747,09 03 14.9,+30 35 29,4556,4322,234
26286,09 03 37.2,-67 57 58,1578,1081,497
4758,09 04 47.3,+22 01 43,10533,11465,-932
26289,09 05 31.1,-19 02 33,2267,2700,-433
490002,09 06 05.5,-04 21 22,6786,7400,-614
4781,09 06 34.5,+06 18 11,1756,1851,-95
26317,09 06 34.8,-75 48 27,4752,5165,-413
4777,09 06 40.3,+34 37 11,2283,2491,-255
490235,09 06 41.1,-10 00 30,7939,5518,2421
490006,09 06 49.2,-15 29 59,2205,1941,418
490007,09 06 59.6,-07 23 39,6148,5246,1026
490240,09 07 04.7,-09 14 54,16532,6885,9714
490243,09 07 21.8,-09 16 42,16461,20948,-4349
4779,09 07 33.5,+60 28 46,1406,1607,-155
490249,09 07 39.6,-09 27 02,16298,15873,726
26308,09 07 41.7,-23 37 14,3752,3963,-211
4792,09 08 05.8,+20 30 14,7956,7548,408
4759,09 08 06.2,+78 05 07,1342,1371,8
26313,09 08 20.8,-22 29 03,8013,9424,-1411
4800,09 09 19.5,+54 54 41,2575,3129,-613
4809,09 09 20.4,+20 41 51,3298,3232,32
4806,09 09 33.7,+33 07 25,2186,1881,355
26350,09 10 11.6,-79 14 03,1804,2260,-456
26330,09 10 25.1,-23 29 28,5413,6324,-911
4828,09 11 09.7,+19 40 03,9264,9371,-33
4824,09 11 33.8,+51 15 14,2349,2449,-100
26338,09 11 54.4,-20 07 00,2492,2370,122
4845,09 12 25.7,+09 57 19,2421,2772,-331
4844,09 13 02.3,+49 38 21,4171,3708,463
4857,09 13 13.4,+03 13 49,4105,3740,316
4861,09 13 35.6,+12 26 26,5201,5035,202
4825,09 13 43.3,+76 28 32,1495,1466,-87
26355,09 14 37.0,-19 33 04,5448,5191,257
26360,09 15 05.0,-28 15 42,2425,2797,-372
4880,09 15 17.0,+11 53 08,5268,5888,-651
190864,09 15 28.3,+11 50 05,15018,6079,8939
26375,09 16 19.5,-23 37 59,2857,3062,-205
4900,09 16 39.7,+07 15 58,5939,4614,1325
26380,09 16 47.6,-26 48 59,2743,3999,-1256
4895,09 16 49.4,+27 29 21,7333,7457,-124
490060,09 17 39.2,-07 54 26,7873,6560,1313
4906,09 17 40.1,+52 59 35,2435,2525,-90
4923,09 17 50.6,-00 16 44,5550,4323,1227
26385,09 17 52.4,-22 21 23,1202,708,494
26389,09 18 12.2,-18 26 32,4748,4263,485
4925,09 18 19.8,+17 45 10,3306,4222,-916
4888,09 18 32.7,+73 45 36,2304,2391,-87
190809,09 18 33.4,+34 20 42,14027,15136,-1109
26410,09 19 54.7,-68 54 33,3520,3615,-95
4943,09 19 58.1,+37 11 27,2495,4845,-2350
26409,09 21 08.1,-31 53 29,2166,1952,214
4970,09 21 45.6,+39 31 27,2628,3821,-1193
4966,09 22 02.0,+50 58 39,803,1393,-610
490302,09 22 09.6,-00 32 22,17148,15187,1961
490303,09 22 22.6,-00 29 18,26659,25576,1083
4996,09 23 15.6,-00 43 42,3831,3549,282
26431,09 23 36.2,-26 52 48,2677,3230,-553
5010,09 24 55.3,+26 46 29,4381,5066,-685
5017,09 25 24.8,+11 04 26,3513,4669,-1077
5014,09 25 42.5,+34 51 21,5114,4867,247
5020,09 26 01.5,+34 39 12,1868,2408,-528
5030,09 26 36.0,+07 57 13,2466,2473,-32
26463,09 27 11.7,-27 55 58,10831,9578,1253
5034,09 27 53.8,+57 22 30,3352,3206,146
5033,09 28 11.6,+64 56 03,5305,5923,-618
26474,09 28 17.2,-19 26 07,5332,5671,-512
26476,09 28 31.0,-20 54 49,10098,10042,56
5056,09 29 30.2,+07 43 04,2458,3289,-848
190713,09 32 00.7,+12 15 42,6213,7932,-1719
5079,09 32 09.6,+21 30 03,848,739,109
190347,09 32 51.7,+12 17 14,5014,6411,-1397
490096,09 33 15.3,-16 46 04,2446,2525,-105
490097,09 33 43.0,-11 19 08,3002,3021,-19
5093,09 34 00.1,+10 01 45,3467,3710,-118
5102,09 34 47.5,+10 16 59,2751,3115,-364
5107,09 35 07.3,+05 07 10,2337,2565,-93
26524,09 35 57.3,-24 58 51,9158,9238,-80
26530,09 36 44.9,-21 07 41,2583,1981,602
5121,09 37 05.2,+13 53 39,8892,9512,-620
490113,09 37 46.7,-10 58 27,5703,6741,-955
26543,09 38 00.9,-20 51 37,10334,7227,3107
26548,09 38 07.5,-33 55 38,2945,2691,254
5134,09 38 07.9,+09 31 23,3663,3052,540
26565,09 38 19.3,-70 04 35,6221,6730,-509
5115,09 38 25.4,+76 19 08,2319,3689,-1384
5140,09 39 07.9,+34 00 23,4678,4011,667
5148,09 39 33.4,+11 30 33,6221,7295,-1074
26576,09 39 45.9,-68 49 21,4861,3895,966
5149,09 39 46.0,+20 59 59,5031,5521,-490
5157,09 40 58.2,+47 37 14,5025,3864,1161
26581,09 41 43.3,-28 11 29,2853,2835,18
490128,09 42 12.3,-04 42 59,4815,4216,599
490130,09 42 23.0,-06 15 04,2194,2477,-256
5183,09 42 54.2,+31 50 48,1599,1197,539
5192,09 43 08.4,+21 10 54,5239,6032,-793
490136,09 43 11.9,-09 36 43,6086,7115,-1029
5201,09 44 35.1,+55 45 45,7780,7867,-87
5215,09 45 14.3,+09 06 36,5813,6115,-302
26610,09 45 25.7,-18 22 35,4479,4523,-101
5218,09 45 30.1,+06 22 36,3421,4008,-595
490155,09 46 03.8,-03 58 15,5135,4405,730
490154,09 46 06.4,-03 53 32,5186,5404,-218
5210,09 46 24.3,+68 57 27,4524,4671,-118
190788,09 46 30.8,+15 53 09,4114,5140,-1026
26623,09 46 34.4,-23 55 06,4800,4370,333
5238,09 46 53.8,+00 30 26,2127,2459,-239
5203,09 46 54.8,+79 48 37,1556,2089,-533
26634,09 47 12.7,-24 50 19,4629,3526,1177
5240,09 47 21.8,+25 44 44,7219,7952,-733
5249,09 47 45.3,+02 37 35,2216,2040,180
5251,09 48 35.8,+33 25 16,1740,1512,224
5250,09 48 43.6,+44 04 50,4979,4427,494
5244,09 48 48.1,+64 10 00,3132,3363,-231
490160,09 48 53.9,-08 03 05,6934,5830,1104
26650,09 49 10.3,-20 21 48,5042,4993,49
5258,09 49 25.8,+14 39 27,6242,6050,192
5267,09 49 52.8,+09 05 43,5981,5675,306
190867,09 49 53.4,+12 54 35,14301,16646,-2345
5271,09 50 06.7,+12 48 46,1766,1700,66
26663,09 50 13.3,-21 49 56,9139,6699,2440
26665,09 50 27.3,-21 48 08,9135,3377,5758
5280,09 50 57.4,+33 33 14,1796,1739,-3
5286,09 51 06.1,+09 00 29,5529,5335,247
5283,09 51 25.4,+44 55 24,4785,3095,1690
5295,09 52 54.4,+42 50 51,5012,4931,-10
5303,09 53 07.2,+16 40 38,1728,1897,-131
26685,09 53 17.8,-18 38 46,2592,2957,-379
5301,09 53 20.8,+42 50 42,5083,3743,1178
5311,09 53 40.9,+01 34 45,1633,1403,238
26694,09 53 58.4,-31 18 05,4894,5057,-163
5320,09 54 17.8,+23 17 14,4441,5403,-962
26698,09 54 22.9,-33 06 59,1825,2304,-479
26697,09 54 27.9,-18 38 21,4120,3433,681
26699,09 54 28.9,-25 42 09,2758,2754,6
5324,09 54 46.2,+13 22 27,6286,6350,-64
190715,09 55 06.5,+13 31 27,7866,6809,1057
5328,09 55 18.0,+04 16 12,2163,2155,65
5329,09 55 33.6,+16 25 58,4053,3952,72
5316,09 55 40.7,+72 12 11,1122,1300,186
26715,09 56 04.9,-37 46 09,5134,3217,1917
191021,09 56 06.9,+16 17 22,22069,16759,5310
26713,09 56 07.8,-21 59 21,3588,5955,-2367
26740,09 58 20.7,-25 10 21,2719,2074,686
5359,09 58 51.6,+19 12 52,8779,9127,-348
26781,10 00 28.8,-35 32 49,8986,8002,984
490308,10 00 28.9,-14 48 57,9899,8780,1119
490200,10 00 35.0,-14 56 54,9428,10415,-987
26791,10 00 53.0,-42 41 09,10084,8758,1326
26794,10 01 32.4,-20 23 04,4065,4897,-832
5389,10 01 37.4,+39 37 36,7215,6447,768
5396,10 01 40.6,+10 45 22,5734,5223,359
5394,10 01 47.9,+36 29 56,1685,3086,-1350
5387,10 01 58.4,+55 40 49,1265,1414,-39
26822,10 03 42.1,-27 01 38,1288,1459,-51
26826,10 03 56.1,-34 48 27,9413,8353,1060
5426,10 04 29.5,+14 46 08,7299,8188,-889
26857,10 05 08.7,-70 49 07,5258,6252,-994
26843,10 05 39.4,-37 05 12,5082,6127,-1045
500011,10 05 46.4,-17 25 50,5334,5785,-451
26841,10 05 48.1,-18 14 49,5290,7559,-2269
500015,10 06 15.4,-16 01 18,5366,5751,-767
26856,10 06 25.2,-18 16 32,5224,5773,-549
5446,10 06 31.0,+32 56 48,1626,2655,-1019
26874,10 07 00.0,-34 21 21,9171,7592,1579
5452,10 07 11.5,+33 01 38,1611,2007,-371
5472,10 08 32.0,-00 40 02,6772,7562,-790
5471,10 08 36.3,+18 13 51,5400,5392,8
26894,10 09 07.3,-29 03 50,1435,1121,287
500025,10 09 16.9,-11 57 24,8173,9981,-1808
26910,10 09 56.4,-37 17 56,6459,5888,571
500032,10 10 09.9,-12 26 04,4025,4305,-280
26924,10 11 07.6,-21 31 54,9672,6436,3236
26954,10 12 06.9,-72 50 27,5343,5690,-347
500336,10 12 08.4,-01 25 06,13595,15135,-1540
26940,10 12 22.0,-25 46 08,9964,8946,1018
500338,10 12 41.8,-00 39 39,13619,16150,-2531
5505,10 12 50.4,+12 40 00,3148,2477,707
201119,10 13 09.7,+20 16 02,9054,6226,2828
500321,10 13 21.6,-00 46 51,14947,13614,1333
500048,10 13 46.8,-00 54 49,13087,13998,-911
5522,10 13 59.0,+07 01 24,1566,3243,-1602
26974,10 14 42.3,-28 52 15,1431,1780,-372
26983,10 14 49.3,-38 11 20,4694,3587,1107
500383,10 14 50.1,-01 23 09,9773,5221,4552
5520,10 15 00.5,+65 08 22,3423,3881,-415
500344,10 15 18.5,-01 26 11,17682,15271,2411
5519,10 15 32.3,+74 13 12,6497,5919,578
500345,10 15 35.6,-01 09 45,15686,18720,-3034
5537,10 15 42.2,+07 19 39,4101,5066,-965
5534,10 16 10.2,+58 25 37,7800,7322,587
26998,10 16 13.3,-29 12 15,11219,8680,2539
500347,10 16 22.8,-01 04 22,13863,13189,674
500392,10 16 52.7,-01 23 05,19369,20954,-1585
5552,10 17 25.8,+17 05 49,8625,7708,917
5554,10 17 38.6,+21 41 16,1549,1665,-43
5538,10 17 40.1,+74 20 50,2994,3832,-838
27023,10 18 36.4,-17 58 56,3850,4327,-477
27031,10 19 07.1,-40 40 46,7936,8850,-914
27028,10 19 08.1,-26 59 04,10124,10325,-201
27036,10 19 31.2,-39 28 41,4881,5120,-239
5574,10 19 43.0,+22 27 06,1783,1642,-20
5572,10 19 54.7,+45 32 59,877,967,-110
27046,10 20 03.5,-37 59 53,4813,4437,376
201117,10 21 34.5,+23 57 34,6640,7281,-641
5589,10 21 47.5,+56 55 49,1315,1423,-48
5607,10 22 24.4,+03 59 49,7191,5994,1245
27075,10 22 30.8,-36 58 45,4980,5724,-744
5599,10 22 35.4,+43 50 48,5489,5998,-509
5604,10 22 40.8,+46 14 18,5278,5324,-46
5616,10 23 22.0,+09 56 14,10067,10979,-912
500358,10 23 24.3,-03 23 18,8930,4219,4711
5625,10 23 48.5,+12 37 46,3469,3607,-138
200336,10 23 57.8,+12 41 10,13961,11443,2518
500076,10 24 07.4,-05 37 54,5634,4800,834
500362,10 24 11.5,-05 37 17,16496,20775,-4279
500324,10 24 17.6,-05 40 41,6263,5629,634
27100,10 24 38.0,-21 29 32,5929,6729,-800
200348,10 24 47.6,+12 41 27,10342,11856,-1514
5631,10 25 10.1,+58 08 59,2271,3085,-783
5641,10 25 35.5,-02 12 55,5907,4788,1170
200356,10 25 43.2,+10 57 23,9912,9965,-53
200360,10 25 52.9,+12 42 39,10071,8676,1395
200365,10 26 13.7,+11 02 32,9842,5714,4128
5651,10 26 25.5,+17 30 37,5895,5052,839
200376,10 26 36.3,+12 02 17,9747,10255,-508
27133,10 26 44.0,-21 51 42,6047,7353,-1306
5656,10 26 49.7,+34 55 12,6932,6633,299
5662,10 27 01.2,+28 38 21,1615,2215,-404
5665,10 27 22.1,+11 04 46,10060,12323,-2155
5670,10 27 44.1,+27 08 34,6866,6603,263
27154,10 27 51.5,-33 07 32,9192,10606,-1414
27159,10 28 01.9,-42 06 37,5738,5953,-215
5687,10 29 15.5,+06 07 39,3916,3675,241
5685,10 29 19.9,+29 29 29,1646,2187,-376
5708,10 31 13.2,+04 28 19,1532,1636,5
27213,10 31 18.2,-18 32 37,10279,8575,1704
5711,10 31 29.9,+24 52 08,6564,6202,362
200445,10 31 31.2,+12 29 44,10309,11001,-833
5717,10 32 34.6,+65 02 26,1787,2619,-1133
200452,10 32 39.3,+12 10 41,10227,8834,1334
5741,10 34 42.8,+11 11 48,1739,2513,-872
5746,10 35 08.6,+45 05 04,7767,6243,1524
27308,10 35 19.1,-44 10 32,6360,6095,265
27311,10 35 47.3,-29 01 38,10094,8665,1429
500130,10 36 15.2,-08 20 02,5400,4447,953
5753,10 36 16.4,+37 19 27,1832,2241,-409
27334,10 36 48.9,-18 06 21,6392,5047,1345
5774,10 37 10.3,+12 39 08,3231,3677,-384
5775,10 37 22.2,+37 04 37,7332,9519,-2187
27380,10 37 58.0,-43 55 30,6810,6920,-110
5783,10 38 05.2,+01 44 41,10741,8203,2538
5757,10 38 08.9,+79 21 58,1975,2795,-820
5787,10 38 26.2,-02 34 09,8638,7603,1035
5788,10 38 46.8,+05 41 47,8706,6956,1987
500163,10 38 50.6,-11 38 54,2856,2984,-128
5789,10 39 09.5,+41 41 11,979,898,81
5794,10 39 36.6,+47 23 51,2528,2721,-193
5818,10 41 15.7,+06 21 39,6610,7356,-746
5821,10 41 45.2,+15 38 33,6937,8827,-1867
5826,10 42 07.6,+13 44 48,1642,1845,-158
27472,10 42 37.4,-23 56 05,1386,1054,338
27473,10 42 45.4,-26 47 36,10994,9783,1211
5850,10 43 57.6,+11 42 12,1125,847,706
201196,10 44 05.7,+26 03 41,16456,13670,2786
5852,10 44 12.2,+06 45 30,6498,5181,1317
500190,10 44 28.6,-11 12 28,2280,2056,309
5855,10 44 37.1,+26 10 54,6559,6520,103
5858,10 44 49.1,+15 57 04,6818,2535,4283
5869,10 45 42.7,+11 20 37,6916,6400,516
5878,10 46 12.6,+01 48 46,1348,1428,34
5882,10 46 45.7,+11 49 11,1235,732,821
5887,10 47 04.1,+17 16 23,1615,2064,-511
5897,10 47 41.5,+11 04 36,3064,2683,435
5914,10 48 28.6,+12 31 57,1650,1598,89
27545,10 48 43.7,-45 25 10,5943,5479,464
500203,10 50 20.2,-17 02 34,6515,6257,258
5958,10 51 15.8,+27 50 56,1483,2117,-634
5965,10 51 19.9,+14 01 22,3417,3691,-274
27566,10 51 24.5,-19 53 19,2413,1834,579
5968,10 51 29.5,+09 16 45,8374,8179,195
27570,10 51 33.4,-35 28 26,5079,5902,-823
5974,10 51 35.1,+04 34 57,1399,1974,-512
5985,10 52 06.8,-00 33 39,5926,5548,372
5982,10 52 11.4,+32 57 04,1866,2330,-519
5994,10 52 33.4,+10 01 07,6738,8046,-1308
5995,10 52 35.4,+22 56 05,1595,1981,-428
27581,10 52 47.7,-45 40 39,3161,3341,-180
6004,10 52 59.4,+10 12 36,9748,11033,-2090
500213,10 53 12.6,-07 25 45,2830,3839,-1009
6012,10 53 38.6,+26 54 34,6646,7464,-818
6009,10 53 49.6,+57 07 05,2066,2996,-861
27587,10 53 51.5,-38 12 46,8012,6487,1525
5997,10 53 54.5,+73 41 23,1319,2093,-877
500216,10 54 03.3,-16 01 43,4555,3112,1621
27597,10 54 28.8,-46 12 41,6141,6541,-400
6028,10 54 31.1,+17 17 02,1440,2292,-739
6021,10 54 35.9,+56 59 21,2167,1148,987
27634,10 55 17.6,-85 35 33,4633,3579,1054
27599,10 55 19.6,-30 28 06,2508,2863,-355
201060,10 57 57.7,+01 39 20,12551,11603,948
500227,10 58 05.4,-04 45 34,7046,7698,-652
200742,10 58 17.5,+01 08 29,12379,10555,1824
200743,10 58 19.5,+01 33 36,12493,14394,-1901
200752,10 58 36.9,+01 25 17,11744,12416,-672
27636,10 58 59.8,-35 49 29,9217,6401,2816
200760,10 59 01.4,+01 24 43,12897,12050,847
201069,10 59 05.5,+01 36 13,12255,12881,-626
200763,10 59 05.8,+01 10 56,12044,9271,2773
200765,10 59 09.1,+01 22 00,12220,10262,1958
6069,10 59 27.4,+46 07 18,6895,6501,305
200788,10 59 40.6,+01 27 11,12550,11436,1114
200799,11 00 00.9,+01 37 31,13143,10515,2628
27651,11 00 16.7,-38 37 53,8038,7850,188
6083,11 00 23.7,+16 41 31,1285,2333,-780
6080,11 00 40.1,+61 19 13,2313,2597,-457
27653,11 01 02.2,-43 40 37,1597,1179,418
6098,11 01 16.3,+03 37 39,1490,1389,73
6096,11 01 23.7,+57 40 39,3151,3389,-238
6104,11 01 50.9,+16 36 24,3286,3470,-178
6116,11 02 47.4,+17 59 22,1464,1795,-242
27671,11 03 23.6,-23 05 10,1471,905,599
510003,11 03 35.7,-17 28 44,8436,9191,-755
6126,11 03 43.5,+28 53 07,1002,1288,-298
6150,11 05 48.8,-00 02 05,1165,1149,157
6152,11 06 06.9,+29 55 56,9222,6754,2468
6162,11 06 54.8,+51 12 11,2402,2426,-24
6167,11 06 56.8,+07 10 26,1776,1489,401
6170,11 07 18.1,+28 31 39,10392,8995,1569
27713,11 07 35.8,-39 58 26,7346,7369,-23
210080,11 09 08.8,+28 40 21,10006,10966,-960
211452,11 09 16.8,+21 32 26,17204,5840,11364
211453,11 09 24.9,+22 29 02,6738,4282,2456
211458,11 09 43.1,+21 58 46,10437,10301,136
211459,11 09 53.6,+22 27 00,6733,4966,1767
6208,11 09 56.5,+07 13 59,6639,6998,-359
211655,11 10 02.8,+21 41 04,9704,10134,-430
211461,11 10 09.9,+22 13 35,10211,10186,25
211499,11 10 20.1,+21 19 27,9565,7131,2434
211462,11 10 20.8,+22 31 05,10024,9352,672
6212,11 10 24.8,+04 49 46,9423,7473,1950
27747,11 10 44.2,-30 20 41,9263,4706,4557
6217,11 10 45.2,+12 00 56,3598,2558,1252
510016,11 10 46.7,-15 44 10,4295,4326,-31
27753,11 10 51.0,-27 53 47,1839,1771,-32
6215,11 10 56.8,+53 23 15,3036,3213,-177
211500,11 11 12.1,+21 45 50,10295,5950,4345
27759,11 11 27.0,-31 06 18,10234,9727,507
27761,11 11 32.1,-33 47 30,9117,6316,2801
27773,11 12 49.3,-21 11 36,8471,6829,1642
6246,11 12 50.5,+23 15 22,6655,5574,1081
27780,11 13 36.4,-44 01 02,5461,4742,719
6260,11 13 52.5,+04 17 26,7397,8804,-1407
6267,11 14 27.3,+17 15 33,1639,1709,-156
211558,11 14 29.2,+29 15 15,14842,14310,532
211559,11 14 38.8,+29 05 26,14118,15322,-1204
211560,11 15 01.6,+29 09 20,13910,11652,2258
211561,11 15 13.1,+29 16 16,21413,22045,-632
6292,11 16 28.0,+29 19 36,14205,5302,8903
210205,11 16 33.2,+29 18 44,14272,13597,675
211576,11 16 43.0,+29 19 45,15536,10497,5039
6294,11 16 43.3,+26 22 18,8465,10522,-2016
27815,11 17 04.0,-49 12 10,4609,3275,1334
6301,11 17 22.2,+22 20 18,10058,11445,-1387
27822,11 17 34.0,-27 53 40,7504,7441,63
27824,11 17 40.6,-35 59 06,9654,9267,387
6318,11 18 21.2,+45 44 54,2551,2633,-194
6325,11 18 28.3,+25 19 24,7858,6652,1206
27835,11 18 41.0,-24 41 24,8933,10609,-1676
27838,11 18 53.8,-29 25 31,9462,9403,59
6328,11 18 55.7,+13 05 32,1149,850,151
6340,11 19 55.3,-00 52 45,7753,6361,1392
6338,11 20 00.7,+36 06 01,7825,7991,-88
211465,11 20 20.0,+34 18 18,10943,11663,-720
6352,11 20 31.8,+26 57 46,1811,2505,-952
6355,11 20 40.2,+31 13 18,2471,2333,-780
211468,11 20 43.2,+34 09 52,10644,11422,-778
211469,11 20 44.0,+34 29 36,10818,12777,-1959
6364,11 21 04.0,+34 20 37,11008,8626,2382
211475,11 21 31.0,+34 08 33,13184,13323,-139
6376,11 21 43.1,+20 10 09,4573,3934,713
6384,11 21 58.0,+34 56 53,2305,3686,-1377
210268,11 22 03.0,+34 18 53,10406,12748,-2342
6378,11 22 07.3,+69 37 00,1391,1666,-193
211399,11 22 35.8,+34 23 36,10697,11367,-670
6392,11 22 39.1,+37 45 53,2253,1897,412
27865,11 22 41.4,-36 43 14,4085,6387,-2302
6390,11 22 41.5,+64 04 00,1127,2001,-599
27866,11 22 44.0,-43 59 57,5501,5056,445
211489,11 22 54.6,+34 03 33,11099,12510,-1411
6396,11 22 54.6,+16 35 21,1837,2723,-889
211402,11 23 00.7,+34 23 37,11105,12302,-1197
211492,11 23 10.2,+34 12 34,10536,8236,2300
211403,11 23 10.3,+34 17 47,11073,10047,1026
211406,11 23 24.5,+34 17 56,10777,12436,-1659
6408,11 23 39.5,-01 05 58,6000,6615,-400
6405,11 23 45.2,+17 49 02,1617,1983,-430
6414,11 24 05.2,+24 36 54,7990,8459,-492
6415,11 24 10.6,+27 00 49,10274,8572,1702
27879,11 24 13.5,-77 09 34,5333,3453,1880
6420,11 24 26.2,+11 20 30,1409,1354,-48
510059,11 25 02.3,-09 47 41,2239,2002,211
6430,11 25 30.8,+63 26 45,3550,4599,-1144
27885,11 25 45.3,-48 08 30,5856,4911,945
6437,11 25 46.3,+18 56 22,5663,6177,-514
6442,11 26 14.0,+07 50 28,6664,7984,-1327
6449,11 26 33.9,+11 26 22,3554,3934,-287
27901,11 27 24.2,-29 15 33,7503,7582,-79
6458,11 27 31.6,+56 52 39,1869,3014,-965
6467,11 28 11.1,+25 39 39,3046,3554,-508
6474,11 28 24.0,+09 24 26,2070,2711,-689
6475,11 28 31.0,+09 06 14,6666,7198,-541
211061,11 28 41.6,+27 09 49,10527,15215,-4688
6483,11 29 02.4,+17 13 52,4229,4970,-1160
6485,11 29 06.5,+08 59 17,6573,6896,-239
6484,11 29 11.9,+57 07 55,2589,3105,-516
27919,11 29 42.0,-31 51 02,9258,8352,906
6498,11 30 07.6,+09 16 36,1371,1392,-86
510389,11 30 53.2,-04 21 04,11429,8584,2845
6507,11 31 12.5,+34 12 11,6583,7586,-1003
6509,11 31 22.6,+23 06 54,3232,3016,300
27940,11 32 08.3,-41 25 39,5170,5735,-565
6519,11 32 10.3,+01 12 25,6165,9511,-3296
6521,11 32 13.5,+00 49 08,6203,7143,-928
6533,11 32 52.3,+05 43 36,5730,5721,9
6534,11 33 19.8,+63 16 45,1395,1324,78
6539,11 33 23.9,+32 36 11,6549,6033,516
510394,11 33 26.0,-04 17 25,9714,7208,2506
510090,11 33 38.3,-15 46 10,4023,5013,-938
6542,11 33 40.8,+61 53 15,3452,2307,1181
6551,11 34 07.6,+36 40 57,6702,6912,-210
510097,11 34 19.9,-06 23 20,5383,5113,270
6556,11 34 55.2,+16 06 56,5777,5428,349
6559,11 35 08.3,+15 57 30,5458,7414,-1956
27967,11 35 20.9,-46 03 35,10375,10157,218
211422,11 35 33.6,+24 57 46,7249,10312,-3063
6568,11 35 36.9,+00 07 38,6274,4693,1522
6564,11 35 37.6,+25 05 18,9914,10439,-525
27972,11 35 47.2,-49 01 47,5358,6013,-655
27975,11 35 56.4,-48 29 11,6653,6483,170
6567,11 35 57.4,+70 32 07,2774,3405,-622
6575,11 36 26.4,+58 11 30,1369,2539,-1145
27980,11 36 28.5,-45 03 41,3513,3787,-274
6577,11 36 33.2,+36 24 37,1836,2279,-349
27983,11 36 45.8,-22 13 18,7476,8836,-1360
510106,11 36 50.1,-12 58 29,5399,6657,-1258
210520,11 37 07.1,+02 50 56,9151,7068,2083
6588,11 37 13.5,+15 25 57,4376,3940,398
210529,11 37 34.8,+20 10 10,8062,8818,-756
27994,11 37 59.4,-32 19 30,9151,7679,1472
6603,11 38 02.1,+35 12 14,1897,1845,85
27996,11 38 09.8,-23 25 47,8349,8453,-104
27997,11 38 14.9,-29 43 43,4466,5967,-1501
510118,11 38 20.5,-13 02 50,5492,6397,-905
6607,11 38 25.0,+20 44 24,3683,4063,-380
6608,11 38 33.2,-01 11 04,6601,5621,980
6610,11 38 44.0,+33 48 16,2129,2488,-558
28007,11 38 57.6,-17 58 07,6985,6604,381
6612,11 39 03.3,-00 12 21,5770,5747,298
28012,11 39 08.9,-23 18 13,8443,6030,2413
210565,11 39 16.1,+20 25 38,8093,10845,-2752
6616,11 39 21.5,+58 16 06,1299,1661,-267
6619,11 39 29.1,+60 32 42,3618,4975,-1487
28024,11 39 49.6,-44 33 37,10088,7399,2689
6629,11 40 06.6,+58 36 44,1363,1957,-563
28032,11 40 55.9,-44 28 49,3472,3411,61
6644,11 40 58.8,+11 28 16,1340,1248,87
28033,11 40 59.3,-22 28 38,7410,8214,-804
6650,11 41 16.8,+47 41 26,3296,4397,-1101
6651,11 41 18.4,+36 32 46,1732,1866,64
28040,11 42 09.9,-18 10 08,4065,3380,685
510134,11 42 28.8,-08 20 26,7085,4627,2458
210633,11 42 43.6,+08 58 27,6886,5874,1012
210643,11 43 07.9,+19 41 55,13351,11999,1352
510136,11 43 11.4,-12 46 04,5151,6021,-788
6692,11 43 28.9,+10 09 40,6409,7015,-547
6695,11 43 34.7,+08 56 30,6317,4145,2323
6700,11 43 54.3,+10 47 04,6239,3913,2326
6703,11 44 04.7,+60 07 10,2593,2953,-360
28058,11 44 26.0,-28 27 50,8950,9625,-675
6715,11 44 28.6,+10 46 00,6429,7749,-1281
6720,11 44 50.4,-01 36 05,8898,7607,1236
6722,11 45 05.5,+08 28 09,4842,4902,-60
210738,11 45 05.5,+21 24 41,8151,4882,3269
6734,11 45 35.8,+09 07 04,6619,6906,-216
28071,11 45 41.2,-28 22 03,2185,3709,-1564
6736,11 45 46.1,+03 01 45,6352,6164,188
510300,11 46 50.5,-14 28 02,4873,5282,-409
510381,11 48 01.8,-03 42 25,17783,17316,467
6772,11 48 03.3,+30 21 34,6576,7024,-448
28097,11 48 29.2,-34 17 04,7567,8149,-582
28098,11 48 29.3,-33 05 10,8514,8729,-215
6780,11 48 50.4,-02 01 57,2091,2739,-648
6786,11 49 09.4,+27 01 19,2101,2509,-391
6790,11 49 18.8,+26 07 18,3904,4657,-739
6793,11 49 23.3,-01 05 01,6555,7610,-1055
6791,11 49 23.5,+26 44 27,2156,2396,-278
28111,11 49 30.3,-34 35 10,8730,7925,805
6804,11 50 12.3,+06 59 53,6349,5643,763
510165,11 50 20.5,-02 48 34,8375,6376,1999
6809,11 50 32.7,+06 34 02,6465,5859,547
211031,11 50 43.8,+21 11 01,8075,3323,4752
211029,11 50 57.0,+21 11 39,8701,10031,-1330
6839,11 52 02.1,+16 48 32,4070,3266,252
28144,11 52 20.5,-26 54 14,2364,1473,672
6858,11 52 58.3,+61 12 56,3274,3775,-407
28152,11 53 03.9,-36 38 17,3266,2711,555
6862,11 53 15.4,+11 38 01,3082,4260,-1178
510177,11 53 49.4,-05 10 01,6113,5441,672
28167,11 53 50.6,-27 20 59,1978,1916,229
6872,11 53 50.8,+33 21 55,3481,2456,976
28169,11 53 56.9,-20 08 23,2039,1266,759
28171,11 54 00.6,-20 33 58,2006,1739,286
28180,11 54 39.0,-40 55 53,7041,5830,1211
28185,11 55 00.7,-47 26 41,11725,10773,952
6895,11 55 28.7,+11 58 05,6730,6172,565
28196,11 55 51.2,-18 11 41,1955,1921,104
6906,11 55 57.3,+06 44 57,2849,3039,-190
28198,11 56 05.7,-19 53 43,2064,1607,418
28200,11 56 22.4,-19 33 06,2272,2772,-747
6916,11 56 28.2,+39 44 29,6434,6378,59
28206,11 56 46.7,-38 11 28,3309,2832,479
510195,11 57 10.2,-14 16 37,8670,8867,-197
6934,11 57 31.9,-01 15 11,5858,6333,-475
28226,11 58 19.0,-39 32 41,4017,3219,798
6982,11 59 10.1,+37 47 31,3469,2590,879
28245,11 59 28.1,-47 09 42,5668,5154,514
211853,11 59 50.9,+08 47 35,10882,5300,5582
28252,12 00 11.6,-20 33 18,6720,6148,572
6993,12 00 23.5,-01 05 59,1817,2053,-197
6994,12 00 31.3,+08 51 47,6606,6654,-48
7012,12 02 03.0,+29 50 51,3367,3500,-164
510212,12 02 26.0,-04 18 28,6085,5438,647
7021,12 02 42.2,+01 58 37,2338,2505,-96
28289,12 02 45.9,-29 05 36,2532,775,1698
520002,12 02 53.8,-16 22 23,2133,1847,178
7026,12 02 57.6,+04 50 45,6626,6734,-321
7031,12 03 21.5,+29 25 09,3861,3758,-422
28292,12 03 24.4,-19 31 20,2012,2096,-71
28295,12 03 34.0,-25 22 53,2263,2825,-654
7054,12 04 11.2,+18 26 38,1264,271,1142
7067,12 04 49.7,-02 22 54,6434,7039,-605
28313,12 05 32.4,-30 09 41,7870,6864,1006
28319,12 05 46.9,-27 56 23,2179,1334,805
28320,12 05 48.4,-29 58 23,2588,2232,241
7100,12 06 44.5,+17 42 54,4641,4640,11
520006,12 06 51.1,-11 05 39,4835,4587,248
7102,12 07 03.4,+18 31 53,7505,8305,-1141
28345,12 07 13.7,-30 01 23,2052,2050,423
28350,12 07 40.3,-18 04 23,6117,6218,-101
28356,12 08 15.9,-32 00 35,2546,1952,521
7122,12 08 26.3,+76 48 14,1849,2481,-483
520011,12 08 53.3,-09 02 11,1532,1623,-91
28375,12 09 25.0,-28 48 04,2486,2067,406
7153,12 09 47.1,+62 16 06,2732,3229,-524
28383,12 10 14.0,-29 44 10,2469,1661,812
7184,12 11 19.9,+01 29 30,2469,2483,-74
7192,12 11 47.5,+12 08 35,4354,3707,647
7193,12 11 52.5,+24 07 27,2876,3124,212
7196,12 11 59.3,+15 24 03,7434,9070,-1681
7209,12 12 32.3,+12 07 23,2545,2438,106
220199,12 12 32.5,+12 18 36,7331,8438,-1107
28400,12 12 37.8,-32 34 57,8375,7387,988
7212,12 12 39.6,+34 41 22,6650,5116,1534
7215,12 12 46.4,+10 51 57,714,1052,361
28409,12 13 21.9,-42 14 22,6808,6678,130
7223,12 13 26.3,+14 46 18,2404,2407,-994
7235,12 13 47.3,+13 25 28,2455,2212,332
28415,12 13 52.6,-47 16 22,5718,4408,1310
7234,12 13 53.6,+13 10 21,2804,2882,-338
7240,12 14 06.5,+14 43 31,8211,7232,979
7249,12 14 37.7,+12 48 46,958,1732,-319
7255,12 15 04.5,+14 01 42,2647,2887,-343
28425,12 15 08.1,-30 45 57,6800,7550,-750
520024,12 15 11.9,-03 26 34,5546,4044,1502
28426,12 15 12.8,-27 39 40,7840,6457,1383
7260,12 15 16.8,+13 01 25,1036,1413,0
7275,12 15 39.3,+13 54 04,243,1152,261
7279,12 15 46.3,+10 41 49,2315,3253,-1058
28437,12 15 48.6,-42 44 27,6994,6036,958
221736,12 15 49.2,+13 11 48,19796,22866,-3070
28439,12 15 56.0,-29 03 22,3666,3495,171
221829,12 16 03.2,+14 00 46,15581,12314,3267
221828,12 16 11.7,+13 59 34,8009,6044,1965
7291,12 16 22.7,+13 18 27,562,1478,-65
7297,12 16 26.3,+47 01 32,7466,8383,-926
28442,12 16 27.8,-43 19 27,2275,1727,548
7313,12 17 09.2,+12 27 12,2466,2645,-101
7315,12 17 11.4,+15 19 25,1190,1607,-194
7319,12 17 25.7,+06 41 23,2583,2088,321
7327,12 17 37.7,+16 43 37,7015,8927,-1912
28451,12 17 44.6,-22 10 26,7960,7775,185
7330,12 17 46.9,+10 50 39,7621,7333,288
7334,12 17 58.2,+07 11 08,4061,3930,131
7333,12 17 59.8,+06 39 14,1076,1124,286
28452,12 18 00.3,-43 32 20,6171,5774,397
28455,12 18 08.3,-18 28 32,8654,9091,-437
7337,12 18 08.6,-01 03 52,6053,5926,127
7341,12 18 21.4,+25 13 00,7246,4624,2622
7345,12 18 49.5,+14 24 59,2734,952,461
7352,12 19 03.2,+08 51 19,2807,2583,-174
7358,12 19 12.3,+49 21 16,3851,3443,408
221991,12 19 44.1,+29 34 49,19665,22165,-2500
7371,12 19 47.1,+05 17 01,2718,2157,252
28467,12 19 50.6,-36 27 31,4257,3885,372
7380,12 19 56.2,+05 20 38,2725,2159,250
28471,12 20 10.3,-26 04 02,4331,5094,-763
7393,12 20 12.6,+58 05 33,4349,5060,-711
7387,12 20 17.4,+04 12 04,2080,3107,-698
7394,12 20 27.7,+01 28 09,1947,2222,187
28474,12 20 37.6,-18 39 55,8497,8484,13
520042,12 20 47.5,-06 58 17,5789,6443,-654
7403,12 21 02.2,+03 43 19,2887,3112,-703
28479,12 21 16.0,-21 59 43,7179,8669,-1490
28485,12 21 49.3,-24 10 08,4346,5337,-991
7431,12 22 05.5,+09 02 35,1388,1581,-171
520045,12 22 28.6,-04 39 05,5227,4518,709
7447,12 22 42.2,+09 19 56,1589,2327,-917
7450,12 22 54.9,+15 49 19,1897,767,646
28498,12 22 55.4,-23 20 48,12092,9918,2174
7451,12 23 05.8,+05 14 59,2010,2168,241
7459,12 23 14.0,+28 53 35,852,1818,-966
7464,12 23 41.5,+02 57 41,7893,8983,-1090
7469,12 23 48.5,+07 11 10,1764,1481,928
520051,12 23 54.0,-03 26 34,2362,2781,-419
28507,12 23 57.2,-40 16 19,9730,5407,4323
7478,12 23 58.8,+48 46 45,4349,3917,432
7487,12 24 27.3,+00 09 09,7964,7685,279
7503,12 25 22.1,+10 00 59,1305,1026,384
221659,12 25 41.7,+07 10 01,7480,11318,-3838
7513,12 25 42.9,+07 12 58,1332,1890,-480
7516,12 25 46.6,+04 30 33,5722,4324,1398
7518,12 25 54.1,+07 33 15,1542,1374,36
7522,12 25 58.1,+03 25 47,1770,2928,-519
28531,12 25 58.7,-44 40 53,8702,4946,3756
7539,12 26 27.0,+31 13 21,981,1450,-469
7547,12 26 50.4,+11 33 30,1431,1213,200
221928,12 26 51.8,+31 05 39,18219,20125,-1906
28539,12 26 54.1,-36 25 28,4369,3575,794
7549,12 26 58.3,+02 29 35,2037,1223,1186
222003,12 27 06.6,+06 25 32,7935,10324,-2389
7558,12 27 08.8,+16 19 30,6542,6697,-155
28547,12 27 21.1,-17 54 35,8469,7605,864
7565,12 27 22.2,+10 51 59,1255,2228,-815
7566,12 27 26.3,+06 15 47,1789,1099,311
7570,12 27 32.9,+06 13 00,6740,5001,1739
520063,12 27 38.7,-08 16 48,3346,3552,-207
28556,12 27 51.4,-25 50 40,7808,6976,832
28555,12 27 52.1,-30 05 52,6480,5434,1046
7590,12 28 18.8,+08 43 45,1454,2359,-949
28563,12 28 32.9,-22 14 21,7109,5636,1473
28564,12 28 35.9,-22 29 52,10154,9547,607
7600,12 28 40.6,+09 15 31,1193,2053,-643
7602,12 28 43.2,+14 59 57,2002,904,509
7603,12 28 44.0,+22 49 17,945,501,912
7607,12 28 52.2,+04 17 35,4581,5298,-869
7617,12 29 06.3,+44 39 18,7183,7422,-239
28570,12 29 28.3,-46 44 04,8785,9781,-996
7626,12 29 30.6,+07 41 46,1093,2121,-711
7627,12 29 37.7,+07 49 23,2676,1032,1377
7632,12 29 47.6,+27 14 35,7679,6419,1260
7644,12 30 20.8,+03 44 22,4560,4347,82
7647,12 30 26.8,+04 14 46,2765,2988,-579
7669,12 31 39.5,+16 51 07,1823,1063,350
28590,12 31 54.9,-46 08 03,9001,14667,-5666
7675,12 31 59.3,+14 25 12,2606,1469,-56
7677,12 32 03.2,+16 41 13,1944,2321,-908
520071,12 32 17.1,-07 33 52,1345,1262,102
28597,12 32 17.5,-22 58 49,10135,9641,494
7689,12 32 28.9,+39 35 23,6449,7021,-572
7687,12 32 36.5,+02 39 37,2056,1235,1174
7695,12 32 41.9,+14 03 01,147,852,561
220756,12 32 49.9,+03 17 57,5325,5601,-276
221950,12 32 59.7,+03 23 37,13600,13031,569
28604,12 33 21.8,-28 43 38,3876,5277,-1401
7709,12 33 30.3,+08 39 15,1560,2161,-751
7711,12 33 39.4,+09 10 24,2659,1094,316
28608,12 33 46.5,-46 25 13,10853,11197,-344
28610,12 33 48.9,-37 45 14,7978,7866,112
7714,12 33 51.2,+30 16 38,1449,971,478
520076,12 33 54.3,-12 01 38,5188,4380,808
28612,12 33 55.4,-45 50 31,10115,9823,292
7723,12 34 05.5,+35 31 05,1054,1092,-38
7726,12 34 19.5,+06 28 02,2346,784,626
7727,12 34 20.3,+08 11 51,2295,1274,136
7733,12 34 30.8,+09 09 17,758,1389,21
7747,12 34 34.2,+63 31 30,2848,2733,105
7750,12 35 09.3,+29 44 36,8339,7904,449
7749,12 35 10.6,-00 13 17,7217,6989,231
7754,12 35 23.9,+29 29 30,4848,5343,-495
7753,12 35 26.5,+14 29 45,810,1261,152
7758,12 35 34.5,+25 50 58,1640,901,694
7756,12 35 36.7,+03 02 04,1491,1516,-420
7766,12 35 57.7,+27 57 34,1094,551,543
28645,12 36 38.3,-19 40 23,8839,8947,-108
7788,12 36 56.4,+14 13 01,661,1009,404
7792,12 37 33.4,+04 22 04,5677,4878,799
7796,12 37 43.5,+11 49 02,1840,1148,265
7794,12 37 48.5,+05 22 05,1376,1180,230
7802,12 38 20.9,+07 53 27,2119,1626,-216
7806,12 38 35.9,+01 24 06,5538,5252,286
7808,12 38 37.3,+10 28 33,7606,11533,-3927
7810,12 38 45.4,+06 46 04,5940,5504,436
7819,12 39 18.7,-00 31 55,1409,933,163
7822,12 39 24.6,+07 57 52,2409,627,783
28685,12 39 36.9,-42 53 33,6642,5565,1077
7826,12 39 52.0,+15 17 51,946,970,443
520104,12 40 15.9,-09 17 54,6693,6848,-155
28696,12 40 29.4,-41 04 20,4555,3050,1731
28697,12 40 33.2,-36 58 09,5993,5391,602
520107,12 40 36.9,-05 07 54,2882,2707,223
7836,12 40 56.2,+29 27 54,9609,9404,205
7848,12 40 57.3,+63 31 09,2608,3665,-1057
520117,12 41 24.0,-12 36 51,4690,4449,241
7849,12 41 25.5,+13 43 44,6435,7044,-609
28716,12 41 34.5,-42 54 56,10669,9118,1551
28722,12 42 11.3,-25 25 44,7658,7548,110
28726,12 42 29.6,-47 33 25,5764,5816,-52
7870,12 42 32.1,-00 04 00,2059,1107,1112
7873,12 42 40.7,+01 20 43,5361,4930,431
7883,12 42 57.2,-01 13 46,3549,3050,499
520620,12 43 02.9,-01 16 58,7460,9033,-1573
7893,12 43 17.6,-00 38 41,2982,2971,1
7897,12 43 28.7,+29 27 59,9631,11158,-1527
7896,12 43 32.5,+11 34 54,1736,1117,296
7901,12 43 42.6,+16 23 35,1110,2236,-823
7899,12 43 45.6,+10 46 11,9020,8983,37
28750,12 43 47.2,-20 09 18,8519,6555,1964
7902,12 43 56.6,+13 07 35,1354,1124,289
28751,12 43 58.2,-45 35 41,6275,6558,-283
7917,12 44 26.2,+37 07 14,7235,4822,2413
7922,12 44 32.3,+56 08 59,4912,5556,-456
7921,12 44 42.6,+40 40 42,5357,13470,-8113
28771,12 44 48.4,-20 47 06,3874,3289,585
520563,12 44 52.1,-00 25 48,24998,20474,4524
28774,12 45 04.8,-44 00 23,5149,5565,-784
7926,12 45 08.3,-00 27 48,1850,1348,871
7931,12 45 31.8,-00 32 09,1955,1204,1015
28778,12 45 41.0,-26 14 35,5622,5715,-93
7937,12 46 15.5,+08 20 53,6782,6247,535
7962,12 47 09.1,+71 10 34,1738,2071,-287
28808,12 47 24.8,-24 38 14,7869,7256,613
28810,12 47 30.7,-39 34 15,4937,3951,830
28813,12 47 40.2,-26 11 56,7804,8522,-718
7965,12 47 45.6,+13 45 45,1915,1097,316
7963,12 47 52.8,-01 11 10,7376,7211,165
28830,12 48 20.7,-20 17 33,6628,6359,269
7970,12 48 22.9,+08 29 15,1330,1987,-574
28844,12 49 23.4,-42 38 50,6877,7491,-614
520163,12 49 25.1,-05 11 46,4629,3893,741
7977,12 49 34.3,+25 28 11,4662,4477,185
520166,12 49 34.6,-09 44 37,5011,3393,870
7978,12 49 36.9,+30 50 42,8340,6885,1455
7981,12 49 41.5,+30 45 08,5129,5381,-252
28853,12 49 45.8,-23 51 36,9673,8344,1329
7985,12 49 57.9,+05 18 39,979,1166,244
28863,12 50 19.5,-44 25 37,2327,1771,556
7989,12 50 26.6,+25 30 01,1489,830,647
7993,12 50 31.6,+52 07 21,4961,5717,-756
520175,12 50 32.5,-05 16 57,5081,4110,524
7991,12 50 39.0,+01 27 50,1603,1647,-551
28875,12 50 40.9,-20 20 12,8010,6823,1187
221060,12 51 03.5,+27 22 10,8589,1660,6929
28890,12 51 32.3,-27 46 00,3874,2954,592
28922,12 52 35.1,-31 53 13,3849,1020,2829
28923,12 52 37.6,-39 01 41,4508,4471,310
520498,12 52 41.3,-15 59 10,15001,14184,817
520509,12 53 11.0,-29 11 06,28349,31096,-2747
8020,12 53 21.1,+01 16 07,1462,1390,-294
28948,12 53 34.8,-25 23 04,3308,2114,1194
520227,12 53 52.3,-29 01 33,23368,21797,1571
520232,12 54 04.9,-16 04 57,14319,15059,-740
520483,12 54 14.2,-29 03 01,18205,17560,-789
520535,12 54 23.0,-28 42 12,20893,21480,-587
520234,12 54 23.3,-10 32 09,1600,1084,580
28963,12 54 26.6,-40 22 20,5093,5692,-911
8033,12 54 40.8,+28 56 18,2750,2328,452
8036,12 54 48.5,+19 10 34,1216,2303,-890
520517,12 54 56.1,-28 58 00,17744,15219,1552
520305,12 54 59.6,-17 55 30,13602,15993,-2391
28979,12 55 01.1,-40 58 14,4482,2713,2068
28981,12 55 06.4,-34 51 26,9511,6094,3417
8041,12 55 12.7,+00 06 58,1653,1202,1017
28988,12 55 32.5,-28 27 31,3494,3755,-261
520530,12 55 40.2,-28 49 42,22936,22109,827
520494,12 55 40.2,-28 34 33,17321,17161,-390
29007,12 56 33.1,-44 14 55,10162,9206,956
8062,12 56 43.8,+21 40 00,697,388,286
8064,12 56 46.5,+11 05 29,6781,8739,-1958
221140,12 56 48.0,+11 09 56,14161,15833,-1672
520284,12 57 05.7,-12 16 20,6674,6624,50
8067,12 57 12.0,-01 42 24,3174,3093,50
520292,12 57 12.7,-15 02 05,4069,4578,-509
29038,12 57 29.3,-28 12 17,5136,5045,91
29040,12 57 30.5,-26 00 47,8186,6359,1827
29045,12 57 41.9,-24 11 16,10022,8637,1385
520500,12 57 46.8,-17 30 11,13293,15536,-2243
520501,12 58 00.1,-17 35 23,12899,12299,600
29049,12 58 07.7,-46 15 46,2422,1834,588
8085,12 58 17.3,+14 33 23,2346,2139,184
8088,12 58 22.8,+13 52 20,6741,5512,1229
520503,12 58 44.7,-17 09 04,8676,11401,-2725
520502,12 59 05.9,-17 37 52,13571,11768,1803
520306,12 59 20.8,-17 38 46,14291,13149,1142
29076,12 59 22.3,-27 25 10,3673,3030,516
8102,12 59 27.0,+14 10 14,2285,2067,256
520377,12 59 33.2,-14 08 22,6782,4981,1801
8120,12 59 56.3,+73 41 33,1710,2134,-350
221374,13 00 14.3,+27 16 50,11372,12001,-629
29113,13 00 54.1,-36 07 13,7419,8386,-967
8121,13 00 58.6,-00 01 39,1498,1514,-418
29116,13 01 01.1,-35 55 55,5001,4117,924
29140,13 01 48.5,-27 07 24,3363,3133,413
520402,13 01 49.5,-08 20 07,4149,4166,-147
520403,13 01 55.2,-06 55 34,3921,3624,395
8146,13 02 07.6,+58 41 55,797,1611,-814
29155,13 02 12.9,-25 22 41,6626,6011,615
29157,13 02 17.7,-32 22 36,10101,9525,576
520412,13 02 25.3,-17 40 45,4978,4866,157
29163,13 02 44.8,-22 04 18,7276,6445,831
8149,13 02 47.9,+06 47 07,7455,7795,-340
29173,13 03 20.9,-32 14 05,5151,5517,-340
530005,13 03 46.5,-05 08 01,4333,4489,-156
8166,13 03 52.4,+10 58 20,3252,3955,-703
530010,13 04 14.2,-10 20 22,3438,3063,375
29190,13 04 22.1,-32 21 09,9965,9261,704
8185,13 05 47.6,+27 43 00,2796,2961,-181
8186,13 05 58.5,+03 57 22,7327,7184,143
8191,13 06 03.6,+35 58 47,5051,5402,-350
230082,13 06 38.0,+28 50 54,5008,2712,2296
8203,13 07 24.4,+32 51 43,5543,5358,174
29274,13 08 15.0,-21 00 04,1958,2143,-185
530033,13 08 48.9,-06 46 46,2001,1733,70
29286,13 09 11.8,-44 37 51,11243,11643,-400
29302,13 09 35.4,-18 58 21,10953,10421,532
530038,13 09 40.5,-07 49 00,2066,1785,18
8238,13 09 41.0,-01 02 53,7651,8373,-722
530628,13 09 42.1,-07 53 08,7066,7521,-455
8246,13 10 04.4,+34 10 49,1045,1167,-38
8250,13 10 20.2,+32 28 58,5517,4426,1106
29318,13 10 22.7,-27 58 32,2426,1807,666
29321,13 10 23.5,-21 41 08,7408,8485,-1077
530046,13 10 28.3,-07 38 59,7202,6562,640
29320,13 10 32.9,-42 43 02,11875,9368,2507
8255,13 10 56.5,+11 28 36,3668,3611,41
29330,13 11 02.3,-44 35 26,5176,5650,-474
29332,13 11 08.8,-28 00 28,2415,3188,-715
8270,13 11 37.0,+22 54 55,2884,3035,-174
8282,13 11 51.2,+60 14 50,2181,3793,-1225
8280,13 12 11.1,+35 40 17,1045,1470,-341
8286,13 12 11.7,+44 02 12,603,770,-134
29351,13 12 55.8,-32 41 17,2667,1531,1104
29366,13 13 20.7,-18 55 58,6465,7280,-815
8307,13 13 27.5,+36 35 36,1099,1369,-240
8306,13 13 34.5,+15 59 29,7083,6815,268
29377,13 13 57.6,-39 15 39,5274,4989,285
530066,13 14 09.5,-05 36 04,5670,4958,712
29384,13 14 20.5,-37 11 45,11036,8756,2280
8318,13 14 30.6,+35 23 10,2556,2907,-351
8324,13 15 05.9,+03 02 42,6829,6982,-153
29403,13 15 30.9,-23 58 00,1696,1085,611
8337,13 16 12.4,+30 56 58,5837,5095,796
530631,13 16 34.0,-02 17 22,4323,3838,485
8340,13 16 35.4,-02 05 28,5981,6854,-690
29425,13 16 57.3,-25 20 14,2213,2031,357
8348,13 17 03.4,-02 15 40,6100,5899,265
8351,13 17 16.1,+06 02 14,6539,5583,1053
8356,13 17 30.5,+31 05 32,5794,5097,794
29432,13 17 41.5,-34 21 11,8773,8526,247
29453,13 18 34.2,-21 17 57,2260,1863,201
8365,13 18 44.8,+41 56 59,1466,1499,-245
29461,13 18 54.8,-24 41 51,9964,6814,3150
530603,13 18 56.2,-14 54 13,11052,14256,-3204
530097,13 19 20.6,-14 50 37,3060,2200,943
29472,13 19 25.7,-39 09 08,8529,6752,1777
29474,13 19 28.7,-35 06 05,2010,2212,-254
530104,13 19 38.1,-12 41 56,2555,2147,1058
29493,13 20 14.0,-36 03 43,1734,983,975
530112,13 20 20.2,-12 34 14,1744,1501,243
29502,13 20 27.5,-21 30 35,7244,5477,1767
29498,13 20 28.1,-30 54 30,9176,7138,2038
29501,13 20 29.7,-26 05 06,2428,2317,71
29505,13 20 34.2,-18 35 42,12282,8633,3649
29512,13 20 42.0,-18 02 06,5415,5103,312
29511,13 20 43.8,-22 02 59,2392,1533,859
8392,13 21 13.0,+31 13 17,5321,4179,975
29524,13 21 13.9,-35 31 17,8075,9001,-926
8391,13 21 23.1,+00 20 31,5881,4387,1494
8397,13 21 40.6,+31 21 02,5110,5585,-431
530120,13 21 48.9,-13 12 18,3214,2396,809
8403,13 21 56.6,+38 44 06,1182,1305,-123
8410,13 22 55.7,+26 58 51,3143,3439,-296
8411,13 22 56.5,+28 18 59,2641,3035,-354
8408,13 23 00.3,+13 57 02,7593,5846,1379
29560,13 23 13.2,-26 18 02,2556,2251,137
230295,13 23 30.7,+13 46 22,7535,6789,746
29568,13 23 36.5,-26 52 02,13176,11084,2092
230297,13 23 36.9,+13 58 24,6758,1910,4848
29571,13 23 39.7,-19 02 20,7649,5958,1691
530132,13 23 49.2,-26 44 04,10098,9373,725
8421,13 24 00.7,+09 42 36,7228,6673,555
8426,13 24 15.8,+31 20 41,5220,5069,85
530506,13 24 20.2,-27 02 37,10366,10329,37
530484,13 24 34.2,-27 09 12,13123,12989,134
530619,13 24 34.9,-19 47 55,8380,8411,-31
29588,13 24 41.7,-27 30 59,10767,7373,3394
29592,13 24 47.0,-26 23 31,14560,16880,-2320
530485,13 24 51.7,-26 24 54,10433,6195,4238
530430,13 24 56.7,-26 39 29,15552,11140,-450
530486,13 24 57.2,-27 32 30,10201,10859,-658
29599,13 25 01.2,-24 00 41,7675,7133,542
530487,13 25 07.6,-27 49 11,11153,10866,287
29603,13 25 09.0,-19 45 59,5520,3639,1881
29600,13 25 11.5,-33 39 22,7921,7135,786
29608,13 25 18.3,-21 08 06,2075,445,1619
29607,13 25 20.8,-24 58 22,12046,11050,996
29613,13 25 32.6,-24 39 11,10249,9532,717
29610,13 25 32.9,-37 22 53,1706,1235,491
29614,13 25 37.1,-27 19 49,11138,12084,-1394
29615,13 25 39.2,-27 20 42,13616,14509,-3819
29617,13 25 43.2,-29 32 40,10330,10110,220
29627,13 26 03.7,-32 07 46,2706,2444,243
530433,13 26 12.8,-27 29 06,9992,12320,-1630
530438,13 26 38.4,-31 52 07,8436,7118,1318
29640,13 26 41.5,-27 37 59,11132,11104,-414
530182,13 26 44.6,-11 12 46,6390,5886,504
530179,13 26 49.6,-31 23 42,15459,10046,4579
8451,13 26 53.8,+32 11 37,5512,6415,-1176
530448,13 26 53.9,-31 18 38,14821,13662,963
29661,13 27 12.0,-28 44 19,9756,7091,2665
530505,13 27 22.9,-27 03 33,11391,8016,3375
8457,13 27 30.4,+20 52 47,6232,6395,-163
29663,13 27 30.9,-38 10 21,1708,922,804
8456,13 27 34.9,+15 11 22,7400,9980,-2749
530516,13 27 47.7,-27 25 46,10059,10491,199
530456,13 27 47.8,-31 13 58,15710,14942,-317
29682,13 27 56.5,-25 51 18,10948,12128,-1180
530458,13 28 07.3,-27 01 13,11215,8248,2442
530459,13 28 09.9,-27 19 52,12800,19283,-8593
8460,13 28 16.0,+02 58 58,6617,6097,520
530223,13 28 18.6,-27 12 25,12793,15739,-5049
530226,13 28 20.2,-11 46 59,6288,6334,-46
530490,13 28 20.3,-30 56 06,16169,16844,-675
530504,13 28 26.8,-26 48 12,15847,10481,5366
530227,13 28 35.1,-27 49 31,9291,10798,-1507
29698,13 28 37.7,-37 34 23,6412,4954,1458
530493,13 28 54.1,-31 12 53,14921,23126,-8205
530464,13 28 56.0,-31 31 19,14167,14845,-220
530465,13 29 05.8,-27 10 45,10861,10259,431
530467,13 29 15.0,-31 16 46,13859,13081,1544
8477,13 29 19.1,+17 03 07,4306,4174,132
530239,13 29 23.3,-26 59 24,10892,11357,-465
8475,13 29 25.8,+11 00 28,7114,7100,125
530494,13 29 35.7,-27 50 04,10911,12343,-1432
29724,13 29 49.1,-17 57 52,1802,1672,105
8486,13 29 56.8,+11 04 19,7015,6102,1123
8488,13 30 02.3,+13 24 57,7655,7476,179
8501,13 30 04.0,+62 30 40,1864,2537,-673
530471,13 30 05.1,-31 24 35,14053,9334,5291
530472,13 30 05.1,-31 13 52,16225,13891,2334
8487,13 30 11.5,-01 39 47,4294,4507,-213
530258,13 30 16.4,-10 03 12,4503,3658,845
29740,13 30 17.7,-21 44 50,7567,3681,3886
530474,13 30 46.3,-31 41 23,13771,10096,4529
530478,13 30 56.0,-31 33 41,14616,11337,3288
29757,13 30 56.8,-21 50 50,7585,7663,-78
530480,13 31 00.4,-27 02 31,5058,4470,588
530277,13 31 04.0,-15 06 03,4535,4312,223
530496,13 31 06.5,-15 06 08,4539,3643,896
29760,13 31 19.5,-35 05 19,11261,10526,735
530497,13 31 33.3,-31 56 37,13723,13106,617
29789,13 32 08.5,-24 51 41,8030,7177,853
8518,13 32 14.0,+13 53 31,7927,7972,-45
29734,13 32 27.2,-80 25 55,2383,2337,46
29805,13 32 46.8,-26 59 28,12258,12960,-702
530314,13 32 48.1,-03 05 03,4570,5304,-734
530511,13 33 12.3,-16 08 21,6548,3234,3314
8534,13 33 32.7,+01 18 24,5583,3722,1837
530519,13 34 11.3,-35 04 01,15224,12986,2650
8554,13 34 14.7,+37 12 27,5733,6695,-962
530521,13 34 29.5,-35 11 16,15184,14654,982
530501,13 34 31.3,-32 05 08,12924,6685,6239
29759,13 34 32.2,-83 07 47,4559,3441,1118
8571,13 34 41.7,+61 59 34,3195,3277,-236
8555,13 34 43.1,+09 20 12,7354,6472,882
530530,13 34 57.1,-35 08 33,15320,10605,5031
29855,13 35 06.0,-26 45 01,7046,6881,165
29819,13 35 17.8,-77 38 32,2786,3225,-439
29858,13 35 21.5,-34 12 21,7372,6556,816
8573,13 35 31.9,+13 40 33,7132,2360,4871
8580,13 35 35.9,+33 28 45,7686,8427,-741
8587,13 35 55.2,+35 35 17,2445,3374,-929
8593,13 36 01.1,+49 57 38,1763,2284,-473
8582,13 36 01.4,+06 35 06,6869,6150,719
231022,13 36 02.2,+08 11 15,1529,2492,-1035
8590,13 36 06.5,+37 05 16,7780,8997,-1217
231140,13 36 19.6,+33 25 25,7700,7597,103
29893,13 36 35.1,-26 33 10,7006,6869,137
231092,13 36 35.5,+08 11 34,7254,7700,-446
29895,13 36 36.6,-18 24 09,12148,12097,51
530531,13 37 43.1,-35 29 44,15373,11478,4158
530533,13 38 09.0,-35 22 46,15675,14630,1006
8624,13 38 12.2,+18 23 27,8270,9681,-1411
530534,13 38 25.2,-35 38 34,15763,14105,1531
29937,13 38 42.6,-21 48 37,6049,5579,470
530537,13 38 46.4,-35 30 51,16127,16154,-518
530538,13 38 54.6,-35 37 31,15759,17368,-1732
29942,13 39 04.0,-24 09 59,9699,9214,485
530541,13 39 21.8,-35 43 12,16262,14022,1614
29950,13 39 27.4,-34 11 11,7959,9199,-1240
29955,13 39 34.1,-22 29 52,7290,7982,-692
29953,13 39 36.5,-32 53 35,12386,10190,2196
530342,13 39 37.8,-11 29 40,2612,2298,314
29961,13 39 50.0,-22 18 04,6024,4982,1042
29972,13 40 30.2,-33 39 21,4188,1502,2686
8658,13 40 39.9,+54 19 57,2153,2748,-750
530350,13 40 42.4,-07 45 02,6780,7079,-299
230558,13 41 16.9,+13 46 31,13863,18937,-5074
8660,13 41 24.9,+13 51 21,7439,7319,120
29986,13 41 48.0,-23 36 30,11521,8685,2836
8668,13 41 56.5,+18 08 33,5734,6421,-687
8702,13 45 27.4,+47 55 20,8578,9421,-843
231195,13 45 36.9,+22 03 16,8219,10069,-1850
8703,13 46 09.0,+21 53 38,8450,7556,862
8711,13 46 24.4,+46 06 24,1673,1724,-134
8705,13 46 32.2,+20 50 49,7189,6251,938
8713,13 47 01.2,+33 53 36,5172,3702,1043
30072,13 47 14.6,-28 19 51,11654,9950,1704
8726,13 47 49.3,+40 29 11,2519,2012,604
8727,13 48 16.0,+03 57 02,1451,1456,1
8737,13 48 16.5,+68 05 08,1848,3147,-1299
8733,13 48 38.7,+43 24 46,2509,2370,236
530367,13 48 59.4,-07 11 44,7875,7675,200
30114,13 49 07.0,-32 43 40,14163,12719,1444
30109,13 49 08.8,-48 37 46,3168,2061,1107
30129,13 49 56.1,-22 16 33,7633,7724,-91
8749,13 50 20.3,+41 21 58,2790,2632,-16
8746,13 50 21.9,+18 09 15,8073,7625,448
30136,13 50 31.9,-40 42 26,5104,5190,-86
30139,13 50 31.9,-37 17 20,1331,1009,322
30156,13 51 19.2,-33 48 31,1647,1083,564
8766,13 51 30.9,+14 05 30,7253,6702,480
8772,13 52 08.4,+14 06 57,7094,7199,-105
30175,13 52 16.4,-37 27 23,1891,2495,-604
231174,13 52 21.3,+38 11 43,5850,8362,-2512
8795,13 52 48.5,+37 29 25,2496,2985,-369
8787,13 52 50.1,+02 15 48,4629,4451,202
8794,13 52 57.6,+20 54 59,8828,6874,1749
8804,13 53 01.8,+39 34 51,2693,2663,-47
8796,13 53 09.5,+04 57 38,5347,5760,-413
8806,13 53 14.3,+38 13 35,3699,4444,-482
8810,13 53 21.4,+40 21 48,2508,2003,613
231135,13 53 27.2,+20 56 59,8728,13075,-4347
8809,13 53 27.8,+37 54 51,3805,4073,-111
30196,13 53 37.4,-20 30 32,10753,10715,38
30195,13 53 40.7,-33 57 01,11359,7459,3900
8808,13 53 41.9,+03 22 38,4947,4600,332
8816,13 54 03.8,+03 57 03,4924,5111,-179
8821,13 54 11.2,+05 13 36,1712,1345,327
530379,13 54 11.4,-04 50 29,4605,5098,-493
8828,13 54 26.8,+21 49 45,8579,14011,-5432
8835,13 54 53.2,+41 18 49,2346,1996,620
8831,13 54 58.4,+05 19 00,1662,1938,-266
30214,13 55 12.0,-36 18 59,12180,11744,436
8844,13 55 59.4,-01 15 42,7664,6133,1531
8848,13 56 03.4,+13 30 21,7122,8390,-1208
30231,13 56 10.7,-23 46 14,11292,6396,4896
8863,13 56 16.7,+47 14 06,1949,1798,181
230861,13 57 01.3,+10 52 09,7137,7667,-530
30248,13 57 18.9,-28 11 30,5772,4973,799
8879,13 57 39.7,+25 46 27,8820,10014,-1194
30260,13 58 01.7,-40 49 35,11270,6872,4398
30267,13 58 22.5,-41 33 04,11205,12376,-1171
230880,13 58 23.8,+25 32 00,2841,3097,-256
8891,13 58 24.7,+06 04 13,5483,5273,210
8897,13 58 41.2,+12 35 39,7509,6316,1191
8895,13 58 44.7,+02 27 22,7486,9021,-1535
30276,13 59 02.9,-19 03 26,9635,9463,172
8912,13 59 31.5,+34 46 22,3855,5246,-1646
8917,13 59 47.7,+40 22 55,3939,3565,437
30288,14 00 03.7,-21 32 36,10019,11149,-1130
8918,14 00 14.5,+08 58 01,4361,4222,139
230917,14 00 16.0,+09 17 20,6056,5572,484
30291,14 00 28.8,-34 37 12,4505,4504,-58
30298,14 00 37.1,-25 02 53,6567,6440,127
30301,14 00 41.8,-23 11 16,11290,10811,479
8924,14 00 45.6,+02 01 20,3866,3655,211
8937,14 00 45.9,+59 19 44,3065,3182,-66
8927,14 01 10.5,+07 28 55,7375,6049,1326
30308,14 01 19.9,-26 11 51,6581,4181,2400
30307,14 01 21.8,-33 03 45,1468,568,900
8938,14 01 46.1,+09 29 24,6515,5890,512
30320,14 01 58.4,-22 21 44,11270,9367,1903
8942,14 02 03.5,+09 55 46,4537,4898,-361
30323,14 02 11.0,-18 45 08,9284,8434,850
8944,14 02 11.3,+09 26 23,6497,5637,765
8943,14 02 13.1,+08 02 12,5139,5926,-787
8946,14 02 17.6,+07 41 01,4823,2873,2044
8948,14 02 32.9,+09 04 45,4273,3284,2865
8950,14 02 42.3,+09 09 50,6122,4849,1300
8951,14 02 50.9,+08 46 46,6131,5605,544
30334,14 03 16.2,-31 20 53,7346,5755,1591
8988,14 03 20.2,+60 59 24,2168,2865,-697
8965,14 03 23.2,+09 26 51,4896,264,4653
8967,14 03 27.0,+09 28 01,5898,5874,24
30343,14 03 43.4,-32 42 58,4047,4319,127
540009,14 03 54.7,-10 08 35,3592,2535,1040
8979,14 04 07.7,+06 29 09,7698,9181,-1515
8995,14 04 47.3,+08 48 02,1491,1745,-288
8994,14 04 52.6,-00 36 39,7702,6930,687
30363,14 05 22.3,-41 49 06,2022,1571,451
9023,14 06 51.1,+09 19 15,7462,7144,184
9039,14 06 56.4,+72 07 20,10116,13337,-3221
9027,14 07 04.0,+10 38 35,7118,7847,-729
540202,14 07 42.6,-27 25 47,10667,11860,-1193
30413,14 07 55.5,-26 46 00,7991,8597,-1475
30412,14 07 58.5,-32 02 00,4644,2176,2270
540207,14 08 08.0,-27 12 27,7058,6324,798
9037,14 08 29.1,+07 03 27,6195,5099,1303
30423,14 08 37.5,-34 12 16,10416,8282,2134
540216,14 08 57.0,-27 02 55,5525,4317,2805
30438,14 09 25.9,-27 28 29,8557,7856,-734
9054,14 09 48.6,+09 51 29,7482,7225,103
9071,14 10 02.8,+54 13 05,1943,2432,-434
9062,14 10 07.8,+18 21 52,5322,3967,1347
9072,14 10 57.3,+06 21 52,6139,7112,-990
30461,14 11 17.3,-25 02 10,6791,6329,462
30460,14 11 27.5,-38 52 22,11702,10080,1622
30464,14 11 36.7,-30 23 57,7168,8874,-1706
9079,14 11 37.7,-01 09 28,1798,1447,373
9084,14 12 12.7,+08 39 42,7480,5219,2261
30481,14 12 24.3,-27 24 50,6628,5961,667
9101,14 13 16.1,+27 00 27,5515,6724,-1209
30488,14 13 29.4,-45 24 48,3231,2895,336
30498,14 13 55.9,-32 36 29,11908,9066,2842
9111,14 14 20.9,+07 30 57,7701,5513,2071
9116,14 14 50.2,+15 08 47,4810,4430,508
9117,14 14 52.0,+14 07 32,5214,5096,403
9119,14 14 52.4,+25 19 02,1255,1567,-312
9121,14 15 11.7,+15 44 31,5565,5999,-500
30526,14 15 33.5,-20 39 48,4880,4948,-68
30527,14 15 43.4,-24 25 17,6556,4121,2435
9133,14 16 07.6,+35 20 36,4037,2977,1060
30535,14 16 24.1,-21 19 53,6667,6164,503
9138,14 16 47.1,+23 00 09,4816,5113,-331
241267,14 17 11.7,+35 24 30,13002,12569,433
540063,14 17 48.8,-13 52 22,4901,4459,442
30549,14 17 49.4,-31 20 54,3000,3102,-106
30553,14 17 50.2,-26 22 42,7291,9635,-2344
30572,14 18 47.7,-19 08 22,11199,10689,510
30568,14 18 52.3,-34 21 47,10105,8772,1333
30576,14 18 59.0,-27 12 58,6973,6677,296
30573,14 19 03.8,-34 51 10,3981,3985,461
9179,14 19 48.2,+56 43 44,401,623,-263
9180,14 20 26.4,+35 11 18,3788,2366,1412
30587,14 20 33.6,-33 20 43,7583,7777,-194
9182,14 20 46.0,+21 56 09,4868,3426,1442
30592,14 20 53.8,-29 01 17,7474,6928,546
241334,14 21 08.1,+35 17 45,3837,2928,909
9187,14 21 13.2,+03 26 08,1728,1815,-130
30597,14 21 17.0,-29 15 46,1620,2228,-602
9190,14 21 29.9,+05 04 22,8372,8204,168
540075,14 21 55.2,-00 33 24,15930,15994,-64
9199,14 21 59.8,+11 05 59,7971,7046,925
9201,14 22 23.8,-00 23 18,1885,1455,365
9215,14 23 27.3,+01 43 32,1633,1809,-124
9218,14 23 50.7,+06 34 32,7458,6662,922
241270,14 24 12.0,+35 08 45,8739,9128,-389
9231,14 24 20.7,+36 27 39,8594,7703,891
30621,14 24 24.9,-28 38 03,7271,8559,-1288
9233,14 24 35.1,+35 16 46,8749,7369,1349
540084,14 24 42.6,-03 12 44,2992,3138,-142
9238,14 24 49.8,+35 17 02,3524,4588,-810
241336,14 24 58.2,+35 21 15,8814,9132,-318
9239,14 25 13.2,+13 44 39,5795,7660,-1865
9245,14 25 26.8,+56 19 13,1982,1148,878
9243,14 25 33.3,+33 50 52,3508,3665,113
241273,14 26 10.5,+05 15 23,8567,8192,375
9246,14 26 30.7,+05 58 34,7932,6645,1126
9253,14 26 58.5,+31 30 59,4105,3434,671
9257,14 27 09.4,+30 56 51,4280,4114,166
9250,14 27 11.8,-02 15 46,7397,5726,1671
30476,14 27 15.3,-87 46 21,2301,2360,-105
9255,14 27 18.3,+04 48 09,8620,7323,1109
9271,14 27 28.4,+46 08 48,2444,3733,-1343
30650,14 28 15.8,-33 18 23,7806,9488,-1682
30656,14 28 32.2,-31 39 45,7297,6367,930
9277,14 28 33.3,+03 15 42,8836,4890,3946
9291,14 28 37.0,+38 59 56,3041,2628,413
9285,14 29 03.9,+03 08 56,2094,1902,125
30662,14 29 16.2,-27 08 14,5280,6160,-880
9299,14 29 34.7,-00 01 07,1782,2184,-499
9311,14 30 01.8,+03 46 21,1950,2974,-1129
30669,14 30 11.9,-36 57 48,3057,3162,-105
9328,14 30 39.6,+07 16 29,1599,1182,346
30676,14 30 43.1,-27 27 14,4615,3568,1047
9334,14 31 01.0,+05 58 41,7727,7942,-171
9342,14 31 06.2,+25 21 17,4687,4733,-2
9338,14 31 11.7,+05 18 25,8468,8445,-13
9339,14 31 18.0,+07 56 40,8302,7115,1187
30694,14 31 22.9,-28 44 57,6767,6421,346
30688,14 31 25.4,-32 24 56,7369,9170,-1801
30697,14 31 29.3,-22 22 02,7353,6653,700
9347,14 31 30.7,+49 57 28,2196,2688,-434
9346,14 31 57.4,+06 15 00,2584,3338,-940
9358,14 32 05.8,+57 55 16,1989,2528,-502
30700,14 32 12.2,-36 55 48,11919,10768,1151
30704,14 32 22.7,-28 22 42,4077,4116,-129
30706,14 32 28.1,-29 55 24,7080,6969,111
9353,14 32 43.8,+09 53 29,1591,1294,234
9366,14 32 47.0,+49 27 28,2220,2599,-345
30713,14 33 25.0,-33 45 21,7472,8756,-1284
30714,14 33 32.1,-33 48 21,11769,6086,5683
30724,14 34 34.6,-27 59 41,4002,3907,80
30729,14 34 43.1,-25 26 38,7049,7035,14
30727,14 34 45.4,-32 58 41,4312,2738,1574
540111,14 34 55.7,-08 50 17,7003,9694,-2691
9394,14 35 39.9,+13 10 12,2017,2119,19
9401,14 36 09.3,+21 47 35,5823,5588,-47
30738,14 36 35.9,-29 03 24,6844,5543,1301
30739,14 36 45.7,-27 50 42,4956,4131,825
9415,14 36 57.0,+41 49 42,5611,7190,-1795
9422,14 37 13.6,+43 41 45,3445,3508,-83
9410,14 37 13.9,+08 38 45,8634,8072,562
9414,14 37 20.5,+18 14 56,6035,5468,567
9431,14 38 11.4,+46 38 16,2363,3002,-612
30755,14 38 26.0,-22 22 13,2685,2472,213
30766,14 40 11.3,-25 46 35,3663,4251,-588
9455,14 40 19.5,+16 41 06,9181,8282,899
30772,14 40 45.7,-35 08 54,4743,3743,1000
9462,14 40 56.0,-00 19 04,1958,1944,83
9471,14 41 43.0,+05 57 08,4824,3568,1256
540121,14 42 23.8,-17 15 06,3019,1720,1299
30800,14 42 47.0,-24 12 37,3521,2598,1172
30794,14 42 48.6,-40 35 56,5402,5748,-346
9483,14 42 57.9,+04 53 24,1849,2465,-620
9499,14 44 55.7,+01 57 18,1945,2027,-182
9512,14 46 11.2,-00 13 22,1913,2567,-454
30840,14 46 54.0,-35 30 19,6316,4283,2033
540233,14 47 03.6,-13 48 41,13184,14533,-1349
540131,14 47 24.0,-17 26 45,2416,1473,957
540133,14 47 25.5,-13 42 58,3133,2720,413
540134,14 47 33.3,-14 51 09,2365,1965,302
30851,14 47 33.5,-19 45 54,2807,2678,217
30853,14 47 36.2,-19 23 10,7157,5343,1814
540235,14 47 39.2,-13 38 13,2627,2715,-88
30827,14 47 44.8,-73 18 26,4523,3543,980
540136,14 47 55.9,-14 16 56,2266,2405,-138
9537,14 48 26.7,+34 59 50,8972,7586,1386
241056,14 48 51.0,+16 49 55,21532,18080,3452
30870,14 48 58.8,-29 28 07,6547,9191,-2644
30872,14 49 00.6,-20 50 49,6349,5537,812
9542,14 49 01.1,+42 27 49,5587,4353,1087
241294,14 49 05.0,+17 10 53,11523,12054,-531
9538,14 49 12.3,+17 01 13,11430,8865,2450
241061,14 49 29.7,+16 33 36,21249,22184,-935
241296,14 49 33.1,+17 12 01,11371,9002,2369
9556,14 49 45.8,+60 23 56,2356,4519,-2203
240746,14 49 59.3,+16 44 16,12089,12559,-470
240747,14 50 01.5,+17 02 47,11446,11268,178
30882,14 50 22.6,-31 02 04,10843,12081,-1238
9550,14 50 26.6,+16 44 41,11253,10907,408
30885,14 50 36.3,-18 09 03,3163,1947,948
30883,14 51 02.9,-43 55 07,5045,4380,665
30890,14 51 12.4,-20 26 30,3472,2194,1278
240771,14 51 14.5,+16 41 43,14028,10785,3243
241306,14 51 18.8,+16 41 41,14031,8935,5096
30894,14 51 44.4,-22 40 39,4741,5062,-321
240823,14 52 24.5,+16 59 24,12987,10105,2882
240825,14 52 29.3,+16 20 52,13712,14753,-1041
240840,14 52 45.4,+16 49 24,13935,15878,-1943
30902,14 53 01.6,-39 55 08,5691,4536,1155
241298,14 53 05.0,+17 08 25,13795,19396,-5601
30906,14 53 07.9,-19 44 13,4192,3992,200
240869,14 53 11.7,+16 55 24,13854,9332,4522
540149,14 53 25.7,-04 41 52,7210,8503,-1293
240894,14 53 44.4,+16 42 01,13250,13619,-369
540152,14 54 40.4,-17 24 20,3225,3275,-50
9598,14 55 09.0,+43 49 06,5704,5910,-206
30920,14 55 13.0,-19 39 54,3726,4238,-730
30922,14 55 34.8,-38 16 36,4715,3038,1677
30937,14 56 03.9,-27 46 05,7275,9638,-2363
30944,14 56 33.6,-24 30 09,7056,5190,1866
30947,14 57 06.3,-31 48 14,9647,10366,-719
30954,14 57 29.1,-18 27 18,4015,3866,-358
30950,14 57 47.6,-44 08 42,10154,8563,1591
30962,14 58 03.0,-19 23 28,3335,3272,236
30961,14 58 19.2,-37 33 51,7959,8128,-169
30973,14 59 22.6,-20 01 06,4364,5797,-1433
30974,14 59 37.3,-18 43 33,3466,3483,25
9645,15 00 00.3,+01 53 28,1557,1872,-187
30977,15 00 24.4,-37 21 40,7767,7761,6
30986,15 00 36.5,-21 53 26,8072,7939,133
30987,15 00 38.3,-21 43 03,9093,7417,1676
540178,15 01 00.1,-15 07 19,3130,2476,535
30990,15 01 20.8,-39 45 01,7635,8218,-583
9673,15 02 42.0,+23 19 00,5849,3120,2729
30955,15 03 29.0,-82 47 02,2570,2388,182
250021,15 03 36.6,+28 28 33,17355,15936,1419
9681,15 03 39.7,+42 07 33,5287,6046,-606
250022,15 03 40.4,+28 28 33,16916,17115,-199
251789,15 04 46.3,+28 21 14,16890,19033,-2143
251792,15 04 57.6,+28 36 44,16934,12805,4129
251793,15 04 59.5,+28 26 48,16193,17656,-1463
251794,15 05 01.1,+28 23 02,18100,15887,2213
250048,15 05 09.5,+28 48 48,17117,23159,-6042
31016,15 05 40.5,-42 26 53,5309,4054,1255
251801,15 05 55.3,+28 32 25,17485,16393,1092
31020,15 06 07.8,-39 55 04,11835,12220,-385
251802,15 06 18.0,+28 43 41,21085,24435,-3350
31023,15 06 19.5,-41 01 45,5732,5847,-115
31031,15 07 28.2,-36 19 41,4380,3932,448
9736,15 07 51.8,+54 45 08,3195,3636,-351
31038,15 08 23.4,-28 50 43,5867,6218,-351
9745,15 09 13.3,+52 31 41,3604,4000,-396
550017,15 09 16.2,-11 19 20,2046,2030,145
9759,15 10 41.1,+55 20 00,3493,3669,-291
31056,15 11 01.4,-31 15 36,11614,12755,-1141
31049,15 11 46.0,-72 51 49,3128,3272,-144
31062,15 11 49.6,-17 56 45,3619,3535,84
9760,15 12 02.2,+01 41 52,2204,2157,241
250260,15 12 02.8,+06 55 54,14128,15705,-1577
250266,15 12 11.2,+07 33 51,13924,13257,667
31066,15 12 28.0,-42 37 50,2247,1187,1060
250336,15 13 28.7,+06 59 28,13678,15974,-2296
251758,15 13 38.2,+07 19 39,13889,17125,-3236
550029,15 13 45.5,-14 16 13,2177,2430,-105
251759,15 13 48.8,+07 09 16,12665,10649,2016
9780,15 14 01.1,+44 35 24,5261,4479,782
251760,15 14 11.3,+07 11 51,13281,14224,-943
251761,15 14 16.2,+07 20 23,13541,14613,-1072
250367,15 14 24.7,+07 36 52,13515,8933,4582
9789,15 15 03.2,+42 02 58,2692,3455,-772
9790,15 15 05.0,+42 12 32,2568,4873,-2305
9797,15 15 23.5,+55 31 01,3454,3153,225
31094,15 15 52.7,-40 06 15,7745,6599,1146
31100,15 16 09.4,-41 49 19,8105,7918,187
9794,15 16 10.8,+10 30 34,6615,5888,727
31109,15 17 18.2,-22 17 51,6768,5507,1261
251805,15 17 30.0,+08 10 44,10164,9093,1071
251807,15 17 42.9,+08 00 58,10477,10984,-507
250443,15 17 50.8,+08 13 44,10842,8320,2522
9807,15 17 58.7,+10 53 44,9782,8160,1622
250451,15 18 09.0,+08 14 51,10918,8626,2292
31118,15 18 23.8,-38 30 24,4820,4617,203
250472,15 19 14.1,+08 00 15,9840,10318,-478
250473,15 19 14.6,+07 51 56,14334,10182,4152
9814,15 19 25.3,+11 03 15,3392,3498,-106
251810,15 20 19.7,+08 29 19,11030,10604,426
31137,15 20 41.9,-36 55 47,4536,4051,485
31140,15 20 45.5,-18 20 57,2390,2381,9
251811,15 20 51.6,+08 37 24,9439,10911,-1472
31143,15 21 11.0,-23 39 27,3038,2279,410
31145,15 21 20.1,-19 51 19,6934,4813,2121
251814,15 21 23.1,+08 15 31,10284,9682,602
31146,15 21 25.4,-18 13 26,7092,7367,-275
31147,15 21 27.1,-18 52 26,7123,6942,181
9826,15 21 33.0,+39 12 01,8931,4998,3933
31153,15 22 24.9,-38 11 58,5349,4588,761
9828,15 22 31.0,+19 15 39,7019,8952,-1933
251816,15 22 42.1,+08 22 07,9861,11315,-1454
250641,15 22 55.8,+08 31 17,11737,5643,6094
250644,15 22 57.6,+08 02 25,10433,7931,2502
9830,15 23 00.8,+04 31 45,1993,2571,-831
550063,15 23 20.0,-04 09 06,2179,2010,169
31164,15 23 42.9,-25 27 53,3860,5935,-2075
250716,15 24 01.9,+08 18 55,23156,20130,3026
31166,15 24 10.6,-38 27 41,5338,5396,-58
250723,15 24 12.5,+08 32 40,11277,3246,8031
250740,15 24 29.5,+08 22 23,11016,8894,2122
9838,15 25 12.2,+07 09 16,10381,8564,1817
9849,15 25 16.5,+53 24 24,3522,3631,-109
9844,15 25 52.7,+07 49 09,10220,7850,2370
31181,15 26 07.9,-22 16 52,2484,1993,491
250803,15 26 11.5,+08 54 30,10822,9892,930
9856,15 26 30.1,+41 17 26,2589,2256,427
31190,15 28 00.0,-40 21 10,5309,4618,691
9866,15 28 00.7,+64 45 45,452,1016,-564
31193,15 28 02.7,-26 30 03,6734,5736,998
250896,15 29 21.9,+09 05 27,10116,11690,-1574
9873,15 29 50.5,+42 37 44,5711,4546,1202
31205,15 29 55.0,-26 35 45,6147,5681,466
31206,15 29 55.4,-18 37 02,7241,8199,-958
9896,15 31 45.3,+67 33 20,6479,8332,-1853
31212,15 31 57.1,-24 46 20,4601,4418,183
31217,15 32 17.4,-20 28 19,6872,5115,1757
9888,15 33 05.7,-01 37 42,2951,2473,478
9906,15 33 27.8,+56 33 32,701,1982,-1281
9914,15 34 02.2,+56 41 07,3460,3671,-211
9901,15 34 26.9,+12 16 10,3305,3851,-541
9905,15 34 42.9,+08 20 02,6024,9162,-3138
9919,15 35 39.7,+12 36 22,3319,3771,-461
9926,15 36 31.7,+16 36 27,2087,2926,-872
9925,15 36 32.0,+16 26 22,2039,3338,-1284
31233,15 36 37.9,-18 47 08,6634,6459,175
9935,15 37 36.2,+05 58 25,1588,1914,-358
9943,15 38 30.0,+12 11 10,2089,2079,-46
31241,15 38 57.3,-22 39 55,5918,6197,-279
31244,15 39 19.7,-29 59 48,5693,4169,1524
9969,15 39 36.7,+59 19 52,2555,2905,-266
9971,15 39 57.4,+58 04 47,3044,3463,-85
31252,15 40 20.8,-18 26 38,7192,6628,564
31251,15 40 25.9,-29 06 20,4120,4220,-100
9975,15 41 22.6,+28 13 46,9725,3698,6027
9977,15 41 59.6,+00 42 46,2054,2025,29
9987,15 42 53.0,+14 13 54,1230,1567,-356
31263,15 42 56.9,-18 23 52,10294,8823,1471
9990,15 43 29.9,+04 47 39,6569,7090,-521
31271,15 44 32.8,-25 22 29,5851,7443,-1592
10006,15 44 42.9,+32 24 13,9531,9764,-672
10000,15 44 49.5,+03 57 22,3673,6292,-2619
10022,15 44 53.6,+57 21 40,3981,5633,-1652
31274,15 44 59.7,-25 15 33,9102,9313,-211
31270,15 48 14.6,-78 10 43,2764,1847,917
31275,15 48 16.1,-75 40 22,2999,3077,-78
10042,15 48 57.1,+07 13 18,4347,4929,-582
31297,15 49 37.1,-40 19 35,4641,3853,788
31301,15 49 54.2,-21 02 58,7435,8872,-1437
550113,15 50 02.1,-02 49 28,8468,7011,1457
10056,15 50 22.7,+18 56 20,3936,2857,1079
10075,15 51 25.4,+62 18 38,850,1415,-527
31316,15 53 00.8,-27 17 28,8848,10649,-1801
31318,15 53 04.5,-24 38 09,5827,4771,1056
10081,15 54 19.0,+00 32 34,2154,1481,661
10094,15 55 45.3,+24 29 37,9845,10712,-867
31331,15 56 28.4,-36 53 57,5907,5417,490
251371,15 57 35.6,+18 01 48,9509,8418,1091
251498,15 57 46.3,+16 22 24,10972,11085,-113
251753,15 57 46.9,+16 16 34,10724,7763,2961
251744,15 57 51.3,+16 21 44,11582,12999,-1417
251746,15 58 22.4,+16 06 10,11679,12168,-489
251400,15 58 53.9,+14 58 53,10686,11301,-615
251413,15 59 21.0,+15 08 20,12908,11015,1893
31348,15 59 23.8,-25 20 34,8483,9848,-1365
10121,15 59 45.8,+18 48 03,8973,12252,-3279
251424,15 59 58.6,+15 35 28,10202,12857,-2655
251503,16 00 06.8,+15 01 11,10273,9203,1070
251434,16 00 35.6,+15 41 07,10795,6919,3876
251436,16 00 42.9,+16 43 03,10749,7759,2990
251442,16 00 52.1,+17 32 42,13286,12751,535
251445,16 00 56.2,+15 31 33,11679,7177,4502
10136,16 01 01.9,+36 35 27,9442,8798,644
251509,16 01 12.3,+15 45 22,11532,11150,382
10131,16 01 14.3,+14 04 43,11818,13510,-1692
251511,16 01 18.6,+15 35 31,9991,9442,549
10133,16 01 34.0,+01 42 28,2034,2134,8
10137,16 01 49.7,+08 08 52,5356,5296,60
251473,16 01 56.1,+13 24 23,11859,13251,-1392
31365,16 02 34.6,-25 48 21,7549,5773,1776
10212,16 03 00.6,+77 36 21,3918,4771,-853
31370,16 03 14.5,-22 19 20,5658,5485,173
10166,16 03 52.2,+39 59 02,9346,8924,422
260947,16 04 15.9,+16 27 37,12880,13499,-619
260091,16 04 30.4,+17 28 09,11979,9446,2533
260112,16 04 45.5,+17 26 54,10725,7660,3065
260953,16 04 58.6,+16 48 35,13023,15342,-2319
10177,16 05 07.8,+17 45 26,10074,10444,-308
10180,16 05 12.6,+17 25 20,10510,8510,2000
260146,16 05 15.2,+17 32 21,12323,10890,1433
261199,16 05 20.5,+14 44 21,12585,13774,-1189
10190,16 05 26.3,+17 41 47,11163,10705,458
260165,16 05 30.9,+17 46 13,11275,8915,2360
260183,16 05 36.6,+22 11 09,12064,8097,3967
261206,16 05 40.8,+14 47 58,12280,7772,4508
260184,16 05 42.0,+17 47 59,10292,12374,-2082
260186,16 05 44.2,+17 21 43,10521,13614,-3093
10195,16 05 52.3,+18 13 13,10809,12287,-1478
260959,16 05 57.8,+16 27 54,12953,16649,-3696
260202,16 06 00.4,+18 11 42,11218,14071,-2853
260208,16 06 01.9,+18 40 13,11667,10555,1112
260212,16 06 12.0,+17 18 06,10117,9252,865
260214,16 06 14.2,+18 24 52,11157,11750,-593
260226,16 06 33.2,+17 46 33,11546,14114,-2568
261203,16 06 42.5,+15 35 34,11726,11052,674
260230,16 06 44.5,+18 14 45,11689,11669,20
260239,16 06 48.2,+17 38 53,11332,8324,3008
260245,16 06 57.0,+17 51 24,11565,9253,2312
260247,16 07 01.8,+18 01 17,10913,10106,807
10210,16 07 13.0,+07 58 43,2943,3281,-338
10218,16 07 58.3,+10 46 45,4974,4840,134
10219,16 08 17.0,+07 32 16,1462,1828,-272
31390,16 08 34.1,-25 01 11,7224,6709,515
260963,16 08 37.0,+15 52 36,9384,9147,237
260284,16 08 45.5,+16 45 30,10709,10158,551
10226,16 09 00.6,+35 47 35,9119,9031,88
31397,16 09 45.3,-29 00 24,4481,5229,-748
10232,16 09 50.7,+20 10 39,3394,3487,-80
10233,16 09 51.3,+22 36 54,9893,8874,1019
10236,16 10 05.0,+22 38 00,10020,12966,-2946
260302,16 10 51.1,+17 03 33,10231,10829,-598
10282,16 12 57.5,+32 30 45,9321,5606,3755
10286,16 13 25.4,+32 17 08,9431,7533,1828
10287,16 14 03.2,+14 16 55,9181,11069,-1890
260350,16 14 28.1,+29 58 32,10233,12790,-2557
10297,16 15 28.9,+18 54 18,2375,2833,-458
10306,16 16 43.6,+00 14 46,9266,8670,596
10328,16 18 47.3,+07 24 39,1527,1890,-150
10350,16 21 48.5,-02 17 02,1654,1617,37
10373,16 24 42.2,+07 10 57,7748,6584,1102
10388,16 27 02.9,+16 22 55,4684,5488,-804
10394,16 27 50.2,-01 45 50,5731,5834,-103
10406,16 29 16.5,+03 06 55,10127,12449,-2322
10413,16 29 27.1,+21 20 12,3036,3394,-358
10416,16 30 20.4,+08 37 43,6272,11885,-5613
260934,16 31 06.8,+39 25 49,18873,21454,-2581
31467,16 31 35.8,-67 52 02,4828,5827,-999
10442,16 31 40.8,+59 37 34,5628,5915,-287
31474,16 32 00.6,-29 33 14,5369,5705,-336
10439,16 32 21.1,+19 49 31,2413,2922,-491
10445,16 33 47.6,+28 59 04,994,2177,-1183
10478,16 35 44.1,+68 25 40,7609,9046,-1435
31484,16 36 35.1,-66 00 23,4854,4342,512
10475,16 37 53.5,+07 33 44,9533,8999,534
560008,16 38 08.1,-04 49 15,1633,1604,29
31493,16 39 06.8,-66 54 38,6701,7122,-421
10504,16 40 22.6,+33 40 46,9272,8020,1252
560012,16 42 03.1,-05 01 57,1617,1691,-74
10521,16 43 03.8,+36 49 58,861,1346,-482
10537,16 43 20.1,+70 37 56,4412,1236,3176
10546,16 44 34.2,+70 46 49,1252,1856,-628
10542,16 45 07.6,+61 50 22,5893,6690,-797
31503,16 45 55.1,-81 27 25,8572,7233,1339
10564,16 46 22.7,+70 21 18,1102,1892,-790
31530,16 46 35.5,-31 35 22,6703,6235,468
10560,16 46 59.0,+58 25 22,5234,5274,-101
31539,16 47 24.9,-20 08 30,6692,3993,2699
31529,16 48 40.7,-69 29 41,4783,3943,840
31535,16 49 53.6,-71 12 13,5218,4929,289
10577,16 50 05.5,+42 44 21,917,1571,-654
261190,16 50 39.2,+78 39 07,16783,12863,3920
10582,16 51 10.8,+23 56 48,11147,11453,-306
261191,16 51 48.4,+78 45 13,5084,5312,-228
10632,16 53 29.3,+79 04 08,4209,5713,-1504
10596,16 54 16.3,+10 26 56,12116,9384,2732
10606,16 54 47.3,+36 30 05,913,1455,-542
31558,16 54 58.9,-72 35 09,5917,5465,452
10619,16 55 53.3,+54 23 51,5317,5269,48
10641,16 58 06.4,+58 53 08,5213,5759,-586
31570,16 58 34.7,-71 27 37,4982,5674,-692
270010,16 58 46.3,+78 25 22,15592,16956,-1364
270040,17 02 07.0,+78 17 30,17689,16890,799
10684,17 03 03.5,+61 02 37,3381,4179,-915
31400,17 03 04.3,-88 55 04,5031,4318,713
270364,17 03 22.0,+78 46 56,19567,19510,57
31597,17 03 28.1,-19 10 28,9643,9392,251
10681,17 03 32.8,+45 27 33,9823,11527,-1704
10692,17 05 28.0,+23 09 11,9308,9329,-21
10716,17 07 44.5,+30 19 34,9673,11776,-2103
270144,17 09 07.6,+78 52 33,18696,12988,5708
31602,17 09 23.1,-73 19 10,5245,5356,-111
270385,17 09 37.3,+78 32 45,16057,17575,-1518
270172,17 10 31.0,+78 29 11,15799,17374,-1575
10738,17 11 05.9,+05 51 07,6713,9668,-2955
10752,17 12 38.7,+23 16 11,6614,5568,1046
31623,17 13 53.5,-60 48 34,4955,5061,-106
10780,17 16 34.2,+07 19 37,6725,7762,-1051
31630,17 16 58.1,-62 49 11,1149,1239,-90
10790,17 17 06.4,+40 50 41,2072,1816,256
10826,17 23 05.4,+12 41 43,9110,8396,714
10876,17 26 31.5,+71 05 47,1112,1482,-254
31655,17 26 53.4,-64 53 34,11466,10478,988
31660,17 27 46.4,-64 33 36,7351,7851,-500
10881,17 28 28.1,+60 05 38,3126,3496,-232
10874,17 28 57.3,+29 18 26,6754,8224,-1470
31666,17 29 28.3,-64 01 35,5050,6846,-1796
31664,17 30 45.2,-74 27 27,4963,6697,-1623
31676,17 36 25.4,-77 32 11,5102,5168,-66
10934,17 36 48.8,+72 05 19,2432,2817,-385
10931,17 37 20.3,+60 25 37,6164,7875,-1711
31695,17 37 54.3,-55 31 02,6987,7116,-129
31661,17 39 32.0,-85 18 34,2461,2513,-5
10951,17 41 13.3,+60 26 57,6268,5424,844
31700,17 41 45.2,-61 42 11,5397,3836,1561
31654,17 41 50.1,-86 42 53,5910,4629,1281
10972,17 46 22.0,+26 32 36,4583,4834,-174
10981,17 47 39.4,+09 32 48,10840,10825,15
10998,17 48 38.2,+51 09 24,6705,6292,413
31728,17 48 58.0,-63 15 09,5027,3254,1773
11016,17 52 06.7,+28 54 18,6413,5575,872
11021,17 52 39.4,+29 03 30,5107,7211,-2104
31753,17 55 16.3,-55 54 11,6787,7125,-338
11050,17 55 43.1,+34 35 13,4777,5148,-367
270368,17 55 52.6,+69 03 03,18779,15372,3407
270370,17 56 16.1,+69 02 59,18763,23551,-4788
270373,17 58 02.3,+69 04 27,25262,21087,4175
270375,17 58 02.9,+69 17 30,24369,17447,6922
270376,17 58 21.9,+69 36 40,12524,11808,716
270378,17 58 49.1,+69 05 40,24446,21664,2782
11073,17 58 59.3,+10 32 20,6342,6146,196
270379,17 59 00.3,+69 01 42,24342,27999,-3657
11085,17 59 14.0,+56 13 54,5404,5271,133
280122,17 59 44.6,+69 11 26,23682,29285,-5603
11090,18 00 43.1,+28 42 43,4553,3516,1029
11091,18 00 43.7,+35 00 49,7130,7093,37
280126,18 00 45.0,+69 19 30,25165,22088,3077
280128,18 00 56.4,+69 29 40,18451,25348,-6897
280130,18 01 44.6,+69 30 54,18408,17586,822
280132,18 01 48.9,+69 14 38,25318,27580,-2262
11093,18 01 51.5,+06 58 01,1880,1758,122
280131,18 01 52.5,+68 42 43,27351,24460,2891
31783,18 02 32.6,-63 18 59,8662,8687,-25
11102,18 02 58.2,+52 06 51,14442,10531,3911
11101,18 03 04.2,+45 15 22,5770,5086,684
280133,18 03 12.1,+69 17 05,24653,35489,-10836
280134,18 03 46.7,+69 22 57,15667,22082,-6415
31784,18 04 17.3,-73 42 30,7992,10974,-2982
280136,18 04 23.9,+69 15 41,27287,24925,2362
11125,18 08 11.8,+11 42 42,5930,4671,1259
11140,18 11 09.3,+39 10 14,2714,4747,-2021
11142,18 11 38.6,+25 39 27,4405,5636,-1187
31823,18 11 48.0,-67 38 13,3352,2932,420
11176,18 14 02.6,+61 19 10,6629,6200,429
11194,18 17 56.7,+26 45 27,4617,4583,60
11218,18 19 46.4,+74 34 07,1411,1604,-145
31878,18 20 00.5,-51 32 16,5299,5405,-106
31860,18 22 12.3,-80 09 53,5092,5064,28
31899,18 23 18.0,-43 08 37,5971,4867,1104
31877,18 24 07.9,-78 41 32,9025,9495,-470
11236,18 24 19.5,+71 36 05,5679,5220,459
31904,18 24 59.2,-60 03 38,4673,4037,636
11237,18 27 17.2,+24 53 05,5199,4955,244
31931,18 28 50.4,-52 53 32,6066,6608,-542
11255,18 28 57.4,+51 39 03,9612,8791,821
11254,18 29 43.0,+30 26 13,4858,4316,528
11262,18 30 35.7,+42 41 33,5435,6005,-570
11268,18 32 06.9,+37 36 48,7766,8247,-481
31952,18 33 17.6,-57 58 25,3153,3637,-300
31955,18 33 32.4,-58 24 19,2024,1602,553
11275,18 33 39.6,+32 08 21,5323,8509,-3173
31970,18 34 16.1,-46 45 32,6559,6962,-403
31947,18 34 25.9,-72 53 30,5161,7075,-1901
11300,18 34 49.9,+70 31 26,402,1048,-646
31979,18 35 29.5,-46 57 03,6717,7640,-923
31974,18 35 51.7,-59 26 33,5990,5590,400
31985,18 36 07.2,-37 56 42,4317,4701,-384
11294,18 36 37.2,+19 55 16,4760,7214,-2454
31978,18 36 58.6,-67 16 30,10220,10535,-315
11297,18 37 15.5,+19 58 42,5706,5076,630
11305,18 37 26.5,+40 03 28,2368,3129,-761
31998,18 37 28.9,-47 09 17,6850,7046,-196
11307,18 37 55.3,+27 47 35,3005,2915,90
32003,18 38 25.3,-57 29 28,4647,5738,-909
32005,18 38 38.9,-57 53 38,3372,3218,1611
11320,18 40 48.1,+23 41 02,4665,5316,-651
11328,18 40 49.9,+38 00 14,5516,6742,-1226
32057,18 42 33.4,-35 34 28,5258,5335,-77
11341,18 42 50.9,+39 32 55,5691,6943,-1252
32081,18 45 29.2,-39 10 49,4803,5207,-404
32084,18 46 02.0,-50 45 48,5158,5612,-454
11351,18 46 04.3,+32 16 46,4440,6102,-1662
32088,18 46 23.1,-52 09 23,5205,4720,207
32027,18 47 11.4,-82 07 38,6508,5630,878
32106,18 47 12.4,-48 20 43,5321,4990,331
32108,18 48 22.5,-63 13 03,10250,9574,676
32116,18 48 26.3,-57 11 01,3480,3429,-92
32133,18 50 03.8,-50 46 01,9179,9186,-7
32150,18 51 43.3,-40 55 58,5860,5981,-121
32157,18 52 23.1,-48 21 21,10546,10091,455
32158,18 52 37.0,-51 28 04,4676,4046,630
32167,18 53 34.4,-40 01 09,7904,8580,-676
32170,18 54 09.3,-42 55 13,5756,6375,-619
32189,18 55 36.8,-34 43 18,5642,6092,-450
32196,18 56 20.6,-43 08 51,4854,4701,153
32205,18 57 39.6,-47 32 58,5010,4995,15
32218,18 58 17.5,-35 13 24,5913,5564,349
32223,18 59 38.5,-41 45 43,5675,4959,716
32238,19 01 07.1,-45 18 49,4999,3974,1025
32277,19 05 52.6,-54 06 24,4727,4392,122
32313,19 08 43.9,-51 02 47,4944,5115,-171
32316,19 09 46.2,-63 51 26,791,659,167
32364,19 11 47.2,-21 09 57,8030,8424,-394
32367,19 12 08.7,-32 07 32,5614,6141,-527
32399,19 14 36.4,-46 57 28,5129,4196,933
32421,19 14 59.6,-23 45 31,6068,6400,-332
32397,19 15 07.8,-58 21 58,10807,9965,842
32418,19 15 36.9,-47 53 13,4843,3761,1481
32414,19 15 51.5,-56 12 29,4026,2864,298
32430,19 16 55.9,-53 42 02,7071,6308,763
32437,19 17 13.8,-46 41 18,5151,5915,-673
32443,19 17 23.2,-36 17 40,9713,8533,1180
32452,19 17 59.5,-30 12 19,5753,4683,1070
32459,19 18 42.6,-38 20 29,5512,5262,250
32454,19 19 02.4,-56 01 34,3382,4319,-1157
32465,19 19 38.0,-35 43 25,5278,5372,-94
32469,19 19 50.4,-28 48 48,6322,9672,-3350
11429,19 20 57.4,+43 07 56,4464,4395,69
32476,19 21 09.4,-28 54 18,6233,4394,1839
32480,19 21 41.1,-25 02 57,7921,8497,-576
32499,19 23 40.5,-55 03 51,3134,3400,-238
11435,19 23 50.8,+55 59 13,3594,2668,964
32507,19 24 10.8,-35 10 53,5241,4222,1019
32523,19 25 23.1,-32 13 07,7374,7538,-164
32508,19 25 36.1,-62 55 56,9237,7341,1896
11438,19 26 37.3,+49 45 30,3822,3944,-122
32530,19 26 49.6,-54 57 02,3085,3312,-150
11443,19 27 35.9,+54 22 22,4204,3146,1058
32556,19 29 16.5,-57 34 34,5058,4654,403
11455,19 29 56.0,+72 06 44,5285,6622,-1337
32571,19 30 30.2,-57 16 54,5045,5627,-570
11448,19 30 33.3,+35 46 35,4376,2809,1567
32436,19 30 59.5,-86 00 56,2464,2521,-57
32594,19 31 09.4,-33 18 55,7341,10540,-3199
32606,19 32 21.7,-30 16 26,10953,11341,-388
32608,19 32 27.2,-29 56 19,7239,7161,78
32614,19 33 18.9,-33 08 59,5781,5610,171
32622,19 34 14.4,-34 08 19,5379,4398,981
32628,19 34 54.6,-46 08 09,5584,4201,1383
32625,19 35 21.5,-57 02 04,11483,10153,1330
32641,19 36 17.1,-48 31 35,5065,3585,1480
32665,19 37 27.5,-17 27 21,5947,6175,-228
32681,19 39 06.4,-33 02 47,5909,7540,-1631
32679,19 39 09.1,-37 52 36,6161,5956,205
32693,19 39 50.9,-27 53 09,7211,8219,-1008
32702,19 41 31.3,-36 20 20,5226,5923,-697
32699,19 42 00.1,-55 32 38,4352,4941,-233
590024,19 42 23.2,-15 51 52,5798,5789,9
32720,19 42 52.5,-28 30 03,5735,5722,-94
32730,19 43 32.4,-27 42 00,5673,4924,704
32716,19 43 36.0,-58 39 50,1954,2011,-57
32736,19 43 59.5,-28 29 16,5007,6658,-1030
32742,19 44 21.0,-27 24 21,5609,5473,155
32752,19 44 55.3,-32 38 48,9701,8992,709
32754,19 45 18.3,-38 20 05,5550,5160,390
32765,19 46 32.9,-52 05 56,8999,9757,-758
32791,19 48 12.7,-23 30 30,6205,5778,427
32812,19 50 26.9,-24 31 15,5711,6606,-937
32814,19 50 38.7,-28 15 43,7513,6601,912
32808,19 50 49.3,-47 22 27,5653,5334,319
32830,19 52 00.4,-23 27 02,6591,5514,1077
11492,19 52 39.9,+57 27 35,3398,3149,249
32834,19 52 55.5,-25 08 58,5628,5638,31
32850,19 54 04.5,-30 29 01,6484,6819,-335
32880,19 56 34.5,-38 05 58,5511,6183,-597
590070,19 56 35.1,-38 27 12,19220,14248,4972
590071,19 56 57.1,-38 32 49,15732,14533,1199
32885,19 57 21.9,-55 08 13,4693,4444,-157
590069,19 57 36.1,-00 14 05,6586,3821,2765
32903,19 57 37.4,-37 56 05,5557,4562,1024
32909,19 57 43.5,-30 43 10,5847,1036,4811
32901,19 58 12.4,-55 40 47,5021,5677,-656
32923,19 58 16.9,-31 46 21,6216,5099,1117
32920,19 58 20.8,-36 24 45,8423,7923,500
590083,19 58 59.9,-37 59 09,11857,11415,442
32932,19 59 05.3,-38 00 37,5962,6819,-1233
590073,19 59 06.0,-38 29 12,11968,11197,771
590074,19 59 32.0,-38 19 29,8943,10601,-1658
590076,20 00 35.6,-38 37 32,5667,5884,-298
32965,20 00 56.6,-38 20 47,12041,12070,-29
590088,20 01 19.5,-39 05 45,17184,18522,-1338
32988,20 02 21.9,-38 36 53,9107,3526,5581
32972,20 02 41.0,-64 04 43,5617,5183,434
33002,20 03 34.7,-50 05 10,11353,11421,-68
33001,20 03 47.3,-54 58 26,4889,2434,1853
33019,20 04 14.6,-38 10 00,5308,4631,955
33027,20 04 18.6,-19 03 48,2010,2255,-245
600331,20 04 33.6,-39 07 10,6045,7477,-1891
600332,20 05 13.6,-39 10 11,9225,9987,-762
600333,20 05 14.2,-39 09 10,8961,10158,-1197
600334,20 05 23.4,-39 08 58,13984,12958,1026
33037,20 05 35.7,-42 42 11,5568,6650,-1229
33044,20 05 37.6,-25 08 40,8036,7762,274
33035,20 05 39.4,-47 58 42,3287,2724,-41
33007,20 06 49.5,-77 21 27,6128,5101,1027
33065,20 07 13.8,-53 47 31,5124,4318,1209
33086,20 07 37.8,-21 07 32,2095,2407,-312
33090,20 08 04.7,-29 19 07,6766,6858,-92
33080,20 08 26.8,-56 09 37,4227,3862,425
33093,20 08 30.8,-25 27 24,8007,6504,1503
33100,20 08 59.5,-35 19 15,7693,8068,-375
33091,20 09 31.1,-61 50 46,714,586,128
33103,20 09 34.2,-49 13 17,3159,3184,-501
33110,20 09 43.8,-44 09 15,5621,3940,1680
33116,20 09 48.0,-37 19 50,5760,5405,355
33117,20 10 13.3,-48 17 07,2815,4383,-1700
600203,20 10 50.5,-56 32 57,15796,18543,-2065
33123,20 11 01.4,-48 41 26,2419,2878,-195
33124,20 11 11.6,-48 16 32,3049,2053,630
33132,20 11 27.2,-38 11 55,5477,4615,954
33126,20 11 29.1,-53 07 33,5591,4903,649
600208,20 11 42.9,-57 03 27,16325,16824,-346
33142,20 11 43.8,-28 51 53,6892,9917,-3025
33135,20 11 55.4,-46 08 37,3000,2515,488
33136,20 12 00.3,-47 01 23,7612,9257,-1645
33152,20 12 39.2,-40 08 03,6218,7069,-851
33158,20 12 47.1,-33 35 14,9993,7658,2335
600216,20 13 05.5,-57 10 42,17103,19791,-3313
33167,20 13 33.8,-43 21 41,9264,12009,-2745
33166,20 13 34.5,-44 48 59,5075,4275,1345
11527,20 13 54.5,-01 09 27,5228,4946,282
600220,20 14 13.3,-57 19 01,16733,18335,-1857
33204,20 14 50.9,-18 01 19,6769,6033,736
33202,20 15 05.2,-37 14 11,5871,5998,-127
33189,20 15 08.2,-52 43 06,5551,5420,132
33211,20 15 44.2,-43 07 00,5221,4277,944
600042,20 15 48.6,-02 54 18,5261,4676,585
33229,20 16 18.7,-37 00 55,5816,4200,1616
33227,20 16 30.8,-44 42 31,5614,4351,1269
33247,20 16 51.6,-36 59 12,5813,5248,565
33242,20 17 03.0,-47 46 12,5140,3046,2170
33238,20 17 11.3,-55 02 05,2032,2265,-233
33250,20 17 11.6,-40 55 25,2684,3255,-571
33278,20 18 22.5,-27 27 18,5917,5749,168
11537,20 18 37.8,-00 09 02,5155,4606,549
33296,20 19 56.0,-37 12 29,8481,6870,1611
33312,20 20 46.3,-24 07 39,2887,3225,-338
600049,20 21 01.4,-12 15 13,5502,4444,772
33327,20 21 30.1,-20 25 30,8278,9129,-851
33334,20 22 09.9,-38 18 29,6517,7203,-686
33332,20 22 30.7,-50 45 09,4650,5664,-380
33373,20 23 39.0,-28 16 34,2834,3068,-234
33366,20 23 51.0,-48 21 32,5462,4957,505
33381,20 23 56.3,-26 00 52,2925,2641,275
11552,20 24 35.6,+12 26 37,4247,5674,-1427
11551,20 24 36.5,+06 54 38,4600,4304,288
33387,20 24 41.8,-41 30 38,5309,4853,456
33397,20 24 52.7,-18 20 42,3149,2479,670
33399,20 25 06.5,-24 48 30,2940,2495,421
33398,20 25 24.2,-40 09 41,4153,3320,833
33419,20 25 50.1,-18 31 24,6725,7473,-748
33400,20 26 01.3,-54 22 57,6058,5799,259
33424,20 26 33.1,-32 27 42,5543,5400,119
33431,20 27 31.8,-51 39 17,5714,2855,2896
33458,20 27 35.1,-18 50 09,7421,7591,-170
33465,20 28 01.0,-18 46 48,6655,6114,541
33470,20 28 11.5,-18 17 31,6412,7183,-771
11568,20 28 18.5,+10 45 19,3948,4646,-698
33446,20 28 33.7,-61 43 02,11221,10234,987
11569,20 28 45.2,+10 37 41,4168,5621,-1308
11571,20 29 01.4,+10 40 43,4477,3156,1250
33476,20 29 32.4,-56 44 33,6126,5597,529
33493,20 29 47.0,-45 24 43,5983,6720,-737
33501,20 30 14.8,-34 48 41,5655,6981,-1392
33512,20 30 46.2,-39 14 59,6346,8411,-2065
11579,20 30 55.2,-00 38 59,5623,6064,-441
33520,20 30 57.3,-30 40 04,5708,6434,-726
33525,20 31 12.9,-33 28 38,2855,3905,-1034
33538,20 31 18.2,-19 02 55,6076,5288,788
33537,20 31 21.8,-26 59 01,5722,8544,-2822
33531,20 31 37.4,-44 13 07,6523,5435,1088
11584,20 31 49.6,+01 32 40,5071,7674,-2603
33571,20 33 20.7,-27 05 49,5920,6644,-724
33564,20 33 25.7,-49 34 31,6029,6323,-294
33592,20 34 20.8,-31 58 50,2574,2155,419
11595,20 35 04.5,+01 56 07,3729,4475,-910
600084,20 35 23.6,-06 14 40,5524,6470,-946
33608,20 35 35.0,-44 22 30,6895,9157,-2262
33611,20 35 39.2,-43 36 32,8202,6928,1274
33627,20 36 46.5,-45 18 25,6569,9892,-3323
33649,20 37 41.3,-21 36 22,8051,8451,-400
33635,20 38 11.7,-67 11 05,3147,4476,-1329
33656,20 38 23.0,-31 55 14,9839,7852,1987
33657,20 38 53.7,-43 22 55,8213,9318,-1105
33670,20 39 07.1,-20 14 25,8163,10429,-2266
33676,20 39 33.8,-28 29 16,9822,9735,87
33679,20 40 13.0,-50 47 38,6234,7004,-770
33685,20 40 26.5,-35 32 19,6866,7711,-845
11611,20 40 31.7,+14 16 29,5125,6096,-971
33687,20 41 07.2,-53 29 53,4223,3753,470
33704,20 41 15.4,-32 29 16,5373,5373,0
33716,20 41 55.8,-32 49 26,5583,5992,-409
33722,20 41 57.0,-19 37 56,10698,10690,8
33719,20 42 09.3,-37 41 26,7326,8835,-1509
33710,20 42 10.6,-55 14 20,8096,8369,-273
33728,20 42 28.6,-24 09 05,5614,5683,-69
33726,20 43 02.3,-52 31 05,4523,4841,-350
33738,20 43 14.3,-29 51 13,2484,1839,644
33730,20 43 25.0,-56 12 16,4288,4539,-251
33741,20 43 33.8,-29 42 25,2483,2488,-5
33755,20 44 40.2,-45 58 42,2548,2205,343
33715,20 45 00.1,-76 59 02,6482,5629,853
33765,20 45 18.5,-35 14 26,8083,9478,-1395
600242,20 45 32.2,-52 42 58,14486,13329,288
600243,20 45 44.7,-52 45 41,14006,13456,161
600125,20 46 16.0,-14 01 21,8088,7639,449
11628,20 47 19.0,+00 19 15,3922,3997,-108
600230,20 48 01.1,-52 58 07,13549,13433,116
33795,20 48 05.9,-30 13 36,8072,8467,-395
600237,20 48 09.5,-52 29 28,14432,10595,3837
33799,20 48 11.9,-19 49 55,8630,7207,1423
300152,20 48 21.2,+16 20 16,8872,10302,-1430
11633,20 48 27.6,+07 44 25,4391,4672,-281
33763,20 48 27.8,-78 04 09,2732,2492,240
600238,20 48 47.2,-52 23 28,14466,12366,2100
600251,20 49 44.3,-51 56 58,9440,9088,352
600231,20 49 50.5,-52 55 13,12338,10214,2124
600138,20 49 52.1,-07 01 17,5723,7627,-1904
600259,20 50 26.8,-52 03 11,14349,13171,446
33829,20 50 32.4,-52 27 20,13005,9553,4064
600260,20 50 43.8,-53 09 26,12643,12595,1022
600232,20 50 49.3,-52 56 05,12584,10080,2504
600264,20 50 59.8,-53 07 23,12504,13767,-150
600240,20 51 03.0,-52 39 49,14046,12817,800
600266,20 51 04.8,-52 45 00,14223,12330,1287
33844,20 51 06.5,-52 42 44,12265,14727,-1110
600270,20 51 08.2,-53 02 38,12413,15349,-1732
33859,20 51 10.5,-25 42 48,5716,5724,-8
33851,20 51 40.4,-52 35 00,14376,13129,488
33879,20 51 44.7,-18 19 53,8363,7987,376
600289,20 51 55.4,-51 49 28,14609,14699,-1082
600300,20 52 16.5,-51 45 08,15150,8839,6311
600234,20 52 18.2,-51 57 50,14664,15094,-1477
33883,20 52 43.1,-52 10 22,14361,12208,2153
600308,20 52 45.4,-52 09 54,14438,13985,-368
600241,20 52 46.0,-53 04 33,12960,12600,360
600309,20 52 47.4,-51 55 15,19697,20632,-935
33887,20 52 59.4,-51 51 55,15565,5461,10104
600235,20 53 06.6,-51 47 52,14587,6149,8438
600154,20 53 33.6,-52 43 52,14394,11840,2554
600236,20 53 46.5,-52 59 06,14652,12601,2051
33905,20 54 06.4,-28 40 58,10385,9198,1187
11647,20 54 12.1,+17 46 46,7700,9347,-1647
33913,20 55 14.1,-49 11 13,6984,5541,1443
11649,20 55 27.6,-01 13 31,3495,4148,-653
11650,20 56 27.6,+12 02 26,8757,8733,24
300085,20 57 09.2,+13 31 25,4635,4988,-675
33943,20 57 36.7,-46 36 18,4782,4648,134
33947,20 57 49.5,-43 22 33,8957,7292,1665
33944,20 57 52.1,-51 52 10,4507,3453,1108
33956,20 57 55.3,-17 56 33,8132,9649,-1517
33953,20 58 01.1,-32 17 28,9437,8570,867
300091,20 58 06.5,+13 30 53,8582,7390,1192
33967,20 58 28.2,-19 58 50,8349,8206,143
33971,20 58 59.1,-39 27 43,9072,8202,870
11656,20 59 05.3,+11 16 51,4268,4815,-547
11660,21 00 31.6,+13 29 30,4487,3100,1387
11662,21 00 42.4,+17 48 17,4996,4475,521
34008,21 00 52.6,-48 36 01,7089,7975,-886
600179,21 02 31.2,-16 49 05,1191,1550,-359
34091,21 04 24.4,-21 46 56,8362,7795,567
310007,21 04 28.8,+07 58 48,5204,6693,-1489
34101,21 04 48.8,-17 53 05,8736,9749,-1013
610198,21 05 39.1,-25 33 03,11914,9865,1258
34135,21 06 25.7,-24 24 50,10897,9521,1602
610212,21 06 31.0,-24 29 17,10128,10105,1018
610214,21 06 39.9,-25 27 56,11046,10670,453
610217,21 07 00.4,-24 37 11,11045,11699,-576
610220,21 07 11.2,-25 15 09,11331,10780,343
610222,21 07 20.9,-25 37 48,11940,10321,802
610224,21 07 23.5,-25 34 16,12486,10124,999
610231,21 07 38.9,-24 39 22,10878,15762,-4639
34162,21 08 18.0,-43 54 56,9186,5224,3962
11683,21 08 26.6,+18 11 27,4721,5402,-681
34184,21 08 44.1,-22 54 37,8572,6018,2554
34189,21 09 07.0,-25 33 20,8535,5618,2917
610251,21 09 16.2,-25 33 37,8610,9938,-1328
610018,21 10 05.5,-03 41 51,1917,2826,-909
34213,21 10 18.5,-29 31 38,5299,4762,722
34202,21 11 02.8,-65 31 38,10860,10838,22
11696,21 11 55.0,+11 22 45,4979,4307,672
310030,21 12 01.2,+11 29 45,4699,6296,-1597
310298,21 12 06.2,+11 20 41,4696,4915,-219
34252,21 12 10.6,-37 37 39,7457,7006,451
34267,21 12 43.5,-36 51 31,8675,8353,322
610024,21 13 12.9,-00 21 58,5808,6215,-407
34263,21 13 12.9,-58 25 37,10035,9295,740
34272,21 13 50.7,-61 17 22,7657,8478,-821
11706,21 14 22.3,+15 14 39,4401,6184,-1761
34285,21 14 41.1,-31 34 55,9801,8955,846
310444,21 16 21.8,+01 05 05,9140,8728,412
34312,21 16 22.5,-38 58 50,8583,7424,1159
11712,21 16 27.6,-00 49 36,5488,5870,-382
11713,21 17 28.2,+15 33 57,4447,6003,-1580
34334,21 17 37.4,-46 43 28,10985,10829,156
34347,21 17 58.2,-22 50 04,7617,6622,995
34364,21 19 46.4,-22 11 40,7979,6681,1298
11723,21 20 17.3,-01 41 04,4574,6055,-1481
610044,21 20 23.3,-13 10 16,8703,10753,-2050
11724,21 20 38.3,+01 02 48,5878,4400,1237
11729,21 21 14.6,+25 01 43,4316,4998,-591
34381,21 21 25.2,-24 22 17,7353,6341,1012
34373,21 21 43.5,-65 56 01,5019,6423,-1381
34397,21 23 13.6,-45 46 19,2500,2608,-109
34414,21 24 35.1,-37 24 03,8929,10945,-2016
34419,21 25 03.0,-39 49 14,4852,6071,-1060
34431,21 25 44.2,-34 04 42,7304,9323,-2019
11740,21 26 14.3,+09 47 52,6099,5892,-182
34455,21 28 14.8,-65 44 08,5045,4773,269
34501,21 30 34.0,-33 38 59,7375,8133,-758
34512,21 31 20.6,-29 15 38,6956,8122,-1166
34522,21 32 04.0,-30 49 18,8607,7727,880
34505,21 32 51.5,-72 39 43,11155,10372,783
11765,21 33 33.2,+08 46 20,6349,6176,173
34549,21 34 07.7,-20 28 12,9408,11030,-1622
11768,21 34 34.2,+18 57 01,6277,8618,-2341
34574,21 35 34.5,-19 01 52,11217,11767,-550
34559,21 35 45.3,-63 54 17,3002,2772,316
310136,21 38 42.5,+29 50 14,4622,5443,-821
34611,21 39 10.6,-20 51 05,9729,13382,-3653
11785,21 39 26.6,+02 49 36,3728,4820,-1092
34636,21 40 29.0,-26 31 33,3118,3747,-629
34644,21 41 26.7,-39 45 54,4643,4638,-85
11790,21 41 29.9,+00 53 41,4206,4429,-223
34648,21 41 35.9,-26 35 30,8963,8110,853
34652,21 41 49.1,-35 11 41,4716,5781,-1065
34658,21 42 11.7,-34 09 40,5046,5371,-325
11792,21 42 12.7,+05 36 55,4471,4475,9
34673,21 43 20.4,-48 19 08,5366,5377,5
310160,21 43 37.5,+02 38 05,7550,7062,488
34695,21 44 31.0,-20 02 39,9917,6358,3559
34693,21 44 41.4,-39 11 04,5930,5407,523
34704,21 45 31.5,-29 04 26,5637,6868,-1231
310171,21 45 58.6,+07 52 22,3396,5085,-1689
310173,21 46 11.7,+09 33 48,8047,7641,406
310174,21 46 16.5,+09 41 08,8137,8551,-414
11809,21 46 37.7,+08 17 38,10543,11643,-1100
11810,21 46 59.4,+01 42 45,4377,5325,-948
34725,21 47 23.4,-38 42 46,4361,5346,-985
610113,21 47 41.3,-04 09 41,4757,4439,318
34751,21 49 20.8,-60 36 30,2892,3022,-105
34752,21 50 23.5,-73 59 52,7853,7712,141
310194,21 51 29.7,+22 50 40,5007,7031,-2024
310196,21 51 34.8,+22 39 06,11069,8653,2416
34805,21 52 11.6,-36 50 28,9508,7874,1634
11837,21 52 13.3,+36 05 54,5030,5775,-745
11838,21 52 35.8,+28 18 22,3151,3497,-346
610126,21 52 50.0,-10 30 34,5032,7187,-2093
34815,21 52 50.6,-45 09 21,8891,9236,-345
34816,21 53 16.3,-59 29 39,4330,4349,-19
34836,21 53 58.6,-29 17 24,6234,5886,348
310218,21 54 20.5,+15 02 38,8282,2977,5305
11845,21 54 27.9,+15 00 59,6890,6805,85
310219,21 55 04.5,+30 35 02,6703,6489,214
34849,21 55 38.5,-54 52 33,8194,10696,-2502
11849,21 55 40.3,+24 53 51,5507,5448,-94
310223,21 55 47.4,+14 43 51,11135,8936,2199
310227,21 56 15.0,+02 10 21,8103,6586,1517
11855,21 56 26.0,+30 47 15,5281,6728,-1465
34881,21 57 41.1,-40 25 04,9892,7427,2465
610499,21 58 05.8,-07 50 43,4944,4896,48
11867,21 58 53.8,-01 59 22,4513,4411,93
34912,21 59 13.4,-28 41 24,5805,5840,-35
610147,22 00 21.5,-13 08 49,5061,7018,-1957
11873,22 00 40.8,+19 40 03,7079,6935,144
11872,22 00 41.1,+17 44 16,803,1640,-864
34944,22 01 23.2,-33 54 43,7922,7304,618
34950,22 01 30.3,-22 04 13,4896,4945,-59
34954,22 01 37.9,-21 30 43,4846,4256,630
34977,22 02 21.5,-21 02 23,1482,1088,385
34975,22 02 24.7,-35 47 23,9153,7281,1872
11876,22 02 29.1,+02 49 00,3617,5676,-2059
34981,22 02 40.9,-33 48 16,4212,3963,146
11881,22 02 52.6,+17 54 09,3315,4952,-1637
34989,22 02 56.9,-22 28 20,1409,1625,-216
34992,22 03 08.1,-22 23 40,1440,1167,273
34993,22 03 13.1,-26 24 22,9383,9252,131
11893,22 04 06.8,+35 56 18,5252,9254,-3963
35017,22 04 43.0,-26 24 06,5261,5472,-211
35011,22 04 47.1,-64 02 42,2874,3724,-854
11896,22 04 47.2,+15 47 38,7308,8286,-978
35008,22 05 01.8,-69 58 36,8484,9918,-1434
35016,22 05 17.8,-60 40 36,4460,3700,760
620408,22 05 34.2,-05 40 04,17726,11359,6367
320025,22 06 23.9,+17 26 01,9936,10624,-688
320028,22 06 37.9,+17 27 38,10022,10227,-205
35031,22 06 51.8,-64 38 03,2826,2526,344
35054,22 07 26.9,-20 50 37,6869,6569,300
35065,22 08 13.6,-25 03 40,5149,6024,-875
35063,22 08 13.9,-32 27 41,4099,4066,33
35068,22 08 28.2,-34 06 23,4130,5310,-1180
35072,22 08 32.5,-20 26 10,4924,6356,-1432
620012,22 09 34.4,-06 06 51,4686,4463,223
35095,22 09 36.9,-27 14 50,6940,9567,-2627
620014,22 10 11.6,-16 39 47,1334,1677,-343
35101,22 10 12.3,-18 51 54,1430,2091,-661
35110,22 10 40.2,-27 53 48,8313,7946,367
11941,22 11 34.0,+29 51 34,6519,8407,-1888
11948,22 12 22.3,+14 01 27,7606,7633,-27
35114,22 12 24.4,-72 34 04,8142,9630,-1488
35133,22 12 29.9,-47 13 21,1412,1486,283
320082,22 12 45.1,+13 51 47,7695,8753,-1058
35137,22 13 07.0,-64 51 19,2848,2810,60
35160,22 13 10.3,-22 26 42,4945,5615,-641
320796,22 13 15.4,+13 58 00,7769,6170,1599
35161,22 13 23.4,-27 13 07,6814,7370,-556
35164,22 13 26.1,-22 05 49,4992,5970,-996
35165,22 13 30.6,-27 33 30,4976,5318,-347
11952,22 13 38.7,+14 13 08,7277,7943,-682
35178,22 14 08.5,-33 14 11,4028,5857,-1840
35171,22 14 15.6,-54 07 17,11114,13600,-2486
35190,22 14 38.4,-27 27 51,4870,525,4446
11964,22 15 29.0,+19 13 12,1071,2196,-1125
35217,22 15 48.2,-27 30 44,4859,5674,-703
35216,22 16 02.9,-47 39 44,2709,2681,-36
35223,22 16 04.6,-26 40 48,6733,6513,220
35222,22 16 06.1,-30 22 07,7387,6790,597
35221,22 16 09.0,-36 50 42,3163,3371,-208
35226,22 16 43.6,-47 07 06,2575,2840,-195
35251,22 17 56.9,-27 31 45,5094,5045,49
11982,22 18 52.9,-01 03 31,4455,4710,-255
35269,22 19 32.9,-37 31 00,4849,4707,27
35274,22 19 38.3,-25 19 56,4442,4034,391
11987,22 20 07.9,+09 01 03,8265,6343,1922
11994,22 20 53.1,+33 17 41,4553,4912,-52
35285,22 20 57.2,-46 01 52,703,723,-20
35308,22 22 02.7,-19 34 25,6982,6841,141
320755,22 22 11.2,+02 55 51,11429,10265,1164
320751,22 22 25.6,+02 44 03,9179,8193,986
12000,22 22 25.7,+02 51 36,9214,7502,1712
620041,22 22 36.4,-04 07 14,4552,5105,-560
35327,22 22 43.2,-27 21 19,7836,9223,-1387
35284,22 23 03.2,-79 59 43,2475,2667,-192
35330,22 23 29.1,-60 33 53,6735,7524,-789
12018,22 23 37.0,+30 51 24,6407,6201,206
35346,22 23 42.6,-26 36 47,6279,8111,-1832
12022,22 24 02.8,+33 26 11,6205,6098,34
12021,22 24 11.6,+06 00 14,4112,5005,-893
320193,22 24 23.2,+18 04 16,5773,5666,107
35376,22 25 34.0,-24 14 26,7276,7120,156
320213,22 26 19.6,+19 34 54,8491,9108,-617
12038,22 26 54.4,+19 32 53,8226,7474,752
320218,22 27 11.7,+31 30 22,6121,6576,-455
35403,22 27 12.6,-35 08 23,8760,8235,525
35410,22 28 02.6,-59 43 24,4699,3818,881
35385,22 28 11.8,-79 30 35,10328,9293,1035
12045,22 28 26.4,+17 08 50,2542,3244,-673
12050,22 29 03.2,+19 06 01,7720,6877,843
12054,22 29 32.4,+07 43 31,1705,2917,-1212
320785,22 30 30.8,+35 17 31,6039,7659,-1620
35452,22 30 34.2,-17 34 27,7009,4749,2260
35451,22 30 38.8,-26 55 53,3275,3730,-455
12059,22 30 44.2,+22 32 32,7202,7449,-247
620087,22 30 59.8,-14 00 13,4569,5135,-438
12063,22 31 10.8,+35 22 29,6374,6376,147
35462,22 31 13.7,-28 32 21,8129,6637,1492
620088,22 31 24.6,-19 01 34,7181,6626,555
12065,22 31 32.9,+30 57 20,3354,1682,1672
35471,22 31 44.9,-27 18 08,7998,8270,-272
12067,22 31 46.4,+20 36 14,6833,8599,-1766
620093,22 31 55.6,-17 08 43,5202,5285,-83
12068,22 32 07.2,+00 02 12,11338,11637,-299
320243,22 32 20.1,+23 51 52,11598,11610,-12
12073,22 32 33.4,+39 12 55,4360,4757,-246
12072,22 32 36.5,+23 55 53,7106,10756,-3650
35491,22 33 15.7,-27 14 48,3238,4194,-956
320569,22 34 02.6,+01 54 59,17725,16329,1396
320572,22 34 30.4,+01 33 39,17923,12126,5797
35519,22 34 32.1,-22 41 34,5275,5705,-430
320573,22 34 32.3,+01 24 57,17453,14114,3339
12083,22 34 34.8,+05 49 01,7913,10164,-2251
320574,22 34 36.7,+01 55 38,20630,20942,-312
320575,22 34 43.6,+01 21 33,17415,20337,-2922
12093,22 34 49.4,+18 38 18,7970,8444,-474
320576,22 35 10.1,+01 20 46,17892,14443,3449
320578,22 35 10.6,+00 50 47,17422,16527,895
35528,22 35 29.0,-35 07 20,8323,6999,1324
320579,22 35 33.9,+01 51 35,16412,12343,4069
35525,22 35 40.1,-61 32 51,11878,9950,1928
320581,22 35 41.8,+01 39 34,16565,18973,-2408
35535,22 35 45.9,-26 02 59,1118,1403,-285
320583,22 36 06.8,+01 33 33,15665,14112,1553
12103,22 36 28.0,+21 37 16,6795,6405,390
35543,22 36 36.7,-26 15 37,7670,7902,-232
320522,22 36 48.6,+18 51 22,8067,9033,-966
320591,22 36 49.8,+01 38 53,10937,9142,1795
12113,22 37 04.1,+34 24 58,491,1079,-591
12118,22 37 29.3,+10 31 53,2460,2854,-394
12119,22 37 31.1,+18 47 34,5167,5512,-307
12122,22 37 47.0,+23 47 11,989,1956,-991
12123,22 37 53.1,+25 11 28,3735,3704,31
12141,22 38 15.4,+80 40 36,1987,3248,-1261
35563,22 38 41.5,-25 50 58,3087,3553,-466
12135,22 38 47.7,+72 32 48,3922,3670,252
35572,22 39 06.1,-19 39 21,8609,10142,-1533
620266,22 39 12.5,-02 26 19,15329,9888,5441
35578,22 39 26.4,-20 22 15,8619,7286,1333
12133,22 39 32.1,+08 36 46,7058,8311,-1083
620160,22 39 36.0,-04 09 31,7086,5896,1190
12134,22 39 37.5,+11 46 11,6982,7086,-104
320540,22 39 37.6,+33 34 46,6242,5568,674
12136,22 39 56.1,+11 01 39,1874,2695,-821
620162,22 40 15.4,-02 25 26,2607,2225,382
12143,22 40 25.5,+31 50 28,7515,6453,1062
12144,22 40 33.7,+33 27 58,5827,2968,3284
12142,22 40 36.3,+11 54 22,7137,6388,749
320308,22 41 09.0,+13 20 21,4831,5097,-266
35598,22 41 14.7,-21 47 47,4162,3733,429
12159,22 42 02.4,+30 42 30,6951,9839,-2880
35608,22 42 17.8,-30 03 31,952,1422,-470
12162,22 42 24.0,+30 10 17,6965,6330,629
12165,22 42 50.1,+32 59 36,6201,5904,348
320541,22 43 14.3,+08 26 04,9443,7299,2144
35626,22 43 34.1,-48 38 45,5193,5106,87
12169,22 43 39.2,+23 56 59,12470,10843,1627
12168,22 43 40.1,+06 07 17,6969,9952,-2983
320542,22 43 51.5,+08 25 59,7601,7666,-65
12173,22 43 52.0,+38 22 36,4463,4460,-33
12172,22 43 57.0,+07 23 25,7204,6855,349
35638,22 44 01.1,-27 14 14,8046,7484,562
12174,22 44 24.3,-00 09 44,4488,4170,318
35646,22 44 44.3,-49 16 43,6804,6294,510
35650,22 45 01.9,-48 53 19,9731,8633,1098
35657,22 45 14.9,-22 43 47,2742,3404,-375
12180,22 45 29.1,+21 48 27,6733,5720,1013
35668,22 46 05.6,-19 24 55,2693,3317,-595
35676,22 47 02.0,-48 35 10,5272,3809,1463
12183,22 47 04.3,-00 04 27,4301,3841,619
320367,22 47 06.2,+31 32 21,6115,4708,1407
35690,22 47 42.3,-17 20 51,8282,8220,62
620180,22 47 47.5,-11 48 59,2231,2072,200
12191,22 48 40.9,+27 36 38,9252,7736,1791
35704,22 48 49.1,-27 36 31,3646,5372,-1726
12194,22 48 50.8,+27 57 45,9675,8602,925
12197,22 48 52.1,+24 50 15,7116,8268,-1152
35700,22 48 57.0,-57 53 37,10486,11390,-904
12201,22 49 09.6,+34 59 29,4729,5178,-449
12198,22 49 10.8,+27 51 54,9654,10655,-1128
12204,22 49 23.3,+40 13 57,6420,9210,-2789
320786,22 49 47.1,+34 56 57,6811,8870,-2059
35705,22 49 53.8,-73 01 29,9096,9419,-323
12221,22 50 26.7,+82 52 37,1966,2166,-200
320543,22 50 35.9,+12 14 15,10932,13007,-2075
320400,22 50 59.1,+12 03 22,11373,8576,2797
35727,22 51 02.0,-20 16 02,2880,3373,-510
620189,22 51 38.1,-05 33 26,3396,2851,545
35733,22 51 48.4,-20 36 20,2852,3587,-724
35715,22 51 59.7,-80 50 09,7988,8564,-576
12220,22 52 22.5,+01 05 31,4545,6225,-1765
12222,22 52 32.7,+11 39 42,8267,8303,-36
12225,22 52 49.1,+01 12 03,4366,4736,-276
12230,22 53 21.2,+32 07 44,6092,7581,-1345
35751,22 53 40.8,-17 28 43,8696,9959,-1263
35750,22 53 41.9,-34 08 48,8186,8491,-305
35757,22 54 10.8,-25 15 06,7610,7455,155
12237,22 54 19.6,+11 46 55,8156,8420,-318
35754,22 54 20.3,-45 20 47,2777,3042,-265
320443,22 55 14.6,+36 40 07,5337,9695,-4358
12249,22 55 20.2,+28 20 46,7208,8171,-963
12250,22 55 35.9,+12 47 24,6870,5890,980
620200,22 55 41.7,-05 29 43,2501,2371,130
12252,22 55 43.3,+31 46 16,6777,7184,-407
320453,22 55 55.3,+31 40 17,6844,5821,1023
12253,22 56 01.8,+12 45 58,7405,5989,1416
35775,22 56 05.4,-58 23 45,4352,5483,-1131
12259,22 56 26.9,+18 42 16,4940,4723,217
12260,22 56 31.9,+37 44 19,5225,4813,412
35787,22 56 36.6,-36 14 59,1419,1656,-184
35791,22 56 44.4,-24 57 15,8830,8028,802
620203,22 56 50.7,-08 58 03,4687,11610,-6923
12264,22 57 39.1,+12 54 56,7608,8872,-1264
35810,22 57 52.0,-35 51 26,1647,1684,-212
35814,22 58 16.4,-38 56 48,8297,8501,-204
35816,22 58 27.2,-32 14 25,9285,8652,633
12278,22 58 49.9,+20 17 53,5414,7245,-1831
35819,22 58 58.3,-30 29 35,8386,7015,1371
320546,22 59 14.3,+26 23 19,7289,9280,-1991
35825,22 59 18.2,-32 35 59,8018,11291,-3273
12290,22 59 37.4,+24 50 50,6934,7512,-578
12288,22 59 39.5,+20 08 38,6717,5139,1578
12291,22 59 48.3,+26 18 07,7414,8582,-1168
35828,22 59 49.7,-61 33 54,8209,7626,583
12294,23 00 03.7,+15 58 48,1829,1734,38
12295,23 00 23.6,+01 37 33,4460,4064,396
12299,23 00 40.8,+08 28 03,6313,6321,-8
12308,23 01 18.6,+14 20 22,1855,2778,-1006
35841,23 01 31.1,-46 38 45,5660,5636,24
12319,23 02 03.4,+27 03 08,7163,6458,659
12320,23 02 04.0,+30 45 50,6286,7651,-1082
12318,23 02 07.9,+25 40 12,9413,9267,146
35848,23 02 09.9,-39 34 09,956,1490,-735
12321,23 02 19.0,+16 01 38,1796,4447,-2675
35854,23 02 48.3,-40 49 50,819,799,-44
12325,23 02 48.3,+21 52 25,5569,5492,249
35853,23 02 50.9,-48 33 25,8550,10593,-2043
12331,23 02 59.1,+34 43 36,5466,6177,-749
35863,23 03 22.6,-19 30 13,2979,3873,-894
35862,23 03 46.3,-62 31 19,3218,3316,-98
12343,23 04 56.6,+12 19 22,2014,2527,-523
330039,23 05 19.4,+14 10 13,6917,6308,609
12350,23 05 19.8,+16 51 58,1772,1714,58
331801,23 05 24.5,+31 48 36,6407,7385,-978
12358,23 05 47.6,+34 09 20,4991,6655,-1664
12353,23 05 48.3,+03 32 41,4573,2345,2228
12355,23 05 59.7,+24 33 53,7368,6396,972
35892,23 06 08.2,-19 35 14,3784,4077,-293
12362,23 06 15.4,+31 53 03,6135,5596,539
12363,23 06 31.5,+00 10 18,7079,3676,3403
331157,23 06 36.6,+06 06 48,5559,6255,-696
12367,23 07 01.3,+17 08 42,7416,7158,258
12370,23 07 06.3,+09 57 38,4527,4553,-26
330060,23 07 25.3,+22 48 34,5708,4367,1374
12378,23 07 32.7,+22 59 51,5886,5224,517
12383,23 07 49.0,+22 42 36,10058,8156,1902
630028,23 08 05.9,-05 57 56,5863,6844,-981
630027,23 08 06.8,-10 32 32,8498,7161,1337
12392,23 09 03.5,+18 10 36,1345,1220,74
330078,23 09 29.9,+29 28 59,3370,5065,-1695
12395,23 09 34.4,+15 39 17,7213,6647,566
35915,23 09 39.4,-72 01 30,8847,7334,1513
12398,23 10 21.5,+02 37 15,9398,9827,-429
12410,23 11 50.2,+31 01 15,6748,10464,-3782
12407,23 11 51.4,+09 30 23,6081,7584,-1503
35947,23 12 44.4,-37 12 27,1307,2069,-732
35950,23 12 52.8,-23 28 15,5894,7198,-1304
12423,23 13 13.1,+06 25 49,4492,5478,-986
35952,23 13 13.8,-28 21 30,1273,1327,-58
12427,23 13 23.9,+28 57 20,3352,3913,-359
12426,23 13 32.6,+06 34 05,4351,4915,-564
35943,23 13 32.7,-81 37 34,4079,5029,-950
12430,23 13 43.3,+29 00 32,3340,2585,969
332083,23 13 48.8,+13 37 16,11326,10184,1142
12429,23 13 49.2,+22 41 45,3925,3942,-17
12432,23 13 58.0,+24 53 42,8031,6764,1267
330128,23 14 04.6,+09 56 15,4037,5443,-1406
12438,23 14 12.6,+13 34 54,4272,3405,821
12437,23 14 13.2,+13 25 33,4336,4023,203
12441,23 14 18.7,+31 07 22,6630,7457,-775
330137,23 14 34.2,+06 33 20,5993,7553,-1560
12442,23 14 34.6,+04 29 54,2310,2920,-480
330145,23 14 42.1,+31 19 03,6677,6563,114
12447,23 14 43.8,+04 32 02,2323,2543,-103
330144,23 14 47.9,+07 43 07,4345,5085,-740
35964,23 14 48.6,-43 35 56,1357,2202,-848
12452,23 15 02.7,+01 26 07,4594,5061,-467
12458,23 15 08.9,+30 56 46,6518,11322,-4640
330154,23 15 21.0,+16 02 33,11646,7555,4091
12459,23 15 39.3,+24 53 54,7650,5674,2007
12460,23 15 43.8,+25 05 39,7741,5998,1683
330165,23 15 48.5,+15 53 12,11824,11634,190
12469,23 16 25.0,+24 29 48,8055,7936,119
331598,23 16 25.3,+18 28 14,11067,9365,1702
12471,23 16 28.2,+18 33 44,1698,2291,-593
330174,23 16 38.4,+15 53 51,7239,7824,-585
12473,23 16 44.7,+13 28 58,4332,1256,2970
330180,23 17 14.3,+18 43 38,11724,6115,5609
330187,23 17 21.4,+18 25 24,12875,8079,4796
12479,23 17 25.7,-01 35 10,3837,4977,-828
35993,23 17 35.5,-34 47 30,2470,2961,-491
12484,23 17 59.2,+09 40 48,8392,8143,249
330207,23 18 10.1,+10 15 03,11832,14058,-2226
12485,23 18 13.9,+10 17 53,10477,9023,1454
12486,23 18 16.4,+06 35 08,4589,4256,333
36000,23 18 18.5,-21 10 28,8735,11247,-2512
35998,23 18 21.1,-42 22 10,1367,1542,-188
330212,23 18 25.4,+20 09 49,7184,10233,-3049
332087,23 18 26.0,+06 57 52,11943,10789,1154
35997,23 18 30.5,-68 29 35,8516,8702,-186
12487,23 18 47.1,+09 13 00,7662,8160,-498
331602,23 18 47.9,+18 52 30,10987,10089,898
12495,23 18 48.4,+16 37 36,2254,3470,-1466
36005,23 18 54.8,-42 14 21,1268,2130,-776
36006,23 18 55.4,-20 42 05,7452,7312,140
331603,23 18 58.6,+18 54 12,22437,18372,4065
36008,23 19 02.8,-22 42 58,5816,6664,-848
630172,23 19 04.6,-08 29 07,1879,2311,-432
331605,23 19 18.8,+18 36 47,11187,11234,-47
12503,23 19 19.0,+00 56 42,9934,9975,-41
36012,23 19 19.8,-42 15 22,1446,1454,-100
36007,23 19 21.4,-67 28 28,6430,6076,354
330229,23 19 21.8,+16 34 01,2560,4117,-1557
331948,23 19 29.5,+01 00 58,8532,7593,939
12506,23 19 30.5,+16 04 27,6874,7470,-596
332029,23 19 37.4,+35 24 00,14711,17312,-2601
331946,23 19 50.3,+01 04 10,8619,9334,-715
12513,23 19 51.9,+01 13 04,8704,6840,1864
12519,23 20 02.7,+15 57 09,4008,3401,559
12521,23 20 11.5,-01 51 24,3266,3977,-711
331606,23 20 12.3,+18 48 55,22572,20999,1573
330249,23 20 13.5,+25 35 39,5709,6233,-524
12528,23 20 19.8,+35 29 28,7708,8975,-1267
12527,23 20 22.6,+27 18 55,3929,3707,222
12533,23 20 52.7,+23 48 26,5655,7616,-1961
331607,23 21 15.7,+18 31 33,11047,11086,-39
12543,23 21 33.5,+27 07 05,5637,3156,2344
36030,23 21 39.1,-39 12 02,10281,9657,624
331683,23 21 45.8,+16 47 26,6771,7068,-297
12547,23 21 51.6,+05 00 21,4739,3484,1158
12552,23 22 04.6,+13 02 07,7498,8284,-786
330292,23 22 22.4,+17 00 53,21894,22423,-529
12557,23 22 28.6,+29 10 50,5581,7269,-1688
12556,23 22 30.8,+11 53 32,7508,8329,-821
331577,23 22 32.1,+16 47 16,20900,30639,-9739
12555,23 22 34.0,+05 07 12,4552,5814,-1172
630179,23 22 35.1,-13 05 38,6705,6819,-114
12565,23 22 44.8,+23 12 38,8177,7979,198
12566,23 22 45.8,+29 08 16,5441,5935,-494
12564,23 22 47.5,+22 56 14,12019,12317,-298
330318,23 23 00.9,+16 47 56,11130,8617,2513
331686,23 23 02.1,+17 32 19,10916,12110,-1194
331579,23 23 09.9,+17 38 23,11403,11538,-135
331689,23 23 21.2,+14 17 04,12664,12547,117
331692,23 23 29.3,+14 20 19,12098,13082,-984
331163,23 23 38.3,+17 18 13,10971,10930,41
332071,23 23 40.5,+24 40 10,12081,13536,-1455
36044,23 23 40.7,-42 24 01,1448,2108,-754
331695,23 23 50.5,+13 53 26,12609,12388,221
331699,23 24 00.2,+14 33 49,10896,10957,-61
330380,23 24 05.1,+16 39 42,12019,11611,408
331702,23 24 07.1,+14 50 06,11110,8784,2326
332085,23 24 10.2,+13 18 32,9283,8185,1098
12578,23 24 22.9,-00 06 32,2336,1586,797
12583,23 24 34.0,+23 59 11,4708,5630,-922
331711,23 24 37.7,+14 53 09,20429,17554,2875
331714,23 24 49.1,+13 58 15,11810,8184,3626
36056,23 25 01.0,-18 51 31,7333,8194,-861
331726,23 25 08.2,+15 17 57,12341,11101,1240
331592,23 25 08.4,+16 22 36,12798,12475,323
331727,23 25 08.9,+15 09 45,12420,13807,-1387
331730,23 25 10.8,+14 12 58,13262,11869,1393
331733,23 25 17.0,+14 47 17,12859,13548,-689
331735,23 25 19.7,+14 24 19,12237,10623,1614
12593,23 25 24.2,+32 40 39,4639,4072,583
331736,23 25 31.7,+15 22 12,11696,12390,-694
331737,23 25 38.5,+15 21 15,11982,13334,-1352
36063,23 25 45.9,-26 33 41,8104,6671,1433
36069,23 26 20.0,-17 57 17,2526,2937,-411
330449,23 26 35.2,+32 50 46,4938,4579,76
12598,23 26 39.8,+25 04 49,3123,3376,-253
330451,23 26 46.9,+26 36 14,5363,9639,-4276
330453,23 26 54.0,+08 47 03,5740,5642,98
330469,23 28 02.0,+32 09 44,4849,6567,-1912
12610,23 28 06.2,+23 31 51,3203,3918,-786
12618,23 28 46.6,+03 30 40,4775,3936,857
12625,23 29 07.1,+29 46 28,4939,7177,-2118
12628,23 29 22.1,+03 23 23,4308,2984,1165
36098,23 29 34.8,-28 49 51,6992,7841,-849
12629,23 29 55.0,+32 38 58,4870,5434,-779
12634,23 30 07.1,+40 13 28,5147,5323,-176
331192,23 30 30.4,+26 08 02,7708,5480,2228
12641,23 30 54.5,+20 15 02,2334,2766,-427
36113,23 31 04.2,-36 18 31,10483,9736,747
12644,23 31 27.7,+29 11 18,5149,3656,1403
12645,23 31 28.9,+32 28 53,4827,3265,1390
12646,23 31 39.1,+25 56 42,7683,1865,5818
331194,23 31 42.8,+25 52 18,6405,5754,651
12650,23 32 02.5,+32 25 19,4743,4550,105
36124,23 32 30.4,-24 00 18,7835,7408,427
12658,23 32 44.9,+31 06 48,9167,3389,5778
330529,23 33 08.2,+16 12 31,4807,4222,585
12660,23 33 09.6,+21 14 13,5432,5876,-475
330530,23 33 12.0,+25 39 12,6721,5590,1131
12662,23 33 24.9,+21 07 48,5368,5387,14
330537,23 33 26.0,+25 38 00,3373,2764,609
12664,23 33 33.3,+15 33 06,6255,5647,308
630209,23 33 44.1,-03 04 52,4864,3597,1370
12667,23 33 49.3,+30 03 36,3454,2663,791
630216,23 34 36.3,-04 32 02,1854,3062,-1208
12675,23 34 38.1,+23 13 23,2683,1981,358
630217,23 34 40.0,-03 09 11,4801,4646,321
12680,23 34 53.7,+17 17 48,6353,9752,-3399
12681,23 34 54.6,+18 04 15,1105,2194,-1171
12687,23 35 17.7,+12 55 26,5790,5845,110
330560,23 35 31.5,+18 18 33,2167,1074,1093
12692,23 35 42.8,+20 17 17,1821,3192,-1371
12693,23 35 43.7,+32 23 05,4625,4302,353
36164,23 36 14.4,-37 56 23,433,728,-293
36172,23 36 36.5,-21 51 41,1238,1181,57
12707,23 36 40.9,+17 30 52,2246,2663,-324
36179,23 37 20.5,-22 09 53,9027,8952,75
36187,23 37 47.3,-47 43 35,2667,2591,390
12714,23 38 13.2,+32 20 05,4468,4930,-275
12715,23 38 27.0,+04 48 05,5781,4872,909
630233,23 38 48.2,-06 31 05,1661,1605,56
630235,23 38 56.5,-12 57 35,1519,2499,-979
36207,23 39 03.9,-20 48 58,4777,5104,-327
36211,23 39 25.7,-47 46 22,3061,3125,-144
330751,23 40 08.6,+26 54 01,10757,7191,3566
12731,23 40 39.0,+20 26 28,6401,9673,-3272
330761,23 40 42.4,+27 10 39,9833,4005,5828
36226,23 40 45.4,-24 41 38,6510,6057,453
36230,23 40 53.9,-28 20 21,8019,7812,207
330765,23 41 06.0,+25 10 18,11536,15955,-4419
12734,23 41 19.5,+04 01 03,5911,4703,1208
331608,23 41 30.9,+09 04 23,4908,5217,-309
332110,23 41 46.4,+25 43 09,11336,12491,-1155
331095,23 42 30.9,+28 02 41,6827,4763,2064
36252,23 42 32.1,-65 57 21,10063,8831,1232
331611,23 42 42.5,+08 29 21,10939,11158,-219
12746,23 42 46.7,+27 17 49,7093,7020,179
331297,23 42 49.5,+27 07 08,7352,5961,1391
331612,23 43 13.8,+08 34 53,10400,11318,-918
332120,23 43 17.3,+27 23 38,17068,17706,-638
36266,23 43 47.5,-36 42 50,12256,11379,877
630257,23 44 10.4,-06 10 09,1757,1619,138
331185,23 44 13.1,+28 16 19,6802,6074,728
12762,23 44 32.1,+21 56 32,5003,3771,1271
12764,23 44 38.9,+22 00 39,5079,1004,4038
331617,23 44 45.4,+08 35 42,19122,20328,-1206
330872,23 45 06.5,+09 03 37,11984,9781,2203
36298,23 45 30.5,-20 58 43,9796,11977,-2181
12772,23 45 32.2,+27 21 37,7341,7149,627
36309,23 46 15.1,-28 05 54,8102,8479,234
630396,23 46 35.7,-28 00 19,14622,14209,413
12777,23 46 37.8,+03 47 59,2566,1954,429
630397,23 46 40.9,-28 05 57,16506,15187,1319
630400,23 47 13.4,-28 01 00,9784,6864,1849
12781,23 47 15.4,+32 46 57,4526,4111,460
630269,23 47 16.6,-15 18 21,7005,6053,952
331619,23 47 27.3,+09 15 55,12550,12863,-313
331620,23 47 29.9,+09 09 01,11155,10814,341
331343,23 47 38.2,+27 31 12,7982,9781,-2005
36344,23 47 52.0,-53 21 49,9676,9322,354
330925,23 48 01.7,+27 37 24,7960,8949,-1173
630408,23 48 38.2,-28 06 48,10011,8006,707
36357,23 49 00.0,-19 41 31,5453,4712,741
630413,23 49 00.1,-28 02 24,10100,7525,1188
12792,23 49 01.5,+26 47 17,11174,7662,3512
630414,23 49 15.5,-27 58 32,9898,10702,-1989
330940,23 49 47.6,+30 02 20,4795,2624,2171
12799,23 49 53.7,+02 42 13,4951,5286,-331
330958,23 50 59.8,+27 13 09,7130,7482,294
12810,23 51 06.2,+01 03 24,7748,6725,1023
12814,23 51 20.8,+49 04 42,5521,6326,-805
332080,23 51 23.4,+06 06 30,16362,13988,2374
12816,23 51 50.6,+03 04 57,4959,5083,-128
330980,23 51 58.9,+27 20 15,7783,7981,-205
12818,23 52 11.1,+08 23 41,5201,4117,1084
36409,23 52 16.1,-29 26 48,8730,9555,-842
630424,23 52 16.8,-29 26 21,42578,41744,834
630425,23 52 16.8,-29 32 17,8825,8151,562
36414,23 52 27.5,-18 25 23,10896,10158,738
331811,23 53 01.1,+11 16 59,4878,6522,-1644
12825,23 53 13.4,+10 53 40,21098,19856,1242
330992,23 53 18.5,+27 42 20,7609,6920,856
12832,23 53 29.4,+11 19 02,6010,6375,-325
12833,23 53 32.2,+08 07 04,4847,5525,-635
330996,23 53 47.6,+27 25 44,7622,9799,-2023
12830,23 53 49.9,+10 56 40,4911,6532,-1656
12834,23 53 54.0,+07 58 14,5018,5477,-587
36439,23 54 11.3,-17 48 53,10849,8588,2261
630329,23 54 35.0,-14 31 48,5170,4949,221
36454,23 55 14.5,-23 49 59,3616,3591,25
12844,23 55 39.4,+19 30 55,7542,9900,-2358
36459,23 55 54.5,-60 40 48,4065,4617,-552
12850,23 56 06.1,+29 22 39,6593,7085,-512
12849,23 56 07.7,+00 32 58,6308,5668,712
331021,23 56 33.9,+27 12 14,7562,8202,-426
12855,23 56 37.3,+27 06 15,7538,7687,89
12854,23 56 42.1,+13 46 33,10487,8654,1833
12857,23 56 47.4,+01 21 18,2098,2410,-312
12860,23 56 57.9,+10 49 27,4852,4549,327
12864,23 57 24.0,+30 59 31,4354,3524,1027
36493,23 57 28.3,-29 02 48,8570,8556,14
12866,23 57 53.2,+22 21 19,7725,8618,-893
36508,23 58 17.2,-30 06 36,8743,8926,-183
12871,23 58 30.5,+09 58 21,6050,7326,-1276
630350,23 59 05.7,-04 07 34,5390,5359,12
12881,23 59 19.4,+04 45 38,3508,4339,-831
12882,23 59 20.2,+31 17 06,4670,5937,-1386
12886,23 59 30.4,+18 12 12,6275,8867,-2592
332117,23 59 46.2,+04 52 38,8852,5468,3384
332118,23 59 57.8,+04 54 10,8840,10140,-1300
