CID,sn_ra,sn_dec,zCMB,HOST_LOGMASS,IS_CALIBRATOR,pgc,galaxy_name,match_sep_arcsec,log_2Vm,e_log_2Vm,u_log_2Vm,vmax_apparent,VHI,e_VHI,m21,logR25,inclination_deg,v_rot,v_rot_log,mtype
2011fe,210.774,54.2737,0.00122,10.677,1,,,,,,,,,,,,,,,
2012cg,186.803,9.4203,0.00256,9.633,1,40809.0,NGC4424,15.420000000148601,1.7669999599456787,0.05400000140070915,0.0,29.23950151050904,439.0,4.0,16.18000030517578,0.27000001072883606,59.424190634892426,33.961633276140624,33.961633276140624,SBa
1994DRichmond,188.51,7.7016,0.00299,8.46247,0,41772.0,NGC4526,13.674340934750624,2.4549999237060547,0.03400000184774399,0.0,142.5508883328081,601.0,26.0,13.569999694824219,0.44999998807907104,72.59538156068751,149.39055242290456,149.39055242290456,SO
1981B,188.623,2.1998,0.0035,9.686,1,41823.0,NGC4536,56.63531054035196,2.4639999866485596,0.01899999938905239,0.0,145.5358514291466,1800.0,3.0,12.930000305175781,0.3799999952316284,68.08060555469923,156.87645921099912,156.87645921099912,SBbc
2013aa,218.141,-44.2244,0.00478,10.53,1,,,,,,,,,,,,,,,
2017cbv,218.143,-44.1341,0.00478,10.449,1,,,,,,,,,,,,,,,
2001el,56.1275,-44.6398,0.00357,11.28,1,13727.0,NGC1448,24.432118205328308,2.571000099182129,0.012000000104308128,0.0,186.19589564982135,1168.0,4.0,12.489999771118164,0.6600000262260437,84.80750729478716,186.9631427708393,186.9631427708393,Sc
2011by,178.94,55.3256,0.00369,10.417,1,37466.0,NGC3972,20.575606916953237,2.3499999046325684,0.019999999552965164,0.0,111.93603234819888,851.0,7.0,14.6899995803833,0.5699999928474426,79.4067649734536,113.87682811157525,113.87682811157525,SBbc
1998aq,179.108,55.1287,0.00369,10.199,1,37520.0,NGC3982,38.46495027935481,2.2730000019073486,0.020999999716877937,0.0,93.74972581510403,1108.0,6.0,14.279999732971191,0.05999999865889549,30.09793122596416,186.94627801203052,186.94627801203052,SBb
1990N,190.736,13.2565,0.00462,9.802,1,42741.0,NGC4639,62.10289848325064,2.4189999103546143,0.029999999329447746,0.0,131.21090008517322,984.0,8.0,14.40999984741211,0.1599999964237213,47.47215110988318,178.04613642091945,178.04613642091945,SBbc
2021pit,56.1257,-44.6325,0.00366,-9.0,1,13727.0,NGC1448,48.5382364739185,2.571000099182129,0.012000000104308128,0.0,186.19589564982135,1168.0,4.0,12.489999771118164,0.6600000262260437,84.80750729478716,186.9631427708393,186.9631427708393,Sc
2005df,64.4077,-62.7693,0.00435,10.375,1,14814.0,NGC1559,55.136184126203176,2.380000114440918,0.028999999165534973,0.0,119.94167755679602,1295.0,4.0,13.420000076293945,0.2800000011920929,60.31645361613234,138.0585869020543,138.0585869020543,SBc
2005df_ANU,64.4077,-62.7693,0.00435,9.552,1,14814.0,NGC1559,55.136184126203176,2.380000114440918,0.028999999165534973,0.0,119.94167755679602,1295.0,4.0,13.420000076293945,0.2800000011920929,60.31645361613234,138.0585869020543,138.0585869020543,SBc
2013dy,334.573,40.5693,0.00293,9.131,1,68535.0,NGC7250,25.134844340058134,2.188999891281128,0.027000000700354576,0.0,77.26270263540178,1162.0,10.0,15.460000038146973,0.11999999731779099,41.68377078099997,116.18122368969291,116.18122368969291,
2012ht,163.345,16.7764,0.00465,9.53,1,32694.0,NGC3447,25.249388111383897,2.0269999504089355,0.05400000140070915,0.0,53.20714483561685,1071.0,5.0,13.760000228881836,0.23000000417232513,55.57973309955202,64.50026350040795,64.50026350040795,
1980N,50.7513,-37.2139,0.0046,11.314,0,,,,,,,,,,,,,,,
2012fr,53.4,-36.1271,0.0046,10.732,1,13179.0,NGC1365,40.14677571112297,2.559000015258789,0.017999999225139618,0.0,181.12150557199175,1636.0,4.0,12.430000305175781,0.23000000417232513,55.57973309955202,219.56421211994612,219.56421211994612,SBb
2007on,54.7125,-35.5753,0.0046,11.2901,0,13433.0,NGC1404,65.76364041018485,2.4149999618530273,0.019999999552965164,0.0,130.00796673879876,1900.0,21.0,,0.6200000047683716,82.23068062913572,131.2124483176472,131.2124483176472,Sc
1992A,54.1142,-34.9587,0.0046,11.5,0,13318.0,NGC1380,59.69595296164832,2.6989998817443848,0.019999999552965164,0.0,250.0171994103925,1844.0,16.0,,0.25999999046325684,58.50598699409827,293.2083226187074,293.2083226187074,SO
2015F,114.066,-69.5064,0.00515,12.198,1,,,,,,,,,,,,,,,
2011B,133.952,78.2174,0.00458,11.08,0,,,,,,,,,,,,,,,
2018aoz,177.758,-28.7441,0.00701,9.85343,0,,,,,,,,,,,,,,,
2016coj,182.028,65.1772,0.00489,11.036,0,38524.0,NGC4125,13.482447848961675,,,,,,,,0.10999999940395355,40.0479631355386,,,E
SN2016coj,182.028,65.1772,0.00489,11.036,0,38524.0,NGC4125,13.482447848961675,,,,,,,,0.10999999940395355,40.0479631355386,,,E
2007sr,180.47,-18.9728,0.0066,10.682,1,,,,,,,,,,,,,,,
2007gi,180.348,61.8927,0.00505,7.0,0,37930.0,NGC4036,50.476513350270075,,,,,,,,0.36000001430511475,66.67142237937365,,,E-SO
1994ae,161.758,17.2752,0.0054,10.196,1,32207.0,NGC3370,30.072718533495763,2.390000104904175,0.012000000104308128,0.0,122.73547543109888,1281.0,4.0,14.109999656677246,0.23999999463558197,56.58550530533143,147.03991187079217,147.03991187079217,Sc
2015bp,226.375,1.634,0.00603,8.048,0,53865.0,NGC5839,37.534117813065976,,,,,,,,0.05000000074505806,27.571955431350222,,,SO
2018gv,121.394,-11.4379,0.00596,10.06,1,22721.0,NGC2525,62.59835141597469,2.2709999084472656,0.023000000044703484,0.0,93.31896486935068,1584.0,5.0,14.760000228881836,0.1599999964237213,47.47215110988318,126.62881772018953,126.62881772018953,SBc
1981D,50.6599,-37.2327,0.00551,11.314,0,12651.0,NGC1316,101.22024501055918,2.430999994277954,0.019999999552965164,0.0,134.88696984504307,1775.0,17.0,,0.20000000298023224,52.35549301228906,170.35152604906568,170.35152604906568,SO
2006dd,50.6734,-37.2036,0.00551,11.01,0,12651.0,NGC1316,15.140317037631611,2.430999994277954,0.019999999552965164,0.0,134.88696984504307,1775.0,17.0,,0.20000000298023224,52.35549301228906,170.35152604906568,170.35152604906568,SO
2007af,215.588,-0.3938,0.00635,10.331,1,51344.0,NGC5584,47.17141507303036,2.2249999046325684,0.020999999716877937,0.0,83.9401824735648,1640.0,4.0,14.109999656677246,0.11999999731779099,41.68377078099997,126.22226228009761,126.22226228009761,SBc
2007le,354.702,-6.5226,0.00552,9.02452,0,72001.0,NGC7721,15.465109116970202,2.440999984741211,0.012000000104308128,0.0,138.02888796141912,2016.0,5.0,13.479999542236328,0.5199999809265137,76.64742885797187,141.86383871835713,141.86383871835713,Sc
1998dm,21.5582,-6.1039,0.00567,7.05776,0,5341.0,MCG-1-04-044,35.93719521610053,2.3580000400543213,0.008999999612569809,0.0,114.0171141156459,1959.0,4.0,14.529999732971191,0.7699999809265137,90.0,114.0171141156459,114.0171141156459,Sc
2014bv,186.129,75.5357,0.00548,10.4962,0,40378.0,NGC4386,43.75843233028572,,,,,,,,0.23999999463558197,56.58550530533143,,,SO
2019np,157.342,29.5106,0.0055,10.63,1,30895.0,NGC3254,73.14769716133334,2.565999984741211,0.02199999988079071,0.0,184.06448035422264,1366.0,5.0,13.609999656677246,0.3700000047683716,67.38364471362173,199.3980981908593,199.3980981908593,Sbc
1997br,200.177,-22.0367,0.00801,8.92838,0,46574.0,ESO576-40,55.956987052544974,2.177999973297119,0.027000000700354576,0.0,75.3303486776011,2086.0,4.0,14.449999809265137,0.6600000262260437,84.80750729478716,75.6407582757636,75.6407582757636,SBcd
2011iv,54.714,-35.5922,0.00594,7.0,0,13433.0,NGC1404,6.531186722158627,2.4149999618530273,0.019999999552965164,0.0,130.00796673879876,1900.0,21.0,,0.10000000149011612,38.31727915996693,209.6849675974606,209.6849675974606,E
1995al,147.733,33.5526,0.00592,10.296,1,28357.0,NGC3021,22.67971781131429,2.3570001125335693,0.057999998331069946,0.0,113.75490101455571,1539.0,4.0,14.789999961853027,0.23000000417232513,55.57973309955202,137.89916960532213,137.89916960532213,Sbc
1996X,199.505,-26.8459,0.00812,9.77381,0,46330.0,NGC5061,63.94042226944679,,,,,,,,0.14000000059604645,44.71307114039239,,,E
2017erp,227.312,-11.3342,0.00727,10.591,1,54097.0,NGC5861,47.643513724270406,2.4719998836517334,0.03799999877810478,0.0,148.24152976204147,1856.0,5.0,13.850000381469727,0.3499999940395355,65.94311571372272,162.3423968434049,162.3423968434049,SBc
1992G,159.077,37.3212,0.00611,10.0995,0,31428.0,NGC3294,32.97730128448411,2.5420000553131104,0.05000000074505806,1.0,174.168679700675,1589.0,6.0,14.630000114440918,0.2800000011920929,60.31645361613234,200.4764506539892,200.4764506539892,Sc
2005cf,230.384,-7.4132,0.00703,9.184,1,,,,,,,,,,,,,,,
2002fk,50.5238,-15.4009,0.00668,9.89,1,12626.0,NGC1309,11.884864323962322,2.069999933242798,0.06300000101327896,0.0,58.74486871705889,2137.0,4.0,14.0600004196167,0.029999999329447746,21.507541089430337,160.23206239554813,160.23206239554813,Sbc
2003du,218.649,59.3344,0.00664,9.345,1,52091.0,UGC9391,21.57766437761506,2.003999948501587,0.020999999716877937,0.0,50.46263832000054,1918.0,9.0,15.359999656677246,0.11999999731779099,41.68377078099997,75.8815168334755,75.8815168334755,SBd
2008Q,21.2385,9.5504,0.00722,10.553,0,,,,,,,,,,,,,,,
2003kf,91.1476,-12.6286,0.00769,8.21817,0,18373.0,MCG-2-16-002,14.781786089645625,2.3350000381469727,0.03200000151991844,0.0,108.135935684649,2231.0,6.0,13.989999771118164,0.699999988079071,90.0,108.135935684649,108.135935684649,Sb
1998dh,348.668,4.5373,0.00769,10.935,1,70795.0,NGC7541,54.871927248714066,2.5969998836517334,0.032999999821186066,0.0,197.68325707435957,2679.0,4.0,13.65999984741211,0.47999998927116394,74.37436461439302,205.26957944563188,205.26957944563188,SBc
2012hr,95.4103,-59.7141,0.00788,10.1223,0,18880.0,ESO121-26,94.27530959906038,2.4509999752044678,0.027000000700354576,0.0,141.24399068162575,2220.0,6.0,13.760000228881836,0.14000000059604645,44.71307114039239,200.75704219056115,200.75704219056115,SBbc
2009ig,39.5484,-1.3125,0.00801,9.906,1,9988.0,NGC1015,23.065723487460883,2.1510000228881836,0.017000000923871994,0.0,70.78969272861168,2631.0,12.0,14.579999923706055,0.05999999865889549,30.09793122596416,141.16168833740892,141.16168833740892,SBa
1996Z,144.187,-21.1476,0.00867,7.0,0,27351.0,NGC2935,69.48704627483615,2.4079999923706055,0.00800000037997961,0.0,127.92929209790616,2277.0,5.0,13.5,0.11999999731779099,41.68377078099997,192.36942528180057,192.36942528180057,SBb
1995D,145.228,5.1406,0.0078,10.5795,0,27635.0,NGC2962,91.47975513741379,2.5840001106262207,0.028999999165534973,0.0,191.8536716163065,1970.0,8.0,16.170000076293945,0.25999999046325684,58.50598699409827,224.996893715782,224.996893715782,SO-a
1991M,239.645,17.458,0.00758,7.68875,0,56537.0,IC1151,70.65861589363095,2.319999933242798,0.012000000104308128,0.0,104.46479048498547,2169.0,5.0,14.850000381469727,0.4300000071525574,71.3632317815232,110.24568501340576,110.24568501340576,SBc
2013gh,330.591,-18.9168,0.00775,9.71043,0,67892.0,NGC7183,2.819645367662669,2.5920000076293945,0.029999999329447746,0.0,195.42045132921658,2635.0,12.0,14.739999771118164,0.5400000214576721,77.75607791985365,199.96902501797842,199.96902501797842,SO-a
2001bg,128.829,28.4683,0.00796,10.449,1,24111.0,NGC2608,33.19298721119908,2.2720000743865967,0.08299999684095383,0.0,93.53412303895061,2157.0,8.0,15.989999771118164,0.25,57.560316007187964,110.82811956216703,110.82811956216703,SBb
2005W,27.6906,21.7599,0.00861,10.827,1,6793.0,NGC691,59.18272720989478,2.4700000286102295,0.02199999988079071,0.0,147.56047105423212,2663.0,4.0,15.029999732971191,0.1599999964237213,47.47215110988318,200.23162513634597,200.23162513634597,Sbc
ASASSN-15so,168.546,48.3187,0.00773,10.95,1,34232.0,NGC3583,3.4398255769403954,2.493000030517578,0.017999999225139618,0.0,155.58582778821088,2139.0,5.0,14.289999961853027,0.23000000417232513,55.57973309955202,188.60863367641275,188.60863367641275,SBb
PSNJ0717457,109.44,23.3446,0.00812,9.38921,0,20592.0,NGC2357,84.61036343151284,2.492000102996826,0.014000000432133675,0.0,155.22801622012778,2268.0,5.0,13.970000267028809,0.8399999737739563,90.0,155.22801622012778,155.22801622012778,Sc
2005am,139.052,-16.3044,0.00841,11.3117,0,26151.0,NGC2811,36.60034972506602,2.382999897003174,0.02800000086426735,0.0,120.77301307984186,2368.0,8.0,17.459999084472656,0.4699999988079071,73.78967007356067,125.77333705192896,125.77333705192896,SBa
1997bp,191.724,-11.6425,0.00931,9.75,1,43118.0,NGC4680,26.22517874105428,2.4079999923706055,0.03799999877810478,0.0,127.92929209790616,2492.0,9.0,16.420000076293945,0.2199999988079071,54.54099080577416,157.0588841083254,157.0588841083254,Sa
2019ein,208.371,40.2754,0.00837,7.0,0,49356.0,NGC5353,46.4244935353541,2.427999973297119,0.03099999949336052,0.0,133.95840800443082,2307.0,12.0,14.550000190734863,0.2800000011920929,60.31645361613234,154.19251163952612,154.19251163952612,
2002er,257.875,7.9958,0.00853,9.82908,0,59782.0,UGC10743,12.954319742840147,2.325000047683716,0.06499999761581421,0.0,105.67446359444537,2569.0,5.0,16.350000381469727,0.38999998569488525,68.76309351277135,113.37358786530922,113.37358786530922,Sa
2006D,193.141,-9.7752,0.00966,9.554,1,43690.0,MCG-1-33-034,13.938737388988896,,,,,,,,0.20999999344348907,53.46706408792203,,,Sab
2013cs,198.812,-17.9654,0.01029,9.413,0,46097.0,ESO576-17,30.04802156560204,1.5479999780654907,0.07400000095367432,0.0,17.659157597703103,2775.0,7.0,16.059999465942383,0.05999999865889549,30.09793122596416,35.21411670290549,35.21411670290549,SBcd
1999cp,211.63,-5.4469,0.00998,10.441,1,50323.0,NGC5468,57.38149178946258,2.0239999294281006,0.027000000700354576,0.0,52.84086687415742,2844.0,5.0,14.0,0.029999999329447746,21.507541089430337,144.1283513423901,144.1283513423901,SBc
2002cr,211.657,-5.4394,0.00998,10.426,1,50323.0,NGC5468,67.18716841792222,2.0239999294281006,0.027000000700354576,0.0,52.84086687415742,2844.0,5.0,14.0,0.029999999329447746,21.507541089430337,144.1283513423901,144.1283513423901,SBc
2002dj,198.251,-19.519,0.01051,11.1654,0,45908.0,NGC5018,12.9139459499867,2.1700000762939453,0.050999999046325684,0.0,73.95543240040418,2850.0,18.0,16.639999389648438,0.1599999964237213,47.47215110988318,100.35354530517674,100.35354530517674,E
1998es,24.3233,5.8807,0.00957,9.78837,0,6007.0,NGC632,14.585431087218414,2.246999979019165,0.04899999871850014,0.0,88.30188676843004,3159.0,8.0,15.949999809265137,0.07000000029802322,32.395916947825754,164.81408644353132,164.81408644353132,SO
PTF10icb,193.705,58.8819,0.009,8.8903,0,43983.0,MCG10-19-001,9.074447641483264,,,,,,,,0.25,57.560316007187964,,,
2009Y,220.599,-17.2468,0.0105,10.636,1,52521.0,NGC5728,24.782865048246162,2.566999912261963,0.04100000113248825,0.0,184.48876201385906,2786.0,8.0,15.039999961853027,0.23000000417232513,55.57973309955202,223.64616255056765,223.64616255056765,SBa
2013E,150.023,-34.2337,0.01042,10.5748,0,28915.0,IC2532,20.322214446258783,1.9539999961853027,0.03500000014901161,0.0,44.97487868145749,2822.0,8.0,16.989999771118164,0.20999999344348907,53.46706408792203,55.97268238384195,55.97268238384195,SBa
1999ac,241.812,7.9723,0.00979,9.83179,0,57205.0,NGC6063,36.38637657147234,2.378000020980835,0.017000000923871994,0.0,119.39056991343601,2847.0,5.0,15.289999961853027,0.2800000011920929,60.31645361613234,137.424235740531,137.424235740531,Sc
2009an,185.697,65.8512,0.00921,10.5117,0,40133.0,NGC4332,29.220924010058035,,,,,,,,0.12999999523162842,43.235793359656256,,,SBa
2006bh,340.067,-66.4851,0.01042,10.501,1,69453.0,NGC7329,113.5238283354908,2.5390000343322754,0.009999999776482582,0.0,172.96970258683183,3249.0,8.0,14.220000267028809,0.14000000059604645,44.71307114039239,245.85035945483753,245.85035945483753,SBbc
2004S,101.431,-31.2312,0.0098,7.0,0,19558.0,ESO427-6,47.51612778835102,,,,,,,,0.46000000834465027,73.19691204138745,,,Sbc
2021hpr,154.161,73.4005,0.00958,6.952,1,,,,,,,,,,,,,,,
2002dp,352.127,22.4289,0.01049,10.53,1,71534.0,NGC7678,50.184077156171014,2.4260001182556152,0.03400000184774399,0.0,133.34296953450848,3488.0,4.0,14.930000305175781,0.14000000059604645,44.71307114039239,189.52693159877168,189.52693159877168,SBc
1997do,111.677,47.0933,0.01048,9.594,0,21020.0,UGC3845,6.325693637793205,2.259000062942505,0.02800000086426735,0.0,90.77579629483496,3033.0,5.0,15.619999885559082,0.1599999964237213,47.47215110988318,123.1778747065703,123.1778747065703,SBbc
1997bq,154.272,73.3839,0.00993,12.588,1,,,,,,,,,,,,,,,
2008fv_comb,154.239,73.4101,0.00993,8.37261,1,30019.0,NGC3147,69.92438487397004,2.5320000648498535,0.03999999910593033,0.0,170.20412026577026,2818.0,8.0,14.270000457763672,0.05999999865889549,30.09793122596416,339.4039450179533,339.4039450179533,Sbc
ASASSN-16jf,339.247,-25.232,0.0104,8.01649,0,69323.0,ESO534-4,55.71965541881071,1.6100000143051147,0.057999998331069946,0.0,20.36901456113538,3443.0,9.0,15.460000038146973,0.18000000715255737,50.00806395299904,26.5867205358719,26.5867205358719,SBd
iPTF13ebh,35.4999,33.2705,0.01238,11.5,0,8997.0,NGC890,20.276577620487213,,,,,,,,0.20000000298023224,52.35549301228906,,,E-SO
2010ko,83.206,-14.0961,0.01096,7.25539,0,,,,,,,,,,,,,,,
2013ex,83.1942,-14.0459,0.01096,8.72661,0,17422.0,NGC1954,65.84771825962689,2.625,0.019999999552965164,0.0,210.84825171429114,3127.0,5.0,13.75,0.2800000011920929,60.31645361613234,242.6963860719681,242.6963860719681,Sbc
2009ab,64.1516,2.7642,0.01189,9.3236,0,14779.0,UGC2998,37.175287490537805,1.8910000324249268,0.061000000685453415,0.0,38.90183045644561,3349.0,6.0,16.6200008392334,0.05000000074505806,27.571955431350222,84.04624455480254,84.04624455480254,SBb
2011ao,178.463,33.3629,0.01168,7.12388,0,37308.0,IC2973,10.697364161352242,2.2239999771118164,0.014999999664723873,0.0,83.74713938768082,3206.0,7.0,15.34000015258789,0.23999999463558197,56.58550530533143,100.33099192994491,100.33099192994491,SBcd
2001cz,191.876,-39.58,0.01275,7.0,0,43170.0,NGC4679,31.071047616709304,2.5840001106262207,0.014000000432133675,0.0,191.8536716163065,4648.0,5.0,14.470000267028809,0.41999998688697815,70.73122586849632,203.2389251927754,203.2389251927754,SBc
2009kk,57.4345,-3.2644,0.01244,9.51953,0,145795.0,,21.61008098089538,,,,,,,,0.699999988079071,90.0,,,
2010Y,162.766,65.7797,0.01142,10.1182,0,32512.0,NGC3392,24.472359918990797,,,,,,,,0.14000000059604645,44.71307114039239,,,E
2008R,45.9738,-11.9943,0.0126,11.0466,0,11545.0,NGC1200,12.185762183783684,,,,,,,,0.18000000715255737,50.00806395299904,,,E-SO
2002ha,311.827,0.3127,0.0122,10.6057,0,65375.0,NGC6962,29.950098497345547,2.6010000705718994,0.09700000286102295,0.0,199.51248360140877,4219.0,9.0,14.380000114440918,0.12999999523162842,43.235793359656256,291.2580933927144,291.2580933927144,
2009kq,129.063,28.0671,0.01247,7.75299,0,24178.0,MCG5-21-001,25.70221002170393,1.7660000324249268,0.039000000804662704,0.0,29.17225739172153,3507.0,8.0,17.100000381469727,0.18000000715255737,50.00806395299904,38.077181021514846,38.077181021514846,SBc
2001bt,288.445,-59.2897,0.01407,10.7524,0,62934.0,IC4830,33.75109479693786,2.5980000495910645,0.007000000216066837,0.0,198.13903975274891,4388.0,6.0,,0.12999999523162842,43.235793359656256,289.25307280692584,289.25307280692584,SBbc
2001ep,74.2511,-4.7612,0.01306,9.88173,0,16390.0,NGC1699,16.82599179838381,,,,,,,,0.18000000715255737,50.00806395299904,,,Sb
2013gy,55.5703,-4.7218,0.01309,10.4638,0,13606.0,NGC1418,35.46388021636296,2.5309998989105225,0.05999999865889549,0.0,169.81259676840983,4218.0,25.0,16.1200008392334,0.23999999463558197,56.58550530533143,203.43938193643572,203.43938193643572,SBb
AT2017cfd,130.204,73.4875,0.01222,10.6316,0,24397.0,IC511,21.69239498062719,,,,,,,,0.4300000071525574,71.3632317815232,,,SO-a
2017cfd,130.204,73.4875,0.01222,10.6316,0,24397.0,IC511,21.69239498062719,,,,,,,,0.4300000071525574,71.3632317815232,,,SO-a
1999dq,38.4987,20.9751,0.01334,10.854,1,9776.0,NGC976,8.12354602372582,2.4590001106262207,0.014999999664723873,0.0,143.8699573842388,4297.0,6.0,14.979999542236328,0.05999999865889549,30.09793122596416,286.89100492707445,286.89100492707445,Sbc
2007hj,345.449,15.5865,0.01288,10.8348,0,70290.0,NGC7461,17.400287353855813,,,,,,,,0.09000000357627869,36.47784060460967,,,SO
2008hv,136.892,3.3923,0.0136,10.5379,0,25646.0,NGC2765,39.33762067021814,,,,,,,,0.38999998569488525,68.76309351277135,,,SO
1997E,101.909,74.4975,0.01314,8.75604,0,,,,,,,,,,,,,,,
2007cv,159.439,-27.0825,0.01361,9.00235,0,31586.0,IC2597,31.00580590791971,2.4230000972747803,0.020999999716877937,0.0,132.42503659134945,3016.0,34.0,,0.17000000178813934,48.76560643100902,176.0925862660109,176.0925862660109,E
1992al,311.485,-51.3944,0.01434,10.0338,0,65335.0,ESO234-69,30.491894005057915,2.440000057220459,0.006000000052154064,0.0,137.71145331107633,4377.0,8.0,14.600000381469727,0.5799999833106995,79.95897499965817,139.8535673579833,139.8535673579833,SBc
1999dk,22.8622,14.2849,0.014,9.64099,0,5673.0,UGC1087,25.8670833299792,2.072999954223633,0.024000000208616257,0.0,59.1520715513941,4484.0,4.0,15.770000457763672,0.029999999329447746,21.507541089430337,161.34274578600903,161.34274578600903,Sc
ASASSN-16dn,162.206,-20.2639,0.01406,8.03684,0,844146.0,,12.961543118016175,,,,,,,,0.2199999988079071,54.54099080577416,,,
ASASSN-16la,37.3226,18.0879,0.01424,8.23133,0,,,,,,,,,,,,,,,
2005kc,338.531,5.5684,0.01386,10.6541,0,69172.0,NGC7311,12.344132209361044,2.6589999198913574,0.017000000923871994,0.0,228.01841591605896,4541.0,8.0,15.789999961853027,0.33000001311302185,64.43478676271998,252.76549830061373,252.76549830061373,Sab
2007ca,202.774,-15.1018,0.01509,9.44451,0,47514.0,MCG-2-34-061,31.095343702930332,2.3499999046325684,0.007000000216066837,0.0,111.93603234819888,4238.0,4.0,,0.6499999761581421,84.10727876348867,112.53065924070276,112.53065924070276,Sc
2006N,92.1302,64.7236,0.01416,9.70642,0,18467.0,MCG11-08-012,12.762444906848032,,,,,,,,0.20999999344348907,53.46706408792203,,,E-SO
2006td,29.5657,36.3494,0.01504,9.15931,0,74050.0,KUG0155+361,5.859692824720117,,,,,,,,0.05000000074505806,27.571955431350222,,,Sc
2013gq,124.473,23.4696,0.01457,10.8931,0,23256.0,NGC2554,11.5027648850032,2.638000011444092,0.054999999701976776,0.0,217.25511781067425,4130.0,8.0,16.799999237060547,0.18000000715255737,50.00806395299904,283.57292812983087,283.57292812983087,SO-a
2004eo,308.226,9.9285,0.0142,9.18868,0,64932.0,NGC6928,62.35198473180712,2.618000030517578,0.0560000017285347,0.0,207.4770358964513,4707.0,7.0,15.359999656677246,0.5799999833106995,79.95897499965817,210.7043598576651,210.7043598576651,SBab
2003gt,308.246,9.872,0.01422,7.0,0,64935.0,NGC6930,12.854960132192174,2.5369999408721924,0.04699999839067459,0.0,172.1749419405988,4694.0,25.0,14.989999771118164,0.47999998927116394,74.37436461439302,178.78235337820553,178.78235337820553,
2005bo,192.421,-11.0965,0.01503,7.89478,0,43382.0,NGC4708,15.072159765549793,2.2009999752044678,0.02800000086426735,0.0,79.42733289507873,4166.0,8.0,16.40999984741211,0.12999999523162842,43.235793359656256,115.95190999930847,115.95190999930847,SBab
2001fe,144.488,25.4948,0.01448,9.95617,0,27437.0,UGC5129,13.39546191815567,2.447999954223633,0.029999999329447746,0.0,140.2716671123928,4061.0,6.0,16.06999969482422,0.28999999165534973,61.18419211769342,160.0957231898504,160.0957231898504,Sa
2013fa,310.973,12.5144,0.01429,8.70972,0,65269.0,NGC6956,10.988430279225692,2.4719998836517334,0.029999999329447746,0.0,148.24152976204147,4650.0,8.0,14.800000190734863,0.09000000357627869,36.47784060460967,249.3500011621686,249.3500011621686,SBb
2000dm,274.746,16.2482,0.01472,7.0,0,61722.0,UGC11198,5.082361655806896,,,,,,,,0.6299999952316284,82.8302997375025,,,Sab
PSNJ2043531,310.972,12.5085,0.01449,7.58761,0,65269.0,NGC6956,10.554619841522673,2.4719998836517334,0.029999999329447746,0.0,148.24152976204147,4650.0,8.0,14.800000190734863,0.09000000357627869,36.47784060460967,249.3500011621686,249.3500011621686,SBb
2011df,291.89,54.3865,0.01402,9.78368,0,63229.0,NGC6801,59.408416911949004,2.4130001068115234,0.019999999552965164,0.0,129.41067758525196,4362.0,7.0,15.630000114440918,0.2800000011920929,60.31645361613234,148.95785719686157,148.95785719686157,Sc
2005el,77.953,5.1943,0.01483,8.06485,0,16899.0,NGC1819,46.602472037457424,2.433000087738037,0.028999999165534973,0.0,135.50960897077277,4477.0,8.0,16.209999084472656,0.1599999964237213,47.47215110988318,183.87925324415937,183.87925324415937,SO
2001cn,281.574,-65.7616,0.01509,10.0603,0,62381.0,IC4758,21.1039711903372,,,,,,,,0.23999999463558197,56.58550530533143,,,Sc
2005de,270.597,26.0521,0.01495,7.0,0,61310.0,UGC11097,33.13477931113282,2.447000026702881,0.02800000086426735,0.0,139.94907458657843,4594.0,9.0,15.619999885559082,0.5099999904632568,76.0874474873425,144.17872643472407,144.17872643472407,Sb
SN2017jl,14.3829,30.1852,0.01529,8.7366,0,1893657.0,,6.362546659955979,,,,,,,,0.23000000417232513,55.57973309955202,,,
ASASSN-16ad,24.8836,33.8268,0.01522,8.61292,0,6137.0,CGCG521-62,16.280110564741246,2.1679999828338623,0.027000000700354576,0.0,73.61562221186853,4837.0,6.0,16.8700008392334,0.23000000417232513,55.57973309955202,89.24040267677626,89.24040267677626,Sbc
ATLAS16cxr,272.027,25.4088,0.01518,7.98113,0,,,,,,,,,,,,,,,
iPTF16auf,217.788,27.236,0.01566,9.05163,0,51877.0,MCG5-34-061,5.408326913205254,2.059999942779541,0.06400000303983688,0.0,57.407673511097,4465.0,6.0,15.550000190734863,0.28999999165534973,61.18419211769342,65.52087956609097,65.52087956609097,Sb
2008bc,144.63,-63.9738,0.01572,9.92086,0,90108.0,RKK1524,43.65538225680256,,,,,,,,0.12999999523162842,43.235793359656256,,,Sc
2011im,341.105,-0.1672,0.01493,10.5259,0,69630.0,NGC7364,21.566789283633508,2.5399999618530273,0.020999999716877937,0.0,173.3684099981647,4850.0,6.0,15.149999618530273,0.17000000178813934,48.76560643100902,230.53715882754182,230.53715882754182,SO-a
1999ej,20.7391,33.4661,0.01534,10.0866,0,5037.0,NGC495,26.85775865558108,,,,,,,,0.15000000596046448,46.12309276496313,,,SO-a
2001en,21.3454,34.0251,0.01534,9.47732,0,5268.0,NGC523,31.44206100115726,2.6480000019073486,0.023000000044703484,0.0,222.31563471092738,4750.0,6.0,15.029999732971191,0.5099999904632568,76.0874474873425,229.03463401838636,229.03463401838636,
2001V,179.354,25.2025,0.01592,10.9081,0,37591.0,NGC3987,67.02842680546763,2.7130000591278076,0.017000000923871994,0.0,258.2082197902581,4501.0,5.0,15.170000076293945,0.6399999856948853,83.45284089474015,259.90321927221294,259.90321927221294,Sb
2008ec,345.819,8.8722,0.01506,10.6407,0,70348.0,NGC7469,19.626675724877924,2.5309998989105225,0.028999999165534973,0.0,169.81259676840983,4916.0,6.0,16.309999465942383,0.07999999821186066,34.51186683094512,299.71675972661376,299.71675972661376,SBa
2008eo,10.4668,32.9903,0.01539,9.01416,0,2504.0,UGC442,7.000485697441819,2.2829999923706055,0.01600000075995922,0.0,95.93343534822013,4929.0,4.0,15.819999694824219,0.25999999046325684,58.50598699409827,112.5061864857151,112.5061864857151,Scd
2009nq,348.821,19.0229,0.01527,10.1323,0,70832.0,NGC7549,69.60139079070882,2.371000051498413,0.06700000166893005,0.0,117.48165497332789,4685.0,5.0,16.309999465942383,0.4399999976158142,71.98438585328682,123.53846573804722,123.53846573804722,SBc
2005al,207.501,-30.5762,0.01629,10.2599,0,49090.0,NGC5304,22.169853404889192,,,,,,,,0.14000000059604645,44.71307114039239,,,E-SO
2013hn,207.247,-30.2907,0.01629,11.5,0,49025.0,IC4329,92.81961215162256,,,,,,,,0.25,57.560316007187964,,,E-SO
2001bf,270.392,26.2506,0.01556,10.1288,0,61289.0,MCG4-42-022,10.644510322250536,,,,,,,,,,,,E-SO
ASASSN-15oh,337.675,39.2932,0.01579,10.1993,0,69028.0,MCG6-49-027,16.35574516815609,,,,,,,,0.10000000149011612,38.31727915996693,,,
1994S,187.841,29.1344,0.01619,10.2053,0,41438.0,NGC4495,16.551302063555937,2.5290000438690186,0.019999999552965164,0.0,169.03243517731931,4550.0,6.0,14.5600004196167,0.3499999940395355,65.94311571372272,185.11095180285997,185.11095180285997,Sab
1999aa,126.925,21.4874,0.01579,10.8086,0,23725.0,NGC2595,29.640000000011923,2.5169999599456787,0.04399999976158142,0.0,164.42580027324868,4312.0,6.0,14.770000457763672,0.14000000059604645,44.71307114039239,233.70649019029415,233.70649019029415,SBc
2002cs,281.75,45.7055,0.01538,7.0,0,62395.0,NGC6702,33.07325203259495,,,,,,,,0.05999999865889549,30.09793122596416,,,E
iPTF14bdn,202.687,32.7618,0.01636,7.76651,0,47490.0,UGC8503,5.768049930385166,,,,,,,,0.18000000715255737,50.00806395299904,,,Irr
2007ss,190.275,50.3913,0.01619,10.31,0,42530.0,NGC4617,8.454135082925903,2.6459999084472656,0.02800000086426735,0.0,221.29413953074194,4655.0,8.0,14.739999771118164,0.7300000190734863,90.0,221.29413953074194,221.29413953074194,Sb
2010kg,70.035,7.35,0.01595,10.2421,0,15774.0,NGC1633,11.236102527113415,2.1570000648498535,0.019999999552965164,0.0,71.77448238521322,4989.0,10.0,16.15999984741211,0.07999999821186066,34.51186683094512,126.68091590925424,126.68091590925424,
2013fw,318.437,13.576,0.0157,9.7636,0,66378.0,NGC7042,14.546477236530105,2.4790000915527344,0.02199999988079071,0.0,150.6503329675923,5082.0,8.0,15.869999885559082,0.05999999865889549,30.09793122596416,300.41174824456976,300.41174824456976,Sb
2013Q,356.783,29.4865,0.01612,7.0,0,72387.0,NGC7753,46.71241804918377,2.5179998874664307,0.02500000037252903,0.0,164.80481338481007,5168.0,5.0,14.34000015258789,0.47999998927116394,74.37436461439302,171.12938766175174,171.12938766175174,
iPTF13dge,75.8962,1.5715,0.01581,10.6697,0,16654.0,NGC1762,29.221608443048854,2.5840001106262207,0.024000000208616257,0.0,191.8536716163065,4633.0,6.0,15.739999771118164,0.1899999976158142,51.20352326028178,246.1630198943402,246.1630198943402,Sc
2007fs,330.418,-21.5082,0.01633,10.4452,0,67855.0,ESO601-5,36.343780761079664,2.4660000801086426,0.014999999664723873,0.0,146.20764586118307,5154.0,6.0,15.430000305175781,0.7200000286102295,90.0,146.20764586118307,146.20764586118307,Sbc
SN2016gfr,274.898,23.7862,0.0163,9.56317,0,1693718.0,,4.564252403027178,,,,,,,,0.18000000715255737,50.00806395299904,,,
ASASSN-16ip,36.8407,-23.9287,0.01632,9.75333,0,9338.0,ESO479-7,2.0056919005544094,,,,,,,,0.09000000357627869,36.47784060460967,,,SO-a
2007A,6.3194,12.8868,0.01646,10.123,1,1583.0,NGC105,11.100720697322522,,,,,,,,0.17000000178813934,48.76560643100902,,,
PSNJ0107203,16.8346,32.3997,0.01601,11.0223,0,3981.0,NGC382,57.72486465986513,,,,,,,,0.029999999329447746,21.507541089430337,,,
1998ef,15.862,32.2368,0.0161,10.3088,0,3773.0,UGC646,9.057615580281835,2.555999994277954,0.028999999165534973,0.0,179.8746652079329,5298.0,8.0,17.520000457763672,0.38999998569488525,68.76309351277135,192.979793481219,192.979793481219,SBb
ASASSN-15ti,46.2858,37.9,0.01671,8.44463,0,,,,,,,,,,,,,,,
ASASSN-15od,35.8049,-4.5172,0.01678,9.51783,0,9069.0,MCG-1-07-004,2.0750903594647507,,,,,,,,0.20999999344348907,53.46706408792203,,,SBc
1996bv,94.0542,57.0525,0.01673,10.0622,0,18747.0,UGC3432,10.804832252228357,2.421999931335449,0.019999999552965164,0.0,132.12041697706886,4997.0,7.0,15.710000038146973,0.47999998927116394,74.37436461439302,137.1906899473181,137.1906899473181,Sc
1997Y,191.381,54.7381,0.01661,10.0796,0,42998.0,NGC4675,5.815977991679834,2.5230000019073486,0.028999999165534973,0.0,166.71320711379397,4793.0,9.0,16.010000228881836,0.5,75.52248781407008,172.1806599318805,172.1806599318805,SBb
2001da,358.387,8.1174,0.01658,10.1168,0,72775.0,NGC7780,13.409310198543437,,,,,,,,0.30000001192092896,62.028717999378486,,,SBab
ASASSN-15kx,334.049,37.4738,0.01697,10.5578,0,68459.0,MCG6-49-001,3.1292810676126197,,,,,,,,0.36000001430511475,66.67142237937365,,,
2000dk,16.848,32.4064,0.01649,10.0012,0,3981.0,NGC382,10.792664175249307,,,,,,,,0.029999999329447746,21.507541089430337,,,
2007fb,359.218,5.5088,0.0168,9.6287,0,72995.0,UGC12859,9.441525300630179,2.510999917984009,0.02199999988079071,0.0,162.16977804910394,5401.0,5.0,16.15999984741211,0.4399999976158142,71.98438585328682,170.5305017520766,170.5305017520766,Sbc
2006ef,31.0813,-8.7284,0.01694,7.8489,0,7889.0,NGC809,27.346846253261518,,,,,,,,0.11999999731779099,41.68377078099997,,,SO
2008C,104.298,20.4371,0.01709,10.0322,0,19913.0,UGC3611,1.2781236246326637,2.5820000171661377,0.026000000536441803,0.0,190.97214296848216,4983.0,11.0,16.459999084472656,0.36000001430511475,66.67142237937365,207.97425016450268,207.97425016450268,SO-a
2004fz,30.2767,31.8789,0.01646,7.0,0,7657.0,NGC783,17.00870365429135,1.781999945640564,0.06700000166893005,0.0,30.26703994925398,5189.0,5.0,15.3100004196167,0.20999999344348907,53.46706408792203,37.66830424997041,37.66830424997041,Sc
2006ax,171.014,-12.2914,0.01774,10.997,0,35006.0,NGC3663,56.028578422217386,2.5,0.03799999877810478,0.0,158.11388300841898,5040.0,9.0,15.289999961853027,0.14000000059604645,44.71307114039239,224.73505123191026,224.73505123191026,Sbc
1998V,275.656,15.7021,0.01718,10.5657,0,61792.0,NGC6627,27.045029117994165,1.899999976158142,0.06199999898672104,0.0,39.71640955586627,5268.0,8.0,15.829999923706055,0.05000000074505806,27.571955431350222,85.80611840638878,85.80611840638878,SBb
2013gs,142.787,46.3848,0.01748,9.13025,0,27016.0,UGC5066,16.359657698156276,,,,,,,,0.30000001192092896,62.028717999378486,,,SBbc
2008L,49.3194,41.3827,0.01734,10.7703,0,12208.0,NGC1259,11.50234758645643,,,,,,,,0.15000000596046448,46.12309276496313,,,
2009le,32.3214,-23.4124,0.01739,10.7233,0,8223.0,ESO478-6,21.392082647545212,2.552999973297119,0.03400000184774399,0.0,178.63640809238748,5334.0,6.0,15.079999923706055,0.20999999344348907,53.46706408792203,222.3187527233492,222.3187527233492,Sbc
2000dr,15.4335,-15.5692,0.01765,7.0,0,3681.0,IC1610,23.896953780771526,,,,,,,,0.09000000357627869,36.47784060460967,,,SO-a
2007as,141.9,-80.1776,0.01791,10.2193,0,26840.0,ESO18-18,94.80833085739168,,,,,,,,0.10000000149011612,38.31727915996693,,,Sbc
1992bo,20.4925,-34.212,0.01805,10.4023,0,4972.0,ESO352-57,81.97493519364443,,,,,,,,0.3700000047683716,67.38364471362173,,,SO
2010ai,194.85,27.9964,0.01918,9.114,0,126792.0,,13.820694627872621,,,,,,,,0.10000000149011612,38.31727915996693,,,
ASASSN-17co,272.336,18.2983,0.01791,10.9028,0,61466.0,UGC11128,3.0173498304894455,,,,,,,,0.6899999976158142,87.59749691205899,,,Sab
PS15coh,33.9935,12.2372,0.01796,8.09212,0,,,,,,,,,,,,,,,
2009gf,213.905,14.2802,0.01925,10.9824,0,50946.0,NGC5525,33.79346682409647,,,,,,,,0.25999999046325684,58.50598699409827,,,SO
2016ffh,227.956,46.251,0.01851,10.1899,0,54242.0,MCG8-28-006,19.5133287781435,,,,,,,,0.23000000417232513,55.57973309955202,,,Sb
ATLAS16cpu,227.956,46.251,0.01851,10.0079,0,54242.0,MCG8-28-006,19.5133287781435,,,,,,,,0.23000000417232513,55.57973309955202,,,Sb
2000cu,291.087,-25.9846,0.01902,7.0,0,772902.0,,13.423620972031486,,,,,,,,0.18000000715255737,50.00806395299904,,,
2011fs,334.331,35.5806,0.01822,10.877,0,68500.0,UGC11975,34.38190803312205,2.4010000228881836,0.054999999701976776,0.0,125.8838530222722,6305.0,10.0,15.649999618530273,0.11999999731779099,41.68377078099997,189.29366418771505,189.29366418771505,
ASASSN-16cs,102.653,31.1124,0.01839,9.10557,0,97185.0,(IRAS06474+3110),15.595499350761528,,,,,,,,,,,,
2006kf,55.4603,8.1569,0.01955,11.0165,0,13580.0,UGC2829,12.882235830792956,,,,,,,,0.5699999928474426,79.4067649734536,,,SO
2008hs,36.3734,41.8431,0.01835,11.0508,0,9201.0,NGC910,77.78330926362837,,,,,,,,0.05999999865889549,30.09793122596416,,,
2007au,107.942,49.8537,0.01992,9.23827,0,20364.0,UGC3725,68.01722134869942,,,,,,,,0.25999999046325684,58.50598699409827,,,E-SO
2016W,37.6655,42.236,0.01855,8.45606,0,9556.0,NGC946,22.94776677588779,,,,,,,,0.2199999988079071,54.54099080577416,,,SO
2002kf,99.3138,49.8528,0.01948,9.26363,0,19325.0,CGCG233-23,23.131770360242598,,,,,,,,0.1599999964237213,47.47215110988318,,,
1992bc,46.3169,-39.5596,0.01976,9.61338,0,11606.0,ESO300-9,6.944724616548862,,,,,,,,0.4699999988079071,73.78967007356067,,,Sbc
2009ds,177.267,-9.7291,0.02033,10.9264,0,36909.0,NGC3905,12.362346055612354,2.3440001010894775,0.050999999046325684,0.0,110.40026234849356,5758.0,9.0,15.529999732971191,0.1599999964237213,47.47215110988318,149.80721996606698,149.80721996606698,SBc
2006ej,9.749,-9.0157,0.01926,10.1949,0,2332.0,IC1563,8.116674195746777,,,,,,,,0.33000001311302185,64.43478676271998,,,SO
2002jy,20.3178,40.4987,0.0187,10.719,0,4915.0,NGC477,72.52026475407611,2.4839999675750732,0.02199999988079071,0.0,152.39473810343188,5859.0,6.0,14.970000267028809,0.36000001430511475,66.67142237937365,165.96232776896568,165.96232776896568,SBc
2016hpw,317.283,-18.1039,0.02019,7.0,0,872727.0,,8.727634272996227,,,,,,,,0.18000000715255737,50.00806395299904,,,
ATLAS16dqf,317.283,-18.1039,0.02019,7.75897,0,872727.0,,8.727634272996227,,,,,,,,0.18000000715255737,50.00806395299904,,,
2005ki,160.118,9.2023,0.02066,11.0605,0,31768.0,NGC3332,70.29024398875991,,,,,,,,0.05999999865889549,30.09793122596416,,,E-SO
ASASSN-15lg,198.887,3.5007,0.02121,9.66664,0,46129.0,CGCG44-42,2.7423347718249524,,,,,,,,0.4300000071525574,71.3632317815232,,,
2001dl,320.257,9.1807,0.01983,7.0,0,66604.0,UGC11725,8.52528005404742,2.4590001106262207,0.0820000022649765,0.0,143.8699573842388,6346.0,6.0,15.9399995803833,0.44999998807907104,72.59538156068751,150.7729110779915,150.7729110779915,Sd
PSNJ1602512,240.714,47.2248,0.02039,9.81701,0,56822.0,(UGC10156),24.601593444325953,,,,,,,,,,,,
2007st,27.177,-48.6494,0.02061,10.7947,0,6642.0,NGC692,7.2488343890677065,,,,,,,,0.11999999731779099,41.68377078099997,,,SBbc
ASASSN-17bs,268.026,21.566,0.02014,10.0832,0,61023.0,IC1269,13.407833531268265,1.9880000352859497,0.09300000220537186,0.0,48.6373651405806,6114.0,7.0,15.239999771118164,0.17000000178813934,48.76560643100902,64.67568095298257,64.67568095298257,Sbc
2010A,38.1644,0.6195,0.02079,9.92075,0,9680.0,UGC2019,6.626884637605156,2.3980000019073486,0.0820000022649765,0.0,125.01726863387647,6091.0,8.0,,0.15000000596046448,46.12309276496313,173.43503677262558,173.43503677262558,Sab
2003W,146.706,16.0438,0.02087,10.9327,0,28081.0,UGC5234,3.7884561499311125,2.500999927520752,0.012000000104308128,0.0,158.47834670377873,6017.0,10.0,14.819999694824219,0.17000000178813934,48.76560643100902,210.7370528757923,210.7370528757923,Sc
2001br,277.607,34.1036,0.02046,7.0,0,61966.0,UGC11260,5.13824872908622,,,,,,,,0.18000000715255737,50.00806395299904,,,SBa
ASASSN-16lc,292.252,-51.971,0.02001,7.0,0,,,,,,,,,,,,,,,
AT2016eoa,5.3461,22.4354,0.01993,10.2163,0,1371.0,NGC83,8.255616270159098,,,,,,,,0.05000000074505806,27.571955431350222,,,E
ASASSN-16lg,267.051,17.6256,0.02093,10.4449,0,60884.0,MCG3-45-025,2.241785003100194,,,,,,,,0.05000000074505806,27.571955431350222,,,Sb
2004bw,225.945,-3.3046,0.02207,7.0,0,53750.0,MCG0-38-019,24.07329640907345,2.365000009536743,0.019999999552965164,0.0,115.86973504282626,6355.0,8.0,15.199999809265137,0.07000000029802322,32.395916947825754,216.26904278522215,216.26904278522215,SBc
2008Z,145.814,36.2844,0.02146,7.0,0,2078048.0,,5.194766597253797,,,,,,,,0.5099999904632568,76.0874474873425,,,
2007bc,169.811,20.809,0.02187,10.5792,0,34630.0,UGC6332,34.61459229857829,,,,,,,,0.05999999865889549,30.09793122596416,,,SBa
SN2016ajf,49.9771,41.565,0.01978,11.5,0,12438.0,NGC1278,8.527813318812306,,,,,,,,0.05000000074505806,27.571955431350222,,,E
2009dc,237.801,25.7078,0.02179,10.4214,0,56206.0,UGC10064,25.528932605890763,,,,,,,,0.5199999809265137,76.64742885797187,,,SO
2018fop,18.8255,-6.859,0.02017,7.0,0,,,,,,,,,,,,,,,
ASASSN-15uv,126.784,27.8116,0.02104,9.45815,0,1818608.0,,2.8244645509867334,,,,,,,,0.3499999940395355,65.94311571372272,,,
ASASSN-18da,52.3194,-23.9786,0.02157,7.0,0,,,,,,,,,,,,,,,
2006et,10.6909,-23.5584,0.0214,10.1464,0,2559.0,NGC232,10.762676247108606,2.4779999256134033,0.06499999761581421,0.0,150.30378938715555,6675.0,11.0,16.850000381469727,0.11999999731779099,41.68377078099997,226.0143326671089,226.0143326671089,SBa
1999dg,227.868,13.4849,0.02263,7.0,0,54215.0,UGC9758,6.67604673445237,,,,,,,,0.0,0.0,,,SO
2001cp,257.761,5.8411,0.02245,11.1055,0,59769.0,UGC10738,58.9811122307428,2.739000082015991,0.014000000432133675,0.0,274.13853423115484,6722.0,6.0,15.800000190734863,0.6299999952316284,82.8302997375025,276.2989592888099,276.2989592888099,Sbc
1995ak,41.4535,3.2306,0.02193,10.0066,0,10448.0,IC1844,8.441895521739106,2.4690001010894775,0.017999999225139618,0.0,147.22111595816983,6811.0,6.0,,0.4099999964237213,70.08767526333723,156.58241320121905,156.58241320121905,Sbc
2009na,161.756,26.5439,0.02209,9.88571,0,32206.0,UGC5884,19.142925586193517,2.4119999408721924,0.04699999839067459,0.0,129.11299195340683,6269.0,16.0,15.329999923706055,0.23000000417232513,55.57973309955202,156.51698710858378,156.51698710858378,SBb
ASASSN-18iu,269.418,50.0386,0.02202,7.0,0,2360876.0,,19.419618945776985,,,,,,,,0.07999999821186066,34.51186683094512,,,
ATLAS16dpb,44.3919,5.9782,0.02238,10.8735,0,11179.0,CGCG415-40,8.198536454777424,,,,,,,,,,,,SO
SNF20080514-002,202.303,11.2724,0.02292,7.0,0,47318.0,?NGC5162,18.78109687945511,,,,,,,,0.5299999713897705,77.20331779904653,,,SO
2006dm,355.449,-3.669,0.02161,11.0056,0,72139.0,MCG-1-60-021,9.985990186298118,1.9639999866485596,0.12300000339746475,0.0,46.02247717279746,6601.0,8.0,16.860000610351562,0.6299999952316284,82.8302997375025,46.38517011991752,46.38517011991752,
2008ia,132.647,-61.2779,0.02257,10.7732,0,24848.0,ESO125-6,1.324235628516566,,,,,,,,0.07000000029802322,32.395916947825754,,,SO
2004bg,170.256,21.3398,0.02214,8.84045,0,34763.0,UGC6363,21.251785807407867,2.443000078201294,0.06800000369548798,0.0,138.66603020150706,6306.0,10.0,15.229999542236328,0.6399999856948853,83.45284089474015,139.57629885812537,139.57629885812537,Sc
2002cu,272.71,31.109,0.02217,7.0,0,61506.0,NGC6575,106.38331636117385,,,,,,,,0.14000000059604645,44.71307114039239,,,E
2006cp,184.812,22.4273,0.02334,8.32354,0,39640.0,UGC7357,25.40016535389788,1.6030000448226929,0.07699999958276749,0.0,20.04333794999915,6681.0,6.0,16.09000015258789,0.12999999523162842,43.235793359656256,29.26024623203762,29.26024623203762,SBc
2000fa,108.874,23.4284,0.02181,8.26184,0,20513.0,UGC3770,10.150251228436696,2.4790000915527344,0.028999999165534973,0.0,150.6503329675923,6378.0,5.0,15.3100004196167,0.4000000059604645,69.43187188696385,160.90735464865432,160.90735464865432,Irr
ASASSN-16bn,47.6437,4.2697,0.02253,7.0,0,3092121.0,NPM1G+04.0107,43.89474683834822,,,,,,,,,,,,
ASASSN-17aj,173.294,-10.2218,0.02253,7.0,0,35664.0,MCG-2-30-003,24.52733984760234,2.4809999465942383,0.02800000086426735,0.0,151.34565279389082,6413.0,7.0,16.5,0.6000000238418579,81.07702271650687,153.1997151283844,153.1997151283844,Sb
AT2017cfb,208.528,9.4128,0.02382,8.97146,0,49394.0,CGCG73-94,31.20010256394654,,,,,,,,0.11999999731779099,41.68377078099997,,,
2006bq,279.995,39.9824,0.02226,11.2189,0,62220.0,!NGC6685,3.9961981934250885,,,,,,,,0.12999999523162842,43.235793359656256,,,E-SO
2002ef,357.873,-13.3796,0.02224,7.0,0,72641.0,NGC7761,13.114633048750662,,,,,,,,0.05999999865889549,30.09793122596416,,,SO
2010cr,202.354,11.7962,0.02368,10.1282,0,47337.0,NGC5177,10.256334628094116,,,,,,,,0.5699999928474426,79.4067649734536,,,
ASASSN-15il,239.284,-12.6733,0.02374,9.87434,0,3093568.0,NPM1G-12.0511,2.648471257232091,,,,,,,,,,,,
2000cn,269.418,27.8328,0.0226,10.7339,0,61173.0,UGC11064,11.793489729358141,2.303999900817871,0.01899999938905239,0.0,100.6861894988789,7030.0,10.0,15.930000305175781,0.0,0.0,,,Sc
2017hoq,79.8345,-17.6116,0.0235,7.0,0,,,,,,,,,,,,,,,
2009jb,260.925,30.4973,0.02324,7.79338,0,,,,,,,,,,,,,,,
2014ai,139.934,33.7637,0.02317,11.5,0,26371.0,NGC2830,100.26615780013407,2.617000102996826,0.009999999776482582,0.0,206.99988650173648,6106.0,5.0,16.43000030517578,0.1899999976158142,51.20352326028178,265.59677878336817,265.59677878336817,
ASASSN-14fa,43.0961,-31.8217,0.02262,9.74865,0,10872.0,ESO416-39,18.185323752958563,,,,,,,,0.10000000149011612,38.31727915996693,,,SO
2004at,164.688,59.4867,0.02287,7.0,0,33040.0,NGC3470,84.88053015858289,2.4089999198913574,0.017999999225139618,0.0,128.2241781740408,6548.0,8.0,15.399999618530273,0.3799999952316284,68.08060555469923,138.21580634361322,138.21580634361322,Sbc
PS15cku,21.0939,3.5876,0.02222,9.13095,0,3092255.0,NPM1G+03.0052,2.617479703859858,,,,,,,,,,,,
2007ci,176.441,19.7705,0.02295,10.8379,0,36670.0,NGC3873,12.808200498079906,,,,,,,,0.029999999329447746,21.507541089430337,,,E
2009al,162.842,8.5785,0.02328,10.7706,0,32555.0,NGC3425,66.60480463142771,,,,,,,,0.05000000074505806,27.571955431350222,,,SO
2009cz,138.75,29.7353,0.02315,10.5159,0,26089.0,NGC2789,18.63159681833537,2.555000066757202,0.026000000536441803,0.0,179.46099490819273,6348.0,8.0,16.860000610351562,0.05999999865889549,30.09793122596416,357.863073782104,357.863073782104,SO-a
ASASSN-15nr,261.674,13.9098,0.02309,9.88465,0,60296.0,CGCG82-31,5.407254386342495,,,,,,,,0.05999999865889549,30.09793122596416,,,Sab
2004bk,204.37,4.1031,0.02405,7.0,0,48128.0,NGC5246,10.72872779028214,,,,,,,,0.10999999940395355,40.0479631355386,,,SBb
2018enc,229.869,-9.8806,0.0245,7.0,0,985222.0,,7.729527799205767,,,,,,,,0.2800000011920929,60.31645361613234,,,
2007qe,358.554,27.4093,0.0228,8.34246,0,,,,,,,,,,,,,,,
ATLAS17bas,166.898,22.8514,0.02331,8.18544,0,33691.0,MCG4-26-033,3.3364052511940767,,,,,,,,0.12999999523162842,43.235793359656256,,,
ASASSN-15tz,40.287,43.6802,0.0222,10.1999,0,10181.0,UGC2164,12.122639976480123,2.5380001068115234,0.027000000700354576,0.0,172.5719121107114,6854.0,8.0,15.770000457763672,0.5199999809265137,76.64742885797187,177.36659527268978,177.36659527268978,Sbc
2010ao,205.921,3.9,0.02422,8.813,0,48630.0,UGC8686,18.10414317229116,,,,,,,,0.6299999952316284,82.8302997375025,,,Sbc
2006sr,0.8959,23.1962,0.02307,10.7951,0,250.0,UGC14,17.681628884234602,2.500999927520752,0.012000000104308128,0.0,158.47834670377873,7253.0,6.0,15.619999885559082,0.25,57.560316007187964,187.78020882482423,187.78020882482423,Sc
ASASSN-15jt,197.038,27.8264,0.02396,9.91542,0,94030.0,NPM1G+28.0259,1.8004443897502704,,,,,,,,0.17000000178813934,48.76560643100902,,,
ASASSN-16em,203.057,84.6783,0.02296,8.53565,0,,,,,,,,,,,,,,,
2000ca,203.846,-34.1603,0.02454,7.0,0,47913.0,ESO383-32,2.9810065414289606,,,,,,,,0.1599999964237213,47.47215110988318,,,Sc
1998eg,339.876,8.6059,0.02358,10.7671,0,69428.0,UGC12133,29.425628285430697,2.614000082015991,0.03200000151991844,0.0,205.57489937483024,7422.0,5.0,16.290000915527344,0.8799999952316284,90.0,205.57489937483024,205.57489937483024,Sc
PS1-14xw,253.24,2.3935,0.02436,9.22547,0,59186.0,NGC6240,32.022023671081975,2.7690000534057617,0.035999998450279236,0.0,293.7447123870585,7242.0,45.0,16.139999389648438,0.3400000035762787,65.1978713212099,323.5922484226505,323.5922484226505,
2010gp,253.239,2.3879,0.02436,9.22547,0,59186.0,NGC6240,51.08153873945533,2.7690000534057617,0.035999998450279236,0.0,293.7447123870585,7242.0,45.0,16.139999389648438,0.3400000035762787,65.1978713212099,323.5922484226505,323.5922484226505,
2000bh,185.313,-21.9988,0.02421,9.5093,0,39920.0,ESO573-14,18.77531357921345,2.313999891281128,0.024000000208616257,0.0,103.03146987117002,6838.0,6.0,16.84000015258789,0.2199999988079071,54.54099080577416,126.49180981648976,126.49180981648976,Sc
2007F,195.813,50.6188,0.0242,9.63941,0,45085.0,UGC8162,15.603281706128977,,,,,,,,0.03999999910593033,24.747746415913266,,,Sc
1993H,208.209,-30.7079,0.0245,10.4495,0,49304.0,ESO445-66,6.887931474667023,,,,,,,,0.05999999865889549,30.09793122596416,,,SBab
AT2016bln,203.689,13.8539,0.02425,10.4738,0,,,,,,,,,,,,,,,
2006ac,190.437,35.0686,0.02395,11.1921,0,42594.0,NGC4619,23.11820927325661,2.319999933242798,0.01899999938905239,0.0,104.46479048498547,6927.0,13.0,16.520000457763672,0.0,0.0,,,SBb
ASASSN-15sf,2.865,-6.4273,0.02349,8.21725,0,1032948.0,,11.815599857818741,,,,,,,,0.05000000074505806,27.571955431350222,,,
2005bg,184.322,16.3716,0.02414,9.73321,0,39401.0,MCG3-31-093,1.223764683400716,,,,,,,,0.05999999865889549,30.09793122596416,,,
2009D,58.5951,-19.1817,0.02476,10.1971,0,14075.0,ESO549-31,43.530035607586385,2.5190000534057617,0.014000000432133675,0.0,165.1847908313964,7497.0,6.0,16.280000686645508,0.3799999952316284,68.08060555469923,178.056505298661,178.056505298661,Sbc
PS16ccn,273.122,31.2799,0.02395,7.58621,0,,,,,,,,,,,,,,,
2008bf,181.012,20.2452,0.02451,10.3728,0,213923.0,,32.62266696622293,,,,,,,,0.0,0.0,,,
1994M,187.786,0.6054,0.02426,10.974,0,41409.0,NGC4493,29.99672648807116,,,,,,,,0.27000001072883606,59.424190634892426,,,
2004br,187.783,0.6132,0.02426,7.0,0,41409.0,NGC4493,5.889006707451417,,,,,,,,0.27000001072883606,59.424190634892426,,,
ASASSN-16hz,348.94,-1.3396,0.02406,9.55271,0,195262.0,,9.676962333278677,,,,,,,,0.3799999952316284,68.08060555469923,,,
2003he,359.738,-2.2481,0.02404,7.0,0,73123.0,MCG-1-01-010,4.986541887832767,,,,,,,,0.4699999988079071,73.78967007356067,,,Sbc
2001cj,200.437,31.2468,0.02491,7.0,0,46657.0,UGC8399,35.7121883955229,1.934999942779541,0.0430000014603138,0.0,43.04968193721985,7265.0,8.0,16.729999542236328,0.20000000298023224,52.35549301228906,54.36832795900931,54.36832795900931,SBb
Gaia16agf,98.5373,-25.1846,0.02553,8.65931,0,,,,,,,,,,,,,,,
2007cq,333.668,5.0803,0.02481,9.36898,0,214810.0,,5.855458991283444,,,,,,,,0.20999999344348907,53.46706408792203,,,
2003it,1.452,27.4527,0.02413,10.4235,0,415.0,UGC40,12.776478388038177,2.5360000133514404,0.020999999716877937,0.0,171.7789792309088,7531.0,10.0,16.559999465942383,0.20999999344348907,53.46706408792203,213.78446205073013,213.78446205073013,SBbc
AT2017cfc,208.163,-2.0022,0.02499,10.4655,0,49296.0,UGC8783,18.142116745264488,,,,,,,,0.6899999976158142,87.59749691205899,,,Sb
2011dn,299.648,2.6045,0.02443,9.15925,0,63912.0,UGC11501,22.26499494696095,2.128000020980835,0.019999999552965164,0.0,67.13825130035264,7480.0,13.0,14.989999771118164,0.10999999940395355,40.0479631355386,104.34451613816543,104.34451613816543,Sbc
2007sw,183.404,46.4934,0.025,8.41811,0,39013.0,UGC7228,2.903032896831661,,,,,,,,0.4699999988079071,73.78967007356067,,,Sbc
2012bh,183.406,46.4835,0.025,8.41938,0,39013.0,UGC7228,39.24499968150777,,,,,,,,0.4699999988079071,73.78967007356067,,,Sbc
370356,183.406,46.4835,0.025,8.48686,0,39013.0,UGC7228,39.24499968150777,,,,,,,,0.4699999988079071,73.78967007356067,,,Sbc
2002he,124.995,62.8203,0.02469,10.9809,0,23371.0,UGC4322,57.26051344506248,,,,,,,,0.17000000178813934,48.76560643100902,,,E
2018jjd,66.0835,-31.9874,0.02547,7.0,0,,,,,,,,,,,,,,,
2002bf,153.926,55.6685,0.02494,10.3104,0,29953.0,CGCG266-31,3.7107950630674087,,,,,,,,0.1599999964237213,47.47215110988318,,,Sb
ASASSN-16bq,212.86,1.286,0.02582,10.6831,0,50662.0,IC986,4.712748667272938,,,,,,,,0.029999999329447746,21.507541089430337,,,
PS15ahs,269.874,43.3901,0.02522,9.35319,0,61234.0,MCG7-37-011,6.667053322111976,,,,,,,,0.47999998927116394,74.37436461439302,,,Sbc
PSNJ0153424,28.4267,29.9363,0.02474,10.2733,0,7023.0,UGC1359,9.223708581700269,2.4030001163482666,0.02500000037252903,0.0,126.46493370248407,7658.0,7.0,16.510000228881836,0.029999999329447746,21.507541089430337,344.9448026765427,344.9448026765427,SBbc
SN2017hn,196.914,6.3376,0.02492,10.8634,0,45478.0,UGC8204,6.6977309590375045,,,,,,,,0.17000000178813934,48.76560643100902,,,SO-a
1992ag,201.041,-23.8788,0.02592,10.3918,0,46839.0,ESO508-67,3.9588382133900137,,,,,,,,0.699999988079071,90.0,,,Sbc
SN2017ms,156.676,36.6805,0.02538,8.61119,0,,,,,,,,,,,,,,,
PSNJ2352371,358.155,14.5525,0.02525,10.5389,0,72709.0,UGC12822,12.649110640663363,,,,,,,,0.2199999988079071,54.54099080577416,,,E-SO
2005M,144.385,23.2007,0.02584,8.67964,0,27404.0,NGC2930,7.628918665172684,,,,,,,,0.3499999940395355,65.94311571372272,,,Sb
SN2017mf,214.129,39.5864,0.02618,10.508,0,50991.0,NGC5541,16.06118301996147,,,,,,,,0.18000000715255737,50.00806395299904,,,Sb
2005mc,126.776,21.646,0.02597,10.5777,0,23700.0,UGC4414,4.440720662290924,2.0339999198913574,0.028999999165534973,0.0,54.07168759099653,7561.0,11.0,16.8799991607666,0.03999999910593033,24.747746415913266,129.16527791989097,129.16527791989097,SO-a
ASASSN-15uu,25.9859,17.0626,0.02579,9.70579,0,6366.0,MCG3-05-013,3.7838076061024837,2.194000005722046,0.04600000008940697,0.0,78.15738316181012,8057.0,6.0,16.760000228881836,0.11999999731779099,41.68377078099997,117.52656982468342,117.52656982468342,Scd
2005ms,132.31,36.13,0.02595,8.49436,0,24788.0,UGC4614,47.63402145518357,2.11899995803833,0.0560000017285347,0.0,65.7612352557403,7556.0,8.0,15.489999771118164,0.05000000074505806,27.571955431350222,142.07518761148913,142.07518761148913,SBb
1999gp,37.9131,39.3812,0.02603,10.9727,0,9618.0,UGC1993,18.378465659535266,2.6459999084472656,0.020999999716877937,0.0,221.29413953074194,8018.0,12.0,15.59000015258789,0.6700000166893005,85.57726014913855,221.9550717837975,221.9550717837975,Sb
ASASSN-15mf,213.595,2.9755,0.02691,10.9913,0,50861.0,CGCG46-69,7.799999999960341,2.8350000381469727,0.02199999988079071,0.0,341.95585367697015,7639.0,5.0,17.520000457763672,,,,,
ASASSN-17at,174.64,25.3971,0.02643,10.1022,0,1735060.0,,3.3277019097285137,,,,,,,,0.3100000023841858,62.851244216588995,,,
SNF20071021-000,3.7493,16.335,0.0264,7.0,0,1506233.0,NPM1G+16.0009,6.507718494225343,,,,,,,,0.30000001192092896,62.028717999378486,,,
2013fn,315.099,-14.4978,0.02724,7.2614,0,65878.0,IC1342,27.043232055357166,,,,,,,,0.3799999952316284,68.08060555469923,,,Sc
2002eb,334.772,24.5944,0.02633,7.0,0,68560.0,CGCG473-11,19.068969557853737,2.296999931335449,0.023000000044703484,0.0,99.07633562569342,8255.0,10.0,16.90999984741211,0.1899999976158142,51.20352326028178,127.12256050257925,127.12256050257925,Sbc
2007co,275.765,29.8971,0.02655,9.81719,0,61808.0,MCG5-43-016,18.742294416533714,,,,,,,,0.07999999821186066,34.51186683094512,,,
1992P,190.704,10.3601,0.02643,10.1744,0,42732.0,IC3690,10.967661555655429,2.5290000438690186,0.035999998450279236,0.0,169.03243517731931,7569.0,6.0,16.75,0.4000000059604645,69.43187188696385,180.54100152605378,180.54100152605378,Sb
2007su,334.787,13.1779,0.0266,8.47416,0,,,,,,,,,,,,,,,
ASASSN-15fa,257.442,62.9743,0.02721,10.6915,0,59717.0,NGC6319,31.677600919474482,,,,,,,,0.0,0.0,,,E-SO
2005na,105.403,14.1333,0.02717,8.83614,0,20020.0,UGC3634,11.184560787074455,,,,,,,,0.23000000417232513,55.57973309955202,,,SBa
ASASSN-16av,177.868,22.0261,0.02676,10.9106,0,37080.0,(NGC3926),2.040000000055684,,,,,,,,0.30000001192092896,62.028717999378486,,,
2006gj,49.3992,-1.6917,0.0277,10.9096,0,12241.0,UGC2650,22.2312572744192,,,,,,,,0.6800000071525574,86.46407340963525,,,Sab
2010ii,339.555,35.4917,0.02704,7.97988,0,69374.0,NGC7342,24.879999999990332,2.489000082015991,0.02199999988079071,0.0,154.1594266252875,8073.0,8.0,16.719999313354492,0.019999999552965164,17.6226322942405,509.20319512367746,509.20319512367746,SBa
2006ev,322.747,13.9892,0.02759,11.3017,0,66880.0,UGC11758,27.54440778109555,2.756999969482422,0.014000000432133675,0.0,285.7392982572265,8613.0,6.0,16.3799991607666,0.7400000095367432,90.0,285.7392982572265,285.7392982572265,Sbc
PSNJ0252467,43.1946,46.9464,0.02748,7.0,0,10886.0,UGC2351,42.88770453173126,2.421999931335449,0.02199999988079071,0.0,132.12041697706886,8420.0,12.0,16.059999465942383,0.10999999940395355,40.0479631355386,205.33810032929017,205.33810032929017,SBb
2009aa,170.926,-22.2707,0.02827,9.29935,0,34991.0,ESO570-20,17.284686864395397,,,,,,,,0.20999999344348907,53.46706408792203,,,Sc
2011hb,351.981,8.7794,0.02775,11.031,0,71504.0,NGC7674,20.482812306766636,2.5260000228881836,0.08399999886751175,0.0,167.8688159684978,8857.0,6.0,15.289999961853027,0.05000000074505806,27.571955431350222,362.67557064723786,362.67557064723786,
2005eq,47.2055,-7.0332,0.02831,10.3697,0,11767.0,MCG-1-09-006,31.370693329933516,,,,,,,,0.5299999713897705,77.20331779904653,,,S?
2003U,260.69,62.164,0.02794,10.2925,0,60138.0,NGC6365A,28.0492424141796,2.0869998931884766,0.027000000700354576,0.0,61.08996798361486,8488.0,305.0,15.619999885559082,0.07999999821186066,34.51186683094512,107.82290362606226,107.82290362606226,
2009ad,75.8891,6.6599,0.02834,10.4871,0,16650.0,UGC3236,10.992142648283352,2.569000005722046,0.010999999940395355,0.0,185.3403633332395,8510.0,8.0,15.84000015258789,0.41999998688697815,70.73122586849632,196.33909490155662,196.33909490155662,SBbc
2002el,314.125,-18.5595,0.02778,7.0,0,65750.0,NGC6986,27.324714088162565,,,,,,,,0.1899999976158142,51.20352326028178,,,E-SO
2008ar,186.158,10.8382,0.02732,9.98914,0,40400.0,IC3284,5.928777277023513,,,,,,,,0.05000000074505806,27.571955431350222,,,SBab
AT2017ns,42.2932,14.6008,0.02802,9.90071,0,3090699.0,NPM1G+14.0093,2.522855525027781,,,,,,,,,,,,
2004gs,129.597,17.6277,0.02829,10.7301,0,24286.0,MCG3-22-020,15.404168266967025,,,,,,,,0.07000000029802322,32.395916947825754,,,E-SO
SN2017ckx,117.045,28.2307,0.02779,10.2137,0,21841.0,(UGC4030),3.044733157334143,,,,,,,,0.30000001192092896,62.028717999378486,,,
2007is,251.811,40.2436,0.02953,10.7887,0,58981.0,UGC10553,5.119726555182737,,,,,,,,0.3499999940395355,65.94311571372272,,,SBab
2013bs,259.342,41.0667,0.02859,10.8022,0,60010.0,NGC6343,100.95550703152985,,,,,,,,0.11999999731779099,41.68377078099997,,,
1998ab,192.197,41.9245,0.02806,10.3527,0,43288.0,NGC4704,17.311268006820367,1.5609999895095825,0.09700000286102295,0.0,18.19575136684054,8167.0,6.0,17.280000686645508,0.019999999552965164,17.6226322942405,60.10229109240464,60.10229109240464,SBbc
1993ah,357.959,-27.9618,0.02828,10.5245,0,72657.0,ESO471-27,13.027294423610732,,,,,,,,0.5099999904632568,76.0874474873425,,,SO
2006qo,120.035,56.3688,0.02871,11.1792,0,22428.0,UGC4133,22.60845859401734,2.2750000953674316,0.04500000178813934,0.0,94.18247515617065,8905.0,8.0,17.290000915527344,1.0199999809265137,90.0,94.18247515617065,94.18247515617065,
ASASSN-15la,213.213,35.7112,0.02845,10.5989,0,50758.0,NGC5517,1.2419339756343788,,,,,,,,0.17000000178813934,48.76560643100902,,,SO-a
1996C,207.702,49.3186,0.02875,9.36646,0,49153.0,MCG8-25-047,13.82033284693637,,,,,,,,0.25,57.560316007187964,,,
PS16cvc,318.097,14.7793,0.02844,7.95752,0,,,,,,,,,,,,,,,
ASASSN-15fs,284.67,43.4689,0.0285,10.0517,0,62636.0,CGCG229-10,1.0399999999748388,,,,,,,,0.25,57.560316007187964,,,
2003ch,109.491,9.693,0.02895,11.2701,0,20602.0,UGC3787,14.712239802290384,,,,,,,,0.23000000417232513,55.57973309955202,,,
ASASSN-16ay,108.059,7.2395,0.02895,10.3341,0,20384.0,UGC3738,12.907362240169403,2.5769999027252197,0.023000000044703484,0.0,188.7860531777501,8496.0,7.0,17.760000228881836,0.25,57.560316007187964,223.691660256871,223.691660256871,Sbc
PSNJ0859349,134.895,45.9259,0.02874,10.2177,0,25251.0,UGC4709,4.810155922695075,,,,,,,,0.10999999940395355,40.0479631355386,,,Sbc
ASASSN-16fs,221.777,11.5949,0.0299,11.2163,0,52781.0,UGC9521,96.28966507372816,2.7009999752044678,0.02199999988079071,0.0,251.17128042086452,9355.0,10.0,17.239999771118164,0.33000001311302185,64.43478676271998,278.43116793581623,278.43116793581623,SO-a
LSQ12gdj,358.681,-25.6761,0.02886,8.87386,0,72841.0,ESO472-7,27.623388640566482,,,,,,,,0.15000000596046448,46.12309276496313,,,Sc
2000cw,356.855,28.3877,0.02896,7.0,0,72411.0,MCG5-56-007,25.538371130559618,2.5390000343322754,0.01899999938905239,0.0,172.96970258683183,9034.0,8.0,16.079999923706055,0.3499999940395355,65.94311571372272,189.42273561472234,189.42273561472234,Sbc
2002de,244.127,35.7084,0.0305,9.07466,0,57684.0,NGC6104,3.525280130566604,,,,,,,,0.10000000149011612,38.31727915996693,,,SBa
ASASSN-16aj,65.4509,-15.7554,0.03053,10.9323,0,14956.0,NGC1562,9.256954142799398,,,,,,,,0.11999999731779099,41.68377078099997,,,SO
ASASSN-16br,236.376,-13.1528,0.029,9.6179,0,942083.0,IRAS15427-1259,4.96954726298091,,,,,,,,0.17000000178813934,48.76560643100902,,,
AT2017zd,203.176,-21.8011,0.03048,9.91749,0,3082261.0,NPM1G-21.0380,2.1003809178522097,,,,,,,,0.28999999165534973,61.18419211769342,,,
ASASSN-16hh,31.1559,21.5861,0.02935,7.0,0,7906.0,MCG3-06-031,27.624250216063963,,,,,,,,0.1599999964237213,47.47215110988318,,,SBbc
ATLAS17ajn,176.111,-28.4574,0.02988,10.6465,0,36531.0,ESO440-1,21.45063169238928,2.5369999408721924,0.007000000216066837,0.0,172.1749419405988,8609.0,6.0,,0.3100000023841858,62.851244216588995,193.49307279669725,193.49307279669725,Sbc
Gaia16bba,15.398,17.1013,0.02934,7.97207,0,,,,,,,,,,,,,,,
1997dg,355.059,26.2033,0.02962,8.80558,0,,,,,,,,,,,,,,,
2004ef,340.542,19.9946,0.02978,10.3255,0,69533.0,UGC12158,12.245554295312752,2.1010000705718994,0.02800000086426735,0.0,63.091386981744506,9286.0,6.0,15.800000190734863,0.03999999910593033,24.747746415913266,150.71134075729023,150.71134075729023,Sb
ASASSN-15nq,259.33,33.4621,0.03025,10.6826,0,,,,,,,,,,,,,,,
AT2017lm,45.3849,-15.016,0.03002,9.52589,0,916830.0,NPM1G-15.0160,4.545283269506591,,,,,,,,0.09000000357627869,36.47784060460967,,,
ASASSN-16fo,203.149,-5.2725,0.02994,10.0329,0,1046966.0,,1.1661903789267996,,,,,,,,0.18000000715255737,50.00806395299904,,,
ASASSN-16es,177.727,2.3069,0.02973,7.0,0,,,,,,,,,,,,,,,
AT2016cyt,317.399,15.1255,0.02965,10.685,0,66228.0,NGC7033,7.1693793314927605,,,,,,,,0.17000000178813934,48.76560643100902,,,E-SO
2013fy,324.363,-47.0319,0.03099,10.7658,0,67061.0,ESO287-40,20.25600157980147,,,,,,,,0.11999999731779099,41.68377078099997,,,SBbc
ASASSN-15uw,38.893,-6.0629,0.03004,10.3471,0,175267.0,NPM1G-06.0111,4.5698577658408555,,,,,,,,0.07000000029802322,32.395916947825754,,,
ASASSN-16hr,336.382,38.9844,0.0298,9.46113,0,2140995.0,NPM1G+38.0457,3.2673536693682284,,,,,,,,0.1599999964237213,47.47215110988318,,,
PS15cwx,78.6992,7.0504,0.03007,10.0401,0,75275.0,DRCG11-94,8.552075771405434,,,,,,,,0.44999998807907104,72.59538156068751,,,SO
1990O,258.901,16.322,0.03093,10.4738,0,59955.0,MCG3-44-003,30.705862632590257,,,,,,,,0.17000000178813934,48.76560643100902,,,Sb
2001ba,174.507,-32.3308,0.03136,10.7576,0,36028.0,ESO439-18,28.927225929994083,2.561000108718872,0.00800000037997961,0.0,181.95756361384522,8819.0,6.0,15.720000267028809,0.12999999523162842,43.235793359656256,265.6305615563892,265.6305615563892,SBbc
2009eu,247.171,39.5535,0.03072,11.5,0,3084828.0,NGC6166B,24.862019226323874,,,,,,,,,,,,
2009fv,247.434,40.8116,0.03072,11.4959,0,58348.0,NGC6173,11.238665401103207,,,,,,,,0.15000000596046448,46.12309276496313,,,E
SNF20080909-030,330.454,13.0553,0.03013,7.0,0,,,,,,,,,,,,,,,
2008gg,21.346,-18.1724,0.03107,10.9334,0,5269.0,NGC539,37.484658195059716,,,,,,,,0.09000000357627869,36.47784060460967,,,
1999cc,240.675,37.3596,0.03132,11.2896,0,56812.0,NGC6038,24.00653244429388,,,,,,,,0.05999999865889549,30.09793122596416,,,Sc
AT2017wb,165.331,70.6649,0.03093,9.28082,0,2737614.0,,7.03275195067389,,,,,,,,0.05999999865889549,30.09793122596416,,,
MASTEROTJ08,128.237,-3.8579,0.03156,10.638,0,152788.0,NPM1G-03.0264,5.047137802712261,,,,,,,,0.23999999463558197,56.58550530533143,,,
2007bd,127.889,-1.1994,0.03141,10.4344,0,23918.0,UGC4455,9.694617063112124,,,,,,,,0.10000000149011612,38.31727915996693,,,SBa
2006bt,239.127,20.046,0.03241,10.8988,0,1614506.0,,35.727440434702984,,,,,,,,0.3700000047683716,67.38364471362173,,,
2006bw,218.486,3.7988,0.03075,11.5,0,1258718.0,,22.6245972339451,,,,,,,,0.1899999976158142,51.20352326028178,,,
ASASSN-15hg,148.452,9.1939,0.03107,10.2789,0,28525.0,CGCG63-98,10.849958525215264,,,,,,,,0.10999999940395355,40.0479631355386,,,Sbc
ATLAS17axb,205.847,-19.9437,0.03264,9.60754,0,848856.0,,118.81187819404681,,,,,,,,0.18000000715255737,50.00806395299904,,,
2010gn,259.458,40.8811,0.03123,8.98332,0,,,,,,,,,,,,,,,
CSS160428,200.78,52.6491,0.03081,10.078,0,,,,,,,,,,,,,,,
2000dn,346.274,-3.2003,0.03081,7.0,0,70429.0,IC1468,30.063539378941286,,,,,,,,0.3199999928474426,63.65291084323507,,,SO-a
2006en,347.521,30.2233,0.03081,10.183,0,70600.0,MCG5-54-041,7.226645141571521,2.546999931335449,0.01899999938905239,0.0,176.18540766527641,9575.0,10.0,17.06999969482422,0.05000000074505806,27.571955431350222,380.64331898731837,380.64331898731837,
2008bq,100.26,-38.0386,0.03279,10.9133,0,19423.0,ESO308-25,12.468023099127201,,,,,,,,0.5099999904632568,76.0874474873425,,,Sb
ASASSN-16oz,135.056,-13.634,0.03207,8.01111,0,,,,,,,,,,,,,,,
2006az,183.061,56.1794,0.03158,11.1124,0,38887.0,NGC4172,10.35884163401892,,,,,,,,0.05999999865889549,30.09793122596416,,,Sbc
010026,160.674,58.8438,0.03174,9.61222,0,31927.0,MCG10-15-120,8.503081794339476,,,,,,,,0.10000000149011612,38.31727915996693,,,
AT2017po,240.965,39.9901,0.03201,8.98827,0,214452.0,,17.066329423835676,,,,,,,,0.25,57.560316007187964,,,
2007ai,243.224,-21.6302,0.03212,10.7402,0,57502.0,ESO584-7,25.302932636384387,,,,,,,,0.11999999731779099,41.68377078099997,,,SBc
2007ux,152.333,14.9924,0.03183,10.0948,0,213672.0,,7.406051579658859,,,,,,,,0.10999999940395355,40.0479631355386,,,
ASASSN-15pr,346.664,-12.5728,0.03189,9.55707,0,950898.0,,5.100627412403549,,,,,,,,0.09000000357627869,36.47784060460967,,,
2008gl,20.2284,4.8053,0.03246,11.1311,0,4861.0,UGC881,24.840974216002667,,,,,,,,0.12999999523162842,43.235793359656256,,,E
SN2016hpx,90.8194,-26.8986,0.0337,9.09468,0,762493.0,,3.8402083277586505,,,,,,,,0.12999999523162842,43.235793359656256,,,
SN2017cii,248.333,23.7313,0.03337,8.8988,0,,,,,,,,,,,,,,,
2006te,122.929,41.5547,0.03212,10.4808,0,22976.0,CGCG207-42,8.17168281314056,,,,,,,,0.12999999523162842,43.235793359656256,,,
2006os,43.7542,16.0097,0.03212,10.8407,0,10998.0,UGC2384,11.088318177265542,,,,,,,,0.4399999976158142,71.98438585328682,,,Sbc
2004as,171.413,22.8304,0.0325,8.76504,0,35125.0,MCG4-27-034,94.85269421599064,2.194999933242798,0.03799999877810478,0.0,78.33754146381882,6471.0,15.0,15.359999656677246,0.07000000029802322,32.395916947825754,146.21579224519562,146.21579224519562,
ASASSN-16bc,181.357,-21.4004,0.03314,10.3011,0,157340.0,,13.640879737054593,,,,,,,,,,,,
2008gp,50.753,1.3619,0.03245,10.4696,0,12669.0,MCG0-09-074,17.80858220074137,,,,,,,,0.10999999940395355,40.0479631355386,,,SBa
2010ag,255.973,31.5017,0.03336,10.6105,0,59529.0,UGC10679,12.00059998509935,,,,,,,,0.6399999856948853,83.45284089474015,,,Sb
2005iq,359.635,-18.7092,0.03292,10.49,0,73098.0,ESO538-13,20.017352472385628,,,,,,,,0.3199999928474426,63.65291084323507,,,Sb
PS15bsq,355.467,-8.6379,0.03309,10.9397,0,72147.0,MCG-2-60-012,37.724310464167836,,,,,,,,0.6899999976158142,87.59749691205899,,,Sb
2004L,156.767,16.0187,0.03344,10.1437,0,30719.0,MCG3-27-038,2.3393161393653905,,,,,,,,0.05000000074505806,27.571955431350222,,,Sc
2003gn,338.465,20.8024,0.03316,7.0,0,69160.0,CGCG452-24,22.541064748669047,2.5850000381469727,0.035999998450279236,0.0,192.29590791330452,10328.0,5.0,16.899999618530273,0.47999998927116394,74.37436461439302,199.6754845638353,199.6754845638353,Sbc
2003cq,179.059,60.522,0.03323,10.4839,0,37502.0,NGC3978,56.40035460894716,2.194999933242798,0.026000000536441803,0.0,78.33754146381882,9956.0,9.0,16.100000381469727,0.029999999329447746,21.507541089430337,213.67288932419441,213.67288932419441,SBbc
2006S,191.413,35.0868,0.0331,10.2024,0,43011.0,UGC7934,13.980000000052838,,,,,,,,0.3499999940395355,65.94311571372272,,,Sbc
2011dl,244.521,21.5511,0.03432,9.08368,0,57765.0,(UGC10321),10.080257933198224,,,,,,,,0.11999999731779099,41.68377078099997,,,
2006gr,338.095,30.8287,0.03352,10.0957,0,69095.0,UGC12071,34.425316265631395,2.565999984741211,0.01899999938905239,0.0,184.06448035422264,10372.0,10.0,16.020000457763672,0.3700000047683716,67.38364471362173,199.3980981908593,199.3980981908593,SBb
ASASSN-16dw,202.503,-27.9739,0.03565,10.1423,0,2800872.0,,7.784702948759224,,,,,,,,,,,,
2007ba,229.178,7.3966,0.03533,11.1077,0,54516.0,UGC9798,13.85559814664644,,,,,,,,0.33000001311302185,64.43478676271998,,,SO-a
ATLAS17ajs,171.977,27.3458,0.0337,9.50928,0,1805291.0,,5.427190801860327,,,,,,,,0.3100000023841858,62.851244216588995,,,
1996bl,9.0749,11.3946,0.03481,10.1459,0,1392929.0,,6.496399002523626,,,,,,,,0.03999999910593033,24.747746415913266,,,
2003kc,146.643,30.6553,0.0341,10.3635,0,28061.0,MCG5-23-037,10.720839519340373,,,,,,,,0.20999999344348907,53.46706408792203,,,SBb
2003iv,42.5302,12.8462,0.03351,10.8038,0,10738.0,MCG2-08-014,24.722071110629287,,,,,,,,0.09000000357627869,36.47784060460967,,,
ASASSN-15jl,230.671,50.9766,0.03492,8.79586,0,,,,,,,,,,,,,,,
1992bg,115.486,-62.5194,0.03574,10.4968,0,343503.0,,8.057021782249624,,,,,,,,0.4399999976158142,71.98438585328682,,,
2005eu,36.9303,28.1768,0.03369,8.86794,0,,,,,,,,,,,,,,,
2008at,156.801,71.4157,0.03497,11.3036,0,30737.0,UGC5645,14.168641431003987,,,,,,,,0.5199999809265137,76.64742885797187,,,SBb
ASASSN-15tg,5.171,25.229,0.03445,10.227,0,,,,,,,,,,,,,,,
2007hu,254.125,27.9779,0.03518,11.2439,0,59286.0,NGC6261,7.63698893543292,,,,,,,,0.4099999964237213,70.08767526333723,,,SO-a
PTSS-16efw,263.908,8.809,0.03542,9.96056,0,1354110.0,,3.6124783736641426,,,,,,,,0.1599999964237213,47.47215110988318,,,
2016fbk,26.0272,34.3827,0.03495,10.765,0,6372.0,UGC1212,28.665044915360998,2.4690001010894775,0.014999999664723873,0.0,147.22111595816983,10748.0,10.0,16.040000915527344,0.05000000074505806,27.571955431350222,318.0668305391051,318.0668305391051,Sb
AT2016fbk,26.0272,34.3827,0.03495,10.7289,0,6372.0,UGC1212,28.665044915360998,2.4690001010894775,0.014999999664723873,0.0,147.22111595816983,10748.0,10.0,16.040000915527344,0.05000000074505806,27.571955431350222,318.0668305391051,318.0668305391051,Sb
1994T,200.378,-2.149,0.03564,10.2173,0,46640.0,CGCG16-58,12.36931687687469,,,,,,,,0.4000000059604645,69.43187188696385,,,
ASASSN-15mi,210.815,41.6041,0.03501,9.51083,0,50065.0,KUG1401+418B,4.831935429932592,,,,,,,,0.18000000715255737,50.00806395299904,,,
ASASSN-15ss,93.1391,-14.2575,0.03592,10.7564,0,18622.0,MCG-2-16-004,22.76197706701739,,,,,,,,0.28999999165534973,61.18419211769342,,,
2001ck,219.459,30.4839,0.03544,7.0,0,87675.0,(UGC9425),4.13782551581749,,,,,,,,0.4099999964237213,70.08767526333723,,,
PS15bbn,315.99,13.3684,0.03602,7.94021,0,,,,,,,,,,,,,,,
ASASSN-15lu,200.304,40.2657,0.03577,9.65851,0,,,,,,,,,,,,,,,
2008hj,1.008,-11.1687,0.03643,9.9461,0,282.0,MCG-2-01-015,21.169374105061586,,,,,,,,0.07000000029802322,32.395916947825754,,,Sa
2000dg,1.5575,8.8882,0.03725,7.0,0,465.0,MCG1-01-029,6.492333940888225,,,,,,,,0.3499999940395355,65.94311571372272,,,Sbc
2002G,196.98,34.0851,0.03631,10.5613,0,45498.0,MCG6-29-043,11.441136307222012,,,,,,,,0.09000000357627869,36.47784060460967,,,S?
2006mo,11.6606,36.3327,0.03616,10.793,0,2720.0,UGC480,105.36467149856512,2.640000104904175,0.03999999910593033,0.0,218.25796884046122,11252.0,8.0,16.690000534057617,0.17000000178813934,48.76560643100902,290.2291832086522,290.2291832086522,
2008ei,334.388,33.2559,0.03654,7.0,0,68507.0,UGC11977,5.705050394305509,2.444999933242798,0.01899999938905239,0.0,139.3060370181794,11284.0,10.0,16.350000381469727,0.14000000059604645,44.71307114039239,198.0025331774817,198.0025331774817,Sd
2002hu,34.5836,37.4663,0.03591,10.099,0,8796.0,MCG6-06-012,25.83842100439333,,,,,,,,0.09000000357627869,36.47784060460967,,,Sc
2000cf,238.234,65.9369,0.03646,9.49238,0,56286.0,MCG11-19-025,8.428261979847777,,,,,,,,0.3499999940395355,65.94311571372272,,,Sbc
2001eh,24.5504,41.6552,0.03627,11.1794,0,6056.0,UGC1162,51.27769495598935,,,,,,,,0.20000000298023224,52.35549301228906,,,SBb
ASASSN-16db,167.357,29.5732,0.03589,10.678,0,33809.0,UGC6198,15.624032770057378,,,,,,,,0.12999999523162842,43.235793359656256,,,SO
AT2016hns,324.921,24.4065,0.03704,10.4701,0,1706561.0,NPM1G+24.0470,5.879625838291191,,,,,,,,0.33000001311302185,64.43478676271998,,,
ASASSN-15bc,61.561,-8.8856,0.03639,8.86694,0,170061.0,,3.532081539285851,,,,,,,,0.27000001072883606,59.424190634892426,,,Sc
2007jg,52.4617,0.0568,0.03652,8.21426,0,,,,,,,,,,,,,,,
AT2016cvw,341.553,10.5588,0.03761,10.8943,0,69682.0,MCG2-58-008,5.726464878238033,,,,,,,,0.07000000029802322,32.395916947825754,,,
2002eu,27.4317,32.6286,0.03672,10.5735,0,212843.0,,15.687447211079766,,,,,,,,0.3799999952316284,68.08060555469923,,,
2008gb,44.488,46.8657,0.03641,9.17934,0,11205.0,UGC2427,8.349874250566591,,,,,,,,0.30000001192092896,62.028717999378486,,,Sbc
2007O,224.022,45.4047,0.03732,10.8351,0,53387.0,UGC9612,14.846427179756814,,,,,,,,0.05000000074505806,27.571955431350222,,,SBc
2008fr,17.9548,14.6408,0.0379,8.07746,0,,,,,,,,,,,,,,,
SN2017ciy,256.029,25.0529,0.03762,9.7066,0,59533.0,MCG4-40-015,86.4733114897338,,,,,,,,0.10000000149011612,38.31727915996693,,,
2008O,104.394,-45.8123,0.0394,11.4466,0,19925.0,ESO256-11,6.722975531627477,,,,,,,,0.36000001430511475,66.67142237937365,,,SO
2009bv,196.835,35.7844,0.03748,10.123,0,45449.0,MCG6-29-039,16.2294670276015,,,,,,,,0.05000000074505806,27.571955431350222,,,Sc
2008051,229.995,4.9046,0.03835,8.26419,0,,,,,,,,,,,,,,,
ASASSN-15np,226.511,7.5615,0.03832,10.1408,0,1324967.0,,0.7211102551941844,,,,,,,,0.17000000178813934,48.76560643100902,,,
2010dw,230.668,-5.9211,0.03871,10.008,0,1038853.0,NPM1G-05.0551,7.356738407709405,,,,,,,,0.1899999976158142,51.20352326028178,,,
ASASSN-15pn,60.8598,-5.492,0.038,9.1308,0,1044047.0,,2.288755120197226,,,,,,,,0.12999999523162842,43.235793359656256,,,
1999aw,165.402,-6.1088,0.03928,9.41836,0,,,,,,,,,,,,,,,
2008dr,332.715,2.1082,0.03996,11.3888,0,68224.0,NGC7222,9.032740447947193,,,,,,,,0.009999999776482582,12.50496314947571,,,SBab
PS15cze,56.8476,0.8772,0.03891,10.4136,0,,,,,,,,,,,,,,,
2003fa,266.032,40.881,0.04015,10.3091,0,60771.0,MCG7-36-033,50.13232490121931,,,,,,,,0.1599999964237213,47.47215110988318,,,Sb
SN2016glz,1.4732,8.4302,0.03975,9.40195,0,,,,,,,,,,,,,,,
PS16axi,162.03,0.1635,0.04056,10.1805,0,32277.0,,13.191285001847268,,,,,,,,0.17000000178813934,48.76560643100902,,,
SN2017coa,132.48,56.099,0.04045,8.76499,0,,,,,,,,,,,,,,,
2009do,188.743,50.8512,0.04027,10.4649,0,41909.0,?NGC4537,14.703482580593054,,,,,,,,0.3400000035762787,65.1978713212099,,,
2001az,248.615,76.0297,0.04059,10.239,0,58525.0,UGC10483,19.521690500348964,,,,,,,,0.3499999940395355,65.94311571372272,,,Sbc
2007jh,54.0064,1.1034,0.04023,10.84,0,13297.0,CGCG391-14,5.839452029083282,,,,,,,,0.2199999988079071,54.54099080577416,,,
1992bl,348.805,-44.7433,0.0428,10.8343,0,70827.0,ESO291-11,28.332567832910488,,,,,,,,0.17000000178813934,48.76560643100902,,,SBb
2014bj,290.663,43.8908,0.04239,7.87303,0,,,,,,,,,,,,,,,
2006cf,163.511,46.0267,0.04223,10.9479,0,32729.0,UGC6015,5.292863119352035,,,,,,,,0.10999999940395355,40.0479631355386,,,Sc
2006cz,222.153,-4.7419,0.04251,10.8544,0,52882.0,MCG-1-38-002,20.917590683445717,,,,,,,,0.12999999523162842,43.235793359656256,,,Sc
2007kk,55.5969,39.2418,0.0413,10.8891,0,13613.0,UGC2828,16.525616478676298,,,,,,,,0.09000000357627869,36.47784060460967,,,SBb
AT2016htm,38.0109,-26.6659,0.04265,9.40838,0,133941.0,,19.778907957737513,,,,,,,,0.25,57.560316007187964,,,Sc
ASASSN-16ct,228.476,4.7573,0.04252,8.98925,0,1272824.0,,50.506617388153316,,,,,,,,0.25999999046325684,58.50598699409827,,,
SN2016ayg,112.572,25.0321,0.04328,8.05522,0,,,,,,,,,,,,,,,
2007nq,14.3899,-1.3886,0.04275,11.1165,0,3444.0,UGC595,21.42571352369659,,,,,,,,0.03999999910593033,24.747746415913266,,,E
MASTERJ0134,23.5627,-17.8121,0.04391,9.19675,0,877124.0,,6.6896935654838705,,,,,,,,0.20000000298023224,52.35549301228906,,,
ASASSN-15mg,233.094,41.8504,0.04307,9.84386,0,2187931.0,,1.5599999999652099,,,,,,,,0.5199999809265137,76.64742885797187,,,
AT2016cvv,290.12,54.2087,0.04404,11.4594,0,63086.0,MCG9-31-033,25.87860892685778,,,,,,,,0.1599999964237213,47.47215110988318,,,Sbc
2005ku,344.927,-0.0137,0.04397,9.64568,0,1154145.0,NPM1G-00.0607,1.8282231808808465,,,,,,,,0.36000001430511475,66.67142237937365,,,
1992bh,74.8628,-58.8304,0.0451,10.1363,0,376039.0,,6.090155991411146,,,,,,,,0.23999999463558197,56.58550530533143,,,
2006gt,14.0721,-1.6294,0.04366,9.98853,0,1114283.0,,12.5725574168474,,,,,,,,0.1899999976158142,51.20352326028178,,,
2006hx,18.4888,0.3717,0.04429,10.1086,0,73820.0,DRCG6-85,2.0191087142636395,,,,,,,,0.23000000417232513,55.57973309955202,,,SO
PS16cqa,234.779,9.2946,0.04433,10.6243,0,3091482.0,NPM1G+09.0435,5.9458893363695156,,,,,,,,,,,,
PSNJ1204051,181.021,14.0681,0.04502,10.0939,0,38162.0,CGCG69-37,11.468025113309624,,,,,,,,0.20999999344348907,53.46706408792203,,,
2005hc,29.1998,-0.2137,0.04496,7.0,0,7299.0,MCG0-06-003,6.186339790199534,,,,,,,,0.17000000178813934,48.76560643100902,,,S?
SN2016esh,241.06,16.6902,0.04488,9.49048,0,1514680.0,,0.279999999992242,,,,,,,,0.07999999821186066,34.51186683094512,,,
PS17tn,145.807,41.3173,0.04549,10.2394,0,2179170.0,,7.91191506530461,,,,,,,,0.03999999910593033,24.747746415913266,,,
2008050,204.198,5.1418,0.04627,9.02736,0,,,,,,,,,,,,,,,
AT2016ews,225.652,23.3528,0.04612,10.3881,0,53709.0,NGC5829,108.98869849658509,2.190000057220459,0.019999999552965164,0.0,77.44084114883955,5686.0,6.0,15.1899995803833,0.05999999865889549,30.09793122596416,154.4247398381619,154.4247398381619,
2005lz,32.7073,34.9828,0.04541,11.0342,0,8334.0,UGC1666,20.014364841298033,,,,,,,,0.0,0.0,,,
360156,150.807,1.8953,0.04673,9.8038,0,1209424.0,,1.6144348856783755,,,,,,,,0.15000000596046448,46.12309276496313,,,
2004gu,191.603,11.9489,0.0467,10.026,0,92948.0,FGCA175,1.0057832768725417,,,,,,,,0.49000000953674316,74.95172186772803,,,
2008cf,211.886,-26.5518,0.04692,8.91208,0,766647.0,,5.31040488099945,,,,,,,,0.07999999821186066,34.51186683094512,,,
AT2017yk,146.133,-12.3082,0.04764,10.0803,0,154234.0,,6.144949145361444,,,,,,,,0.10000000149011612,38.31727915996693,,,
2016afk,155.625,15.0966,0.04677,9.44086,0,1475131.0,,0.2400000000015723,,,,,,,,0.20000000298023224,52.35549301228906,,,
PS16fa,154.819,4.7617,0.04734,10.2881,0,30159.0,CGCG36-91,15.712873702801597,,,,,,,,0.25,57.560316007187964,,,
PS15aii,191.19,9.7597,0.04768,10.3823,0,42943.0,CGCG71-25,7.9200000000007265,,,,,,,,0.15000000596046448,46.12309276496313,,,Sc
PS17akj,207.455,-3.08,0.0478,8.85712,0,,,,,,,,,,,,,,,
ATLAS16agv,250.29,50.9724,0.04777,9.10622,0,,,,,,,,,,,,,,,
ASASSN-15pm,24.6504,-4.6798,0.04777,10.292,0,144213.0,,14.035740094475017,,,,,,,,0.3100000023841858,62.851244216588995,,,
1995ac,341.392,-8.7513,0.04867,10.3844,0,999654.0,,6.872583211625582,,,,,,,,0.6299999952316284,82.8302997375025,,,
AT2016gmg,320.924,33.1147,0.04839,10.9955,0,2023866.0,,19.711073030190963,,,,,,,,0.12999999523162842,43.235793359656256,,,
1990af,323.747,-62.7371,0.05018,11.2421,0,340526.0,,1.8529975712653883,,,,,,,,0.05999999865889549,30.09793122596416,,,
PS16el,162.802,19.3625,0.04896,9.98418,0,,,,,,,,,,,,,,,
2006cq,201.105,30.9563,0.04928,10.6551,0,46872.0,IC4239,10.7472042875956,2.691999912261963,0.010999999940395355,0.0,246.01971813876,14522.0,12.0,16.600000381469727,0.15000000596046448,46.12309276496313,341.3003605697459,341.3003605697459,SBa
1993ag,150.894,-35.4626,0.05019,10.7191,0,648636.0,,13.333026663051665,,,,,,,,0.23999999463558197,56.58550530533143,,,
PS15asb,215.085,-9.3009,0.04952,10.2884,0,96822.0,,50.10486603118838,,,,,,,,0.20000000298023224,52.35549301228906,,,
1998dx,272.8,49.8613,0.0498,11.2793,0,61514.0,UGC11149,35.58682902439778,,,,,,,,0.2199999988079071,54.54099080577416,,,
PS16dnp,344.915,2.1498,0.04998,8.04941,0,,,,,,,,,,,,,,,
2007kh,48.8004,43.1703,0.04944,9.56783,0,,,,,,,,,,,,,,,
ASASSN-17eb,234.642,13.3478,0.0497,10.8378,0,,,,,,,,,,,,,,,
PS15brr,358.356,-15.6545,0.05063,9.68818,0,908217.0,,12.790621564135293,,,,,,,,0.6899999976158142,87.59749691205899,,,
2008hu,122.312,-18.6536,0.05071,11.5,0,3098443.0,,8.690891783900966,,,,,,,,,,,,
AT2016cor,236.13,16.3035,0.04995,9.59462,0,1505620.0,,4.71274866697984,,,,,,,,0.05000000074505806,27.571955431350222,,,
PS16fbb,1.7631,-20.6968,0.05139,8.77965,0,838161.0,,3.9630796106072363,,,,,,,,0.3499999940395355,65.94311571372272,,,
2003ic,10.4593,-9.3053,0.05196,9.30338,0,2501.0,MCG-2-02-086,9.137111140834822,,,,,,,,0.17000000178813934,48.76560643100902,,,SO
ASASSN-16hc,209.768,33.139,0.05165,10.7547,0,2024619.0,,25.38995864512572,,,,,,,,0.07000000029802322,32.395916947825754,,,
1993O,202.785,-33.2152,0.05148,10.2759,0,679349.0,,8.635299647374497,,,,,,,,0.20999999344348907,53.46706408792203,,,
2006ot,33.7702,-20.7662,0.05232,11.3736,0,8610.0,ESO544-31,6.789756991238472,,,,,,,,0.33000001311302185,64.43478676271998,,,Sa
AT2016htn,32.8711,-16.5102,0.05229,10.2648,0,897199.0,,13.648443134675913,,,,,,,,0.18000000715255737,50.00806395299904,,,
PS16evk,338.344,-1.357,0.0532,9.93232,0,,,,,,,,,,,,,,,
PS16n,75.9333,3.4125,0.05268,10.0228,0,,,,,,,,,,,,,,,
2010dt,250.811,32.6751,0.05291,10.1659,0,58829.0,CGCG168-29,24.035382252200865,,,,,,,,,,,,
2006lu,138.824,-25.6001,0.05449,10.0668,0,,,,,,,,,,,,,,,
PS16bby,215.075,-22.189,0.0543,10.4871,0,,,,,,,,,,,,,,,
PS16ayd,216.826,-1.6753,0.05485,10.4328,0,51614.0,CGCG19-27,14.58240035103285,,,,,,,,0.15000000596046448,46.12309276496313,,,
SN2017cpu,211.969,9.642,0.05529,10.521,0,3091462.0,NPM1G+09.0358,3.8275318418125948,,,,,,,,,,,,
490007,184.268,46.6275,0.05513,9.16275,0,,,,,,,,,,,,,,,
AT2017oz,211.673,30.3188,0.05641,9.48953,0,,,,,,,,,,,,,,,
2006py,340.425,-0.1369,0.05658,9.57313,0,,,,,,,,,,,,,,,
PS16aer,163.742,14.2716,0.05668,10.2711,0,32796.0,MCG3-28-034,12.302341240541242,,,,,,,,0.1899999976158142,51.20352326028178,,,SBb
2005hj,21.7017,-1.2381,0.05631,9.22407,0,,,,,,,,,,,,,,,
2008eq,255.03,23.1324,0.0568,10.1809,0,214560.0,,5.78788389663223,,,,,,,,0.20000000298023224,52.35549301228906,,,
2006ob,27.9506,0.2633,0.0576,11.0302,0,6888.0,UGC1333,4.3863424398807425,,,,,,,,0.11999999731779099,41.68377078099997,,,Sb
SN2016gmb,8.6861,-6.1589,0.05708,9.39885,0,,,,,,,,,,,,,,,
2001ah,167.624,55.1608,0.05837,10.5719,0,33914.0,UGC6211,33.125585277810394,,,,,,,,0.05999999865889549,30.09793122596416,,,SBbc
LSQ13crf,47.7093,1.4219,0.05934,8.80055,0,1194221.0,,100.91172379854702,,,,,,,,0.36000001430511475,66.67142237937365,,,
SN2017cjv,152.69,-3.7775,0.06079,10.6078,0,112752.0,LCRSB100813.8-033156,5.000000000000782,,,,,,,,0.15000000596046448,46.12309276496313,,,
2008bz,189.741,11.1295,0.0613,10.3562,0,1389223.0,,5.445181355936065,,,,,,,,0.3400000035762787,65.1978713212099,,,
SN2016hhv,353.952,20.7088,0.06067,10.7875,0,1634119.0,,10.390014437236117,,,,,,,,0.41999998688697815,70.73122586849632,,,
2008go,332.687,-20.7881,0.06116,10.7539,0,836926.0,NPM1G-21.0533,15.886648482490848,,,,,,,,0.10000000149011612,38.31727915996693,,,
2006oa,320.929,-0.8435,0.06142,8.11091,0,,,,,,,,,,,,,,,
1992bs,52.3749,-37.2718,0.0637,10.5104,0,132177.0,,30.14962686337516,,,,,,,,0.20000000298023224,52.35549301228906,,,Sc
SN2016aqb,170.493,-13.9837,0.06419,9.62423,0,930612.0,,13.837355238703978,,,,,,,,0.28999999165534973,61.18419211769342,,,
PS16bnz,155.154,-2.4668,0.06398,11.2932,0,30237.0,,26.78414456358578,1.9769999980926514,0.023000000044703484,0.0,47.4209229567801,6557.0,9.0,16.479999542236328,0.25,57.560316007187964,56.18881696270085,56.18881696270085,
2007ae,255.467,79.0318,0.06485,10.8837,0,59458.0,UGC10704,49.61048679480484,,,,,,,,0.2800000011920929,60.31645361613234,,,Sbc
PS15cms,149.646,0.743,0.06603,10.4286,0,139231.0,IRAS09560+0058,3.9812058474553647,,,,,,,,0.1899999976158142,51.20352326028178,,,
6057,52.5536,-0.9746,0.06652,9.52798,0,1130011.0,,1.0560303026245328,,,,,,,,0.07000000029802322,32.395916947825754,,,
SN2016ixf,159.936,15.0347,0.06723,9.99601,0,,,,,,,,,,,,,,,
AT2016aj,70.6025,-21.7244,0.06731,10.7026,0,146481.0,,6.128262396506657,,,,,,,,,,,,
PS15bjg,343.793,-0.4102,0.06758,11.2378,0,3092537.0,NPM1G-00.0602,5.517100687999982,,,,,,,,,,,,
CSS160129,115.123,10.9333,0.06841,8.86459,0,,,,,,,,,,,,,,,
2006al,159.868,5.1834,0.06908,10.5011,0,,,,,,,,,,,,,,,
PTSS17-niq,215.069,15.3417,0.0691,10.6052,0,1482135.0,,11.259413839086141,,,,,,,,0.14000000059604645,44.71307114039239,,,
1993B,158.717,-34.4417,0.07076,9.39781,0,662260.0,,12.67692391722467,,,,,,,,0.17000000178813934,48.76560643100902,,,
2008Y,169.877,54.4628,0.07028,10.544,0,34650.0,MCG9-19-039,9.47715147074691,,,,,,,,0.28999999165534973,61.18419211769342,,,
PS17yt,150.992,49.0412,0.07046,9.95752,0,,,,,,,,,,,,,,,
PS16em,163.892,-3.3663,0.07113,10.0881,0,114071.0,LCRSB105301.1-030602,6.778082324693711,,,,,,,,0.05000000074505806,27.571955431350222,,,
2006on,328.994,-1.0702,0.07068,10.2479,0,,,,,,,,,,,,,,,
470043,128.994,44.7675,0.07061,7.0,0,,,,,,,,,,,,,,,
ATLAS16bwu,18.5927,-13.1531,0.07074,9.63137,0,,,,,,,,,,,,,,,
PS15bdr,253.706,36.7252,0.07094,10.5352,0,2085824.0,,8.542154295072738,,,,,,,,0.03999999910593033,24.747746415913266,,,
PS15bwh,352.644,-18.8915,0.07149,10.6434,0,,,,,,,,,,,,,,,
370566,159.985,58.4149,0.07134,9.18771,0,,,,,,,,,,,,,,,
PS15mt,148.684,23.1981,0.07193,8.92458,0,,,,,,,,,,,,,,,
2007jd,44.9724,1.1607,0.07196,9.75914,0,1186356.0,,5.474486277252906,,,,,,,,0.17000000178813934,48.76560643100902,,,
PS15atx,195.827,-23.0658,0.07301,10.2531,0,805316.0,,3.3021810973523285,,,,,,,,0.30000001192092896,62.028717999378486,,,
Gaia16aki,239.794,14.6416,0.07398,9.48062,0,1463270.0,,1.532187978130097,,,,,,,,0.15000000596046448,46.12309276496313,,,
1992ae,322.075,-61.5504,0.07478,10.1995,0,354657.0,,118.90602844267052,,,,,,,,0.30000001192092896,62.028717999378486,,,
PS17bii,171.409,7.3336,0.07467,10.167,0,1319323.0,,2.927729495715113,,,,,,,,0.029999999329447746,21.507541089430337,,,
7876,19.1825,0.7946,0.0749,9.78646,0,,,,,,,,,,,,,,,
2005ir,19.1825,0.7946,0.0749,9.78987,0,,,,,,,,,,,,,,,
2010hs,36.4131,24.7649,0.07514,10.4575,0,9227.0,CGCG483-42,107.36496262744863,2.572000026702881,0.01899999938905239,0.0,186.62509037262595,10367.0,10.0,18.010000228881836,0.05999999865889549,30.09793122596416,372.1489927088437,372.1489927088437,
AT2016gsu,17.1024,21.1516,0.07529,9.75909,0,,,,,,,,,,,,,,,
370333,164.38,57.2977,0.07557,7.99137,0,,,,,,,,,,,,,,,
PS15bif,305.074,-23.7435,0.07855,9.58141,0,,,,,,,,,,,,,,,
Gaia16acv,179.957,54.8022,0.07833,8.87001,0,,,,,,,,,,,,,,,
17186,31.6128,-0.8995,0.07849,10.1643,0,1131943.0,,13.881512885851937,,,,,,,,0.75,90.0,,,
2007hx,31.6128,-0.8995,0.07849,10.2646,0,1131943.0,,13.881512885851937,,,,,,,,0.75,90.0,,,
560033,353.599,-0.6831,0.07869,9.07144,0,1137558.0,,88.72488715110275,,,,,,,,0.07000000029802322,32.395916947825754,,,
12779,309.472,1.2211,0.07891,10.332,0,1188169.0,,6.225881463684102,,,,,,,,0.14000000059604645,44.71307114039239,,,
PS15bzz,9.4247,1.7628,0.07901,10.4626,0,1205503.0,,81.28820824695302,,,,,,,,0.20999999344348907,53.46706408792203,,,
350316,131.469,43.8188,0.07966,8.61131,0,,,,,,,,,,,,,,,
2005ag,224.182,9.3285,0.08024,10.69,0,200171.0,!IRAS14542+0931,9.767292357686296,,,,,,,,0.14000000059604645,44.71307114039239,,,
12950,351.667,-0.8403,0.08141,9.42557,0,,,,,,,,,,,,,,,
130308,213.238,52.7437,0.08221,10.1141,0,2422566.0,,4.810654841236759,,,,,,,,0.28999999165534973,61.18419211769342,,,
12898,26.7931,-0.147,0.08255,9.35181,0,,,,,,,,,,,,,,,
12781,5.4066,-1.01,0.08282,10.4457,0,1129045.0,,5.144667141805907,,,,,,,,0.10999999940395355,40.0479631355386,,,
SN2016glp,354.058,23.696,0.08366,10.5245,0,,,,,,,,,,,,,,,
3592,19.0524,0.7919,0.08544,10.1853,0,,,,,,,,,,,,,,,
SN2016grz,28.8874,33.8229,0.08656,8.99392,0,,,,,,,,,,,,,,,
1241,337.672,-0.7766,0.08848,9.91509,0,,,,,,,,,,,,,,,
590194,130.237,44.5243,0.09015,9.75408,0,,,,,,,,,,,,,,,
370066,130.349,43.0544,0.09066,9.12019,0,,,,,,,,,,,,,,,
300105,351.71,-0.7301,0.09181,9.04492,0,,,,,,,,,,,,,,,
iPTF17dz,126.107,24.9978,0.09284,8.80725,0,,,,,,,,,,,,,,,
010010,150.859,1.0294,0.09968,9.50285,0,,,,,,,,,,,,,,,
160099,214.667,54.1831,0.10142,9.5937,0,,,,,,,,,,,,,,,
000190,148.988,2.2635,0.10237,7.0,0,,,,,,,,,,,,,,,
140181,183.738,46.845,0.10231,9.67327,0,,,,,,,,,,,,,,,
100405,53.6285,-27.3206,0.10298,10.3204,0,,,,,,,,,,,,,,,
13135,4.1723,-0.4245,0.10338,10.8558,0,1143141.0,NPM1G-00.0007,76.75655281472703,,,,,,,,0.07000000029802322,32.395916947825754,,,
20064,358.586,-0.9176,0.10351,10.7045,0,,,,,,,,,,,,,,,
13038,347.827,0.5046,0.10485,8.87462,0,1168273.0,,92.56048616990874,,,,,,,,0.20999999344348907,53.46706408792203,,,
18697,11.2239,-0.9971,0.10638,9.67706,0,,,,,,,,,,,,,,,
20625,5.6834,-0.479,0.10684,10.0166,0,,,,,,,,,,,,,,,
3256,329.268,-0.2235,0.10694,9.894,0,,,,,,,,,,,,,,,
120225,150.818,3.4749,0.10728,11.4183,0,,,,,,,,,,,,,,,
21034,28.1414,1.2441,0.10751,10.0033,0,,,,,,,,,,,,,,,
500038,150.193,2.5513,0.1081,9.73659,0,1230006.0,,85.96808942847888,,,,,,,,0.3700000047683716,67.38364471362173,,,
7147,350.018,-0.0554,0.10886,10.039,0,,,,,,,,,,,,,,,
020027,186.336,46.0152,0.10988,10.0054,0,2274012.0,,5.592709540187911,,,,,,,,0.019999999552965164,17.6226322942405,,,
18650,328.447,0.0151,0.11243,8.53633,0,,,,,,,,,,,,,,,
18612,12.2879,0.597,0.11365,10.2452,0,,,,,,,,,,,,,,,
8719,7.7215,-0.7188,0.11628,8.80164,0,1136391.0,,96.80652044154533,,,,,,,,0.019999999552965164,17.6226322942405,,,
5395,49.6409,0.1233,0.11635,8.49999,0,,,,,,,,,,,,,,,
2561,46.3434,0.8584,0.11741,7.0,0,1177540.0,,70.54300248782512,,,,,,,,0.11999999731779099,41.68377078099997,,,
16259,352.03,0.8564,0.11771,10.994,0,1177432.0,,10.794517126757047,,,,,,,,0.10999999940395355,40.0479631355386,,,
1371,349.374,0.4294,0.11797,10.5372,0,,,,,,,,,,,,,,,
000137,161.159,57.8111,0.11878,10.2136,0,,,,,,,,,,,,,,,
5549,3.2505,0.2482,0.11992,8.5812,0,,,,,,,,,,,,,,,
12860,323.694,1.1759,0.12042,10.1701,0,,,,,,,,,,,,,,,
490008,131.449,44.4206,0.12067,8.89488,0,,,,,,,,,,,,,,,
19953,332.931,0.5791,0.1219,9.37542,0,,,,,,,,,,,,,,,
390259,242.396,53.8672,0.12208,9.15024,0,2453275.0,,20.717538463836984,,,,,,,,0.09000000357627869,36.47784060460967,,,
18835,53.6851,0.3555,0.12262,10.1221,0,,,,,,,,,,,,,,,
2916,315.922,0.5696,0.12303,9.77924,0,,,,,,,,,,,,,,,
16021,13.8437,-0.3888,0.12336,9.49127,0,138255.0,,116.84008216360752,,,,,,,,,,,,
13894,1.6906,-0.0368,0.12356,8.72392,0,,,,,,,,,,,,,,,
570062,353.102,0.2956,0.12363,9.98879,0,,,,,,,,,,,,,,,
6406,46.0886,-1.063,0.12377,10.0062,0,,,,,,,,,,,,,,,
19543,357.908,0.2798,0.12384,8.61533,0,,,,,,,,,,,,,,,
13044,332.543,0.5033,0.12455,10.0637,0,,,,,,,,,,,,,,,
15459,340.701,-0.9018,0.12542,8.73681,0,,,,,,,,,,,,,,,
2992,55.497,-0.7827,0.12608,9.72723,0,,,,,,,,,,,,,,,
16069,341.246,-1.0066,0.12688,10.179,0,,,,,,,,,,,,,,,
744,329.198,0.3175,0.12694,9.90923,0,,,,,,,,,,,,,,,
14871,54.2771,0.0094,0.12705,9.14823,0,,,,,,,,,,,,,,,
18855,48.6323,0.2698,0.12716,9.82915,0,,,,,,,,,,,,,,,
22075,29.9631,1.2165,0.129,10.7935,0,,,,,,,,,,,,,,,
1032,46.7957,1.1196,0.12904,10.2777,0,,,,,,,,,,,,,,,
5751,11.6342,0.8382,0.12929,10.1354,0,,,,,,,,,,,,,,,
18415,337.478,1.0586,0.1294,10.6005,0,,,,,,,,,,,,,,,
18809,50.8813,0.6666,0.13153,10.6395,0,,,,,,,,,,,,,,,
151034,185.137,46.6661,0.13269,10.6436,0,,,,,,,,,,,,,,,
1334084,41.734,-0.6906,0.13349,9.74734,0,,,,,,,,,,,,,,,
15508,27.169,-0.5766,0.13353,9.13587,0,,,,,,,,,,,,,,,
14108,53.5946,-1.1232,0.13463,10.2314,0,,,,,,,,,,,,,,,
15234,16.9583,0.8282,0.13514,9.98362,0,,,,,,,,,,,,,,,
000014,35.878,-4.6363,0.13599,9.80415,0,,,,,,,,,,,,,,,
17629,30.6364,-1.0892,0.1364,10.6342,0,2799048.0,,3.0357865537592876,,,,,,,,,,,,
19775,318.956,0.6513,0.13687,10.0494,0,,,,,,,,,,,,,,,
18602,338.984,0.6092,0.13696,8.85232,0,,,,,,,,,,,,,,,
21062,333.432,0.3963,0.13729,8.95999,0,,,,,,,,,,,,,,,
17366,315.787,-1.0292,0.13811,10.2891,0,,,,,,,,,,,,,,,
15171,304.793,-1.0645,0.13818,9.85121,0,,,,,,,,,,,,,,,
190340,334.134,0.4733,0.13824,10.0088,0,,,,,,,,,,,,,,,
20084,347.975,-0.5781,0.13834,9.92013,0,1139892.0,,8.372908693965453,,,,,,,,0.28999999165534973,61.18419211769342,,,
12928,305.009,-0.9757,0.13868,10.3657,0,,,,,,,,,,,,,,,
190230,333.937,0.4225,0.13864,10.1494,0,,,,,,,,,,,,,,,
090275,54.0721,-28.0515,0.13959,10.184,0,,,,,,,,,,,,,,,
1794,317.837,-0.4453,0.1407,11.0328,0,,,,,,,,,,,,,,,
17208,1.4916,1.1031,0.14084,11.5,0,,,,,,,,,,,,,,,
340229,35.879,-2.8604,0.14108,9.69378,0,,,,,,,,,,,,,,,
1317666,36.7711,-5.0031,0.1412,9.68561,0,,,,,,,,,,,,,,,
2635,52.7043,-1.2381,0.14311,9.59628,0,,,,,,,,,,,,,,,
17568,313.103,0.2777,0.14335,9.24061,0,,,,,,,,,,,,,,,
190260,333.967,-0.8252,0.14344,10.2639,0,,,,,,,,,,,,,,,
17497,37.1366,-1.0421,0.14388,10.0189,0,,,,,,,,,,,,,,,
8921,325.002,-0.0079,0.1441,9.52063,0,,,,,,,,,,,,,,,
17605,309.203,0.0984,0.14533,10.2332,0,,,,,,,,,,,,,,,
1296657,36.2552,-6.2786,0.14624,9.33695,0,,,,,,,,,,,,,,,
440008,52.6735,-28.8632,0.14656,9.32684,0,736746.0,,91.83066154613907,,,,,,,,0.18000000715255737,50.00806395299904,,,
1316385,53.526,-27.6321,0.14741,9.63951,0,,,,,,,,,,,,,,,
13796,350.692,0.5329,0.14729,9.66952,0,,,,,,,,,,,,,,,
14024,318.199,0.9163,0.14759,10.7329,0,,,,,,,,,,,,,,,
180166,242.843,55.0642,0.14757,10.0333,0,,,,,,,,,,,,,,,
1293758,8.4839,-43.3497,0.14812,11.0622,0,549851.0,,5.565788353861144,,,,,,,,0.07000000029802322,32.395916947825754,,,
14437,332.081,-1.1964,0.14792,9.91097,0,,,,,,,,,,,,,,,
1255502,33.9046,-4.2092,0.14819,10.1485,0,,,,,,,,,,,,,,,
13736,336.833,1.031,0.14882,9.07749,0,,,,,,,,,,,,,,,
2308,34.2729,0.2803,0.14923,10.3812,0,,,,,,,,,,,,,,,
000038,35.0957,-4.6725,0.15036,9.126,0,,,,,,,,,,,,,,,
460003,128.835,43.8555,0.15067,10.8761,0,,,,,,,,,,,,,,,
2031,312.043,-1.1714,0.15186,9.204,0,,,,,,,,,,,,,,,
18323,3.4286,0.6522,0.15272,9.359,0,,,,,,,,,,,,,,,
15132,329.7,0.1977,0.15304,11.224,0,,,,,,,,,,,,,,,
18740,16.8553,1.0437,0.15317,10.663,0,1183501.0,,90.01065936876736,,,,,,,,0.3100000023841858,62.851244216588995,,,
19353,43.1144,0.2518,0.15325,11.004,0,,,,,,,,,,,,,,,
16073,8.1078,-1.054,0.15339,9.751,0,,,,,,,,,,,,,,,
5550,3.5983,0.3331,0.15493,9.564,0,,,,,,,,,,,,,,,
16116,355.302,-1.1058,0.15509,9.52,0,,,,,,,,,,,,,,,
18030,4.933,-0.4001,0.15518,9.658,0,,,,,,,,,,,,,,,
19940,315.393,-0.2685,0.15591,9.91499,0,3092532.0,NPM1G-00.0541,97.08578680749568,,,,,,,,,,,,
13354,27.5648,-0.8873,0.15654,10.472,0,1132209.0,,3.790356183800982,,,,,,,,0.17000000178813934,48.76560643100902,,,
16206,5.7882,-0.0536,0.15838,10.927,0,1152843.0,,45.817376616302376,,,,,,,,0.20000000298023224,52.35549301228906,,,
440042,35.9021,-3.294,0.15906,9.028,0,,,,,,,,,,,,,,,
14782,314.234,-0.279,0.15922,11.427,0,,,,,,,,,,,,,,,
15425,55.5611,0.4783,0.15935,10.526,0,,,,,,,,,,,,,,,
1299775,53.4389,-29.6767,0.16009,10.783,0,,,,,,,,,,,,,,,
3317,26.9626,0.6406,0.15991,10.054,0,174168.0,,86.64776511830824,,,,,,,,0.07999999821186066,34.51186683094512,,,
2689,24.9003,-0.7587,0.16036,11.351,0,,,,,,,,,,,,,,,
390627,212.627,53.9,0.16045,11.254,0,,,,,,,,,,,,,,,
5103,359.884,0.7372,0.1606,9.086,0,,,,,,,,,,,,,,,
120336,149.082,1.4095,0.16134,9.757,0,,,,,,,,,,,,,,,
17825,32.9471,-0.9124,0.1622,7.0,0,,,,,,,,,,,,,,,
19174,25.6597,1.0304,0.16357,11.02,0,,,,,,,,,,,,,,,
3087,20.4067,-0.9772,0.16431,9.664,0,1130144.0,,73.8201923595483,,,,,,,,0.05999999865889549,30.09793122596416,,,
19616,37.1011,0.1847,0.16455,11.04,0,,,,,,,,,,,,,,,
20764,26.1208,0.2298,0.16478,11.011,0,,,,,,,,,,,,,,,
20430,312.417,0.4686,0.16593,7.0,0,,,,,,,,,,,,,,,
12843,323.878,-0.9803,0.16595,11.258,0,1130339.0,,97.27639179178546,,,,,,,,0.20999999344348907,53.46706408792203,,,
12853,316.766,0.7231,0.16817,10.364,0,1174185.0,,95.24513425904425,,,,,,,,0.23999999463558197,56.58550530533143,,,
350233,149.466,3.4824,0.16935,9.181,0,,,,,,,,,,,,,,,
17389,323.295,-0.9601,0.1696,9.891,0,1130741.0,,63.695601103979,,,,,,,,0.23000000417232513,55.57973309955202,,,
12856,332.866,0.756,0.17029,10.352,0,,,,,,,,,,,,,,,
590005,151.018,1.2155,0.17137,7.0,0,1187963.0,,9.204890004756,,,,,,,,0.3499999940395355,65.94311571372272,,,
310039,36.2156,-3.3448,0.17156,9.953,0,,,,,,,,,,,,,,,
19282,359.072,-0.5059,0.17239,7.0,0,,,,,,,,,,,,,,,
1303279,54.9068,-27.813,0.17274,10.617,0,,,,,,,,,,,,,,,
100090,131.828,43.4081,0.17282,9.978,0,,,,,,,,,,,,,,,
3080,16.9323,-1.0395,0.17315,10.961,0,,,,,,,,,,,,,,,
15897,11.6814,-1.0329,0.17357,10.816,0,,,,,,,,,,,,,,,
120143,163.682,58.6266,0.1736,9.163,0,,,,,,,,,,,,,,,
15648,313.718,-0.1948,0.17383,11.339,0,,,,,,,,,,,,,,,
14421,31.8299,1.2521,0.174,11.5,0,,,,,,,,,,,,,,,
16165,30.7331,-0.5339,0.17405,7.0,0,,,,,,,,,,,,,,,
5350,307.219,-0.7792,0.17431,10.865,0,,,,,,,,,,,,,,,
15583,37.7311,0.9463,0.17427,9.434,0,,,,,,,,,,,,,,,
19969,31.9105,-0.324,0.17428,10.367,0,,,,,,,,,,,,,,,
18604,340.921,0.4214,0.17483,11.05,0,1165643.0,,63.49678417079882,,,,,,,,0.33000001311302185,64.43478676271998,,,
14979,54.9464,0.9928,0.17654,10.089,0,,,,,,,,,,,,,,,
17218,356.172,-0.0301,0.17697,10.158,0,,,,,,,,,,,,,,,
14451,308.195,0.9271,0.17729,10.124,0,,,,,,,,,,,,,,,
17220,9.7015,-0.1792,0.17769,10.863,0,,,,,,,,,,,,,,,
370428,184.375,47.5482,0.1778,10.124,0,,,,,,,,,,,,,,,
5635,333.183,-0.0349,0.17839,9.483,0,,,,,,,,,,,,,,,
6936,323.234,-0.6998,0.1789,10.259,0,,,,,,,,,,,,,,,
300179,351.142,0.227,0.17896,10.324,0,,,,,,,,,,,,,,,
13045,345.025,0.5377,0.17916,10.574,0,,,,,,,,,,,,,,,
1347120,52.8899,-28.9121,0.17955,7.773,0,735809.0,,56.776519794740295,,,,,,,,0.33000001311302185,64.43478676271998,,,
2372,40.5207,-0.5409,0.17959,10.597,0,,,,,,,,,,,,,,,
1303496,53.8482,-29.5918,0.17979,10.643,0,,,,,,,,,,,,,,,
13254,42.0587,-0.347,0.1799,10.005,0,,,,,,,,,,,,,,,
14284,49.0493,-0.6009,0.18037,10.572,0,,,,,,,,,,,,,,,
420159,333.685,1.2178,0.18059,11.338,0,,,,,,,,,,,,,,,
330023,35.7981,-2.7801,0.18064,10.623,0,,,,,,,,,,,,,,,
350548,128.848,44.9136,0.18067,10.636,0,,,,,,,,,,,,,,,
360112,130.673,43.5966,0.18071,9.381,0,2224519.0,,67.82283981089138,,,,,,,,0.03999999910593033,24.747746415913266,,,
17215,54.9264,1.0923,0.1808,11.331,0,1184310.0,,4.024922359452776,,,,,,,,0.1899999976158142,51.20352326028178,,,
370595,150.498,1.3251,0.18138,10.324,0,,,,,,,,,,,,,,,
15443,49.8674,-0.318,0.18123,10.339,0,,,,,,,,,,,,,,,
1339392,54.1245,-28.5698,0.18148,10.292,0,,,,,,,,,,,,,,,
17332,43.7735,-0.1474,0.18203,10.604,0,1150350.0,,56.23494998663883,,,,,,,,0.33000001311302185,64.43478676271998,,,
1580,45.3231,-0.6441,0.18216,10.75,0,,,,,,,,,,,,,,,
1250017,43.1937,-0.1275,0.18217,8.797,0,,,,,,,,,,,,,,,
15453,319.668,-1.0243,0.18243,8.989,0,1127890.0,,119.27279824000917,,,,,,,,0.09000000357627869,36.47784060460967,,,
17391,347.552,-0.9314,0.18345,7.0,0,,,,,,,,,,,,,,,
1257695,7.6016,-42.2982,0.18383,9.854,0,,,,,,,,,,,,,,,
17168,339.724,-1.1671,0.18376,9.757,0,,,,,,,,,,,,,,,
20048,339.308,0.7364,0.18388,10.86,0,,,,,,,,,,,,,,,
1296321,40.9169,-0.7619,0.18444,9.384,0,,,,,,,,,,,,,,,
15421,33.7416,0.6025,0.18443,10.166,0,,,,,,,,,,,,,,,
8213,357.521,-0.9214,0.18468,10.522,0,,,,,,,,,,,,,,,
15461,326.848,-0.4947,0.18482,10.516,0,,,,,,,,,,,,,,,
1336453,40.9697,-1.2293,0.18492,9.326,0,,,,,,,,,,,,,,,
6422,349.139,-0.6632,0.18501,9.765,0,,,,,,,,,,,,,,,
16281,352.942,-0.6681,0.18507,10.394,0,,,,,,,,,,,,,,,
370563,150.952,2.646,0.18538,10.859,0,,,,,,,,,,,,,,,
15365,354.557,1.2491,0.18651,11.178,0,,,,,,,,,,,,,,,
18807,46.6409,0.7933,0.18714,10.998,0,,,,,,,,,,,,,,,
5994,312.603,-0.1679,0.18801,7.0,0,,,,,,,,,,,,,,,
12927,41.7861,0.7751,0.18892,10.401,0,,,,,,,,,,,,,,,
16100,30.4363,-1.0324,0.18893,9.661,0,,,,,,,,,,,,,,,
1273127,8.5563,-43.2759,0.18937,10.406,0,,,,,,,,,,,,,,,
18787,29.7298,-1.0271,0.18915,11.072,0,,,,,,,,,,,,,,,
18749,12.5473,0.6754,0.18931,11.172,0,,,,,,,,,,,,,,,
440643,53.6036,-26.7739,0.18955,8.731,0,,,,,,,,,,,,,,,
6304,26.4976,1.196,0.18979,10.656,0,,,,,,,,,,,,,,,
762,15.5353,-0.879,0.19009,11.236,0,,,,,,,,,,,,,,,
20687,16.7181,1.1541,0.19026,10.976,0,,,,,,,,,,,,,,,
2440,42.6337,0.8078,0.1903,10.325,0,,,,,,,,,,,,,,,
16276,20.5787,1.0106,0.19397,9.288,0,90439.0,IRAS01197+0044383251,20.942015184803047,,,,,,,,0.14000000059604645,44.71307114039239,,,
2246,50.0904,-0.8856,0.19422,10.798,0,,,,,,,,,,,,,,,
20821,55.5726,1.0631,0.19534,10.572,0,,,,,,,,,,,,,,,
1253920,54.6293,-27.0428,0.19556,9.234,0,,,,,,,,,,,,,,,
14984,313.834,-0.0928,0.19549,10.395,0,,,,,,,,,,,,,,,
15674,340.829,0.2629,0.19555,7.0,0,,,,,,,,,,,,,,,
000236,131.58,44.0731,0.19602,10.902,0,,,,,,,,,,,,,,,
15129,318.902,-0.3214,0.19611,10.971,0,,,,,,,,,,,,,,,
1298893,35.724,-6.2568,0.19616,10.784,0,,,,,,,,,,,,,,,
1334620,35.7529,-6.2642,0.19624,10.351,0,,,,,,,,,,,,,,,
13070,357.785,-0.7463,0.19719,10.267,0,,,,,,,,,,,,,,,
18804,25.2656,-0.4484,0.19726,10.3,0,,,,,,,,,,,,,,,
1302058,53.3964,-29.1906,0.19786,9.664,0,,,,,,,,,,,,,,,
15222,2.8534,0.7027,0.19801,11.5,0,,,,,,,,,,,,,,,
1316431,42.2394,-0.4084,0.19815,7.0,0,,,,,,,,,,,,,,,
13370,27.1515,0.3282,0.19846,9.95,0,1162738.0,NPM1G+00.0069,43.58612623301144,,,,,,,,0.23000000417232513,55.57973309955202,,,
360145,163.669,59.019,0.1986,9.911,0,,,,,,,,,,,,,,,
19658,8.9032,-0.2327,0.19863,8.996,0,,,,,,,,,,,,,,,
18768,17.2167,1.1979,0.19892,9.778,0,,,,,,,,,,,,,,,
110460,53.8448,-27.8403,0.19956,9.5517,0,,,,,,,,,,,,,,,
500504,212.459,53.4778,0.19948,11.075,0,,,,,,,,,,,,,,,
560150,333.961,1.2276,0.19957,11.458,0,,,,,,,,,,,,,,,
19101,7.9727,0.1383,0.20062,7.0,0,,,,,,,,,,,,,,,
470232,129.546,45.2023,0.20068,9.737,0,,,,,,,,,,,,,,,
370308,131.317,43.3857,0.20074,11.239,0,,,,,,,,,,,,,,,
590002,149.545,0.8783,0.20139,11.269,0,,,,,,,,,,,,,,,
13152,7.0521,0.118,0.20216,9.387,0,,,,,,,,,,,,,,,
19913,333.763,-0.3413,0.20237,10.051,0,,,,,,,,,,,,,,,
6780,328.069,0.2671,0.20268,11.272,0,,,,,,,,,,,,,,,
14212,330.47,1.045,0.20308,10.497,0,,,,,,,,,,,,,,,
15203,15.7347,0.1831,0.20314,10.219,0,,,,,,,,,,,,,,,
16032,44.0692,-0.4108,0.20318,7.0,0,,,,,,,,,,,,,,,
7243,328.079,0.4719,0.20323,9.225,0,,,,,,,,,,,,,,,
15901,31.9763,-0.5354,0.20368,9.969,0,,,,,,,,,,,,,,,
18965,13.5091,1.069,0.20454,10.63,0,,,,,,,,,,,,,,,
110033,34.9031,-3.5292,0.20471,10.063,0,,,,,,,,,,,,,,,
17801,316.093,-0.898,0.20515,11.4,0,,,,,,,,,,,,,,,
15872,36.7225,-0.3278,0.20549,9.66,0,,,,,,,,,,,,,,,
1327978,8.28,-44.1402,0.20699,11.313,0,,,,,,,,,,,,,,,
15201,337.519,0.0036,0.20736,11.312,0,,,,,,,,,,,,,,,
1283373,54.9467,-26.7304,0.20754,10.231,0,,,,,,,,,,,,,,,
20376,319.396,-0.5239,0.20831,10.717,0,,,,,,,,,,,,,,,
15467,320.02,-0.1774,0.20847,10.43,0,,,,,,,,,,,,,,,
200132,334.494,-0.6969,0.20856,9.056,0,,,,,,,,,,,,,,,
15259,337.544,-0.4078,0.20857,9.789,0,1144113.0,,92.15148615181603,,,,,,,,0.41999998688697815,70.73122586849632,,,
140152,162.393,57.6157,0.20864,9.694,0,,,,,,,,,,,,,,,
16482,328.71,0.9337,0.20937,11.5,0,,,,,,,,,,,,,,,
550154,36.3556,-3.5962,0.21003,10.582,0,,,,,,,,,,,,,,,
19149,31.46,-0.3319,0.21023,9.612,0,,,,,,,,,,,,,,,
460105,129.37,44.0453,0.21071,11.5,0,,,,,,,,,,,,,,,
14157,51.1367,1.0224,0.21083,11.127,0,,,,,,,,,,,,,,,
18940,10.349,0.412,0.21099,10.226,0,,,,,,,,,,,,,,,
1257366,53.8996,-26.9693,0.21137,10.965,0,,,,,,,,,,,,,,,
7847,32.4599,-0.0618,0.2116,10.696,0,8259.0,UM402,83.66128136718814,,,,,,,,,,,,
17811,12.8787,-0.9474,0.21186,7.0,0,,,,,,,,,,,,,,,
18927,46.6825,-0.754,0.21214,11.5,0,,,,,,,,,,,,,,,
13305,331.1,0.6912,0.21339,10.055,0,67982.0,CGCG377-20,89.82222664794756,,,,,,,,0.20000000298023224,52.35549301228906,,,
8495,335.261,-0.7482,0.21353,11.034,0,,,,,,,,,,,,,,,
6933,11.3517,1.0756,0.21383,7.0,0,,,,,,,,,,,,,,,
110567,52.7131,-26.46,0.21442,11.403,0,,,,,,,,,,,,,,,
1249851,55.218,-29.4,0.21511,11.303,0,,,,,,,,,,,,,,,
14019,316.642,-0.648,0.21513,9.931,0,,,,,,,,,,,,,,,
1316,334.864,0.4945,0.21566,9.835,0,,,,,,,,,,,,,,,
100206,52.5182,-28.2567,0.21653,11.5,0,743671.0,,98.62192859601238,,,,,,,,0.3700000047683716,67.38364471362173,,,
17435,20.3446,-0.0148,0.21674,8.818,0,,,,,,,,,,,,,,,
7473,4.3264,-0.2573,0.21677,8.954,0,,,,,,,,,,,,,,,
20364,25.7566,-0.9455,0.21729,10.389,0,,,,,,,,,,,,,,,
13641,345.219,-0.9811,0.21781,7.0,0,,,,,,,,,,,,,,,
1290816,54.1725,-27.84,0.21848,8.859,0,,,,,,,,,,,,,,,
1304678,54.8701,-27.6439,0.21884,11.23,0,,,,,,,,,,,,,,,
9467,328.951,1.1808,0.21885,10.93,0,,,,,,,,,,,,,,,
5533,328.67,0.4134,0.21887,9.959,0,,,,,,,,,,,,,,,
1342255,40.7435,-0.2674,0.21886,10.024,0,,,,,,,,,,,,,,,
1302187,52.1619,-27.1421,0.21943,10.95,0,,,,,,,,,,,,,,,
15433,14.8796,-0.2565,0.21935,10.806,0,,,,,,,,,,,,,,,
000220,150.537,2.7186,0.21982,11.335,0,,,,,,,,,,,,,,,
18466,48.4185,0.63,0.21967,10.917,0,,,,,,,,,,,,,,,
14331,7.8887,-0.1358,0.21976,9.696,0,,,,,,,,,,,,,,,
19230,332.891,0.7648,0.22005,10.516,0,,,,,,,,,,,,,,,
7512,52.0903,-0.3261,0.22055,7.0,0,,,,,,,,,,,,,,,
15354,6.7737,-0.126,0.22069,10.783,0,,,,,,,,,,,,,,,
370098,150.006,2.4311,0.22141,10.491,0,,,,,,,,,,,,,,,
480464,149.8,3.2216,0.22141,10.917,0,,,,,,,,,,,,,,,
1331123,8.0363,-42.5542,0.22157,11.23,0,,,,,,,,,,,,,,,
13025,341.567,0.4159,0.22287,10.836,0,,,,,,,,,,,,,,,
14846,7.6632,0.1416,0.22335,11.075,0,,,,,,,,,,,,,,,
330083,129.496,43.2977,0.22373,8.78,0,,,,,,,,,,,,,,,
1304442,52.1631,-28.1083,0.22451,9.568,0,,,,,,,,,,,,,,,
550096,52.7766,-26.3979,0.22451,10.175,0,,,,,,,,,,,,,,,
1292560,35.0558,-5.3611,0.22482,8.646,0,,,,,,,,,,,,,,,
030066,150.183,3.404,0.22552,9.134,0,,,,,,,,,,,,,,,
13727,317.588,0.9326,0.22534,9.953,0,,,,,,,,,,,,,,,
15229,4.832,1.0907,0.22536,9.165,0,,,,,,,,,,,,,,,
020096,161.314,58.1927,0.22563,9.059,0,,,,,,,,,,,,,,,
19992,357.104,-1.185,0.22632,10.628,0,,,,,,,,,,,,,,,
1315192,42.9859,-0.5231,0.22714,10.654,0,,,,,,,,,,,,,,,
1315259,40.8641,-1.6036,0.22806,11.5,0,1114868.0,,6.568043848812976,,,,,,,,0.14000000059604645,44.71307114039239,,,
180561,334.462,1.4684,0.22853,8.444,0,,,,,,,,,,,,,,,
13072,334.96,0.0244,0.22917,10.874,0,,,,,,,,,,,,,,,
3452,334.672,0.6392,0.22967,9.23,0,,,,,,,,,,,,,,,
21033,28.8137,0.6431,0.23006,7.0,0,1172128.0,,105.20022813665716,,,,,,,,0.3700000047683716,67.38364471362173,,,
000006,53.3665,-28.3715,0.23044,10.793,0,,,,,,,,,,,,,,,
040780,243.62,54.7258,0.23066,10.963,0,,,,,,,,,,,,,,,
19008,331.963,-1.0699,0.23075,10.401,0,,,,,,,,,,,,,,,
360140,185.618,47.7162,0.23083,8.834,0,,,,,,,,,,,,,,,
17875,20.9834,1.255,0.23111,10.702,0,,,,,,,,,,,,,,,
430004,351.113,-0.7542,0.2315,10.51,0,,,,,,,,,,,,,,,
1302648,10.0026,-44.0541,0.23171,10.131,0,,,,,,,,,,,,,,,
1275946,10.404,-43.6378,0.23212,8.458,0,,,,,,,,,,,,,,,
15369,348.833,-0.5626,0.23269,9.078,0,,,,,,,,,,,,,,,
1292336,40.9988,-0.9061,0.23356,9.099,0,,,,,,,,,,,,,,,
350047,163.262,58.1363,0.23364,10.491,0,,,,,,,,,,,,,,,
1336687,35.6058,-6.1499,0.23381,8.58,0,,,,,,,,,,,,,,,
12971,6.6485,-0.3021,0.23381,11.5,0,,,,,,,,,,,,,,,
110536,54.3325,-26.9017,0.23475,10.577,0,,,,,,,,,,,,,,,
1279500,36.9257,-4.3149,0.23471,9.699,0,,,,,,,,,,,,,,,
1319366,41.4955,-1.0881,0.23483,9.611,0,1126612.0,,73.43865194842618,,,,,,,,0.1599999964237213,47.47215110988318,,,
1298281,40.2679,-0.9553,0.23508,9.297,0,,,,,,,,,,,,,,,
19341,15.8603,0.3314,0.23543,11.015,0,,,,,,,,,,,,,,,
15287,323.96,-1.0574,0.2363,10.621,0,,,,,,,,,,,,,,,
310574,352.986,0.5363,0.23649,10.234,0,,,,,,,,,,,,,,,
13511,40.6124,-0.7941,0.23653,11.411,0,,,,,,,,,,,,,,,
12881,10.1623,-0.0736,0.23671,9.679,0,,,,,,,,,,,,,,,
16350,323.639,-0.8858,0.23684,10.79,0,,,,,,,,,,,,,,,
1317277,35.9031,-5.4815,0.23711,10.05,0,,,,,,,,,,,,,,,
20768,40.6259,-0.9712,0.23735,11.024,0,,,,,,,,,,,,,,,
17884,27.5998,1.1721,0.23776,10.453,0,,,,,,,,,,,,,,,
470008,53.0828,-29.0138,0.23954,10.3869,0,,,,,,,,,,,,,,,
18486,55.18,1.0031,0.23971,7.0,0,,,,,,,,,,,,,,,
510251,244.494,55.7428,0.24004,11.5,0,,,,,,,,,,,,,,,
580300,130.334,44.7877,0.24072,9.477,0,,,,,,,,,,,,,,,
510550,243.275,55.6117,0.24106,10.6566,0,,,,,,,,,,,,,,,
460064,53.7742,-26.7649,0.24153,9.381,0,,,,,,,,,,,,,,,
17223,26.3614,-0.0194,0.24151,7.0,0,1153533.0,,58.61081128938482,,,,,,,,0.07999999821186066,34.51186683094512,,,
14481,2.6817,0.2013,0.24207,11.215,0,,,,,,,,,,,,,,,
20111,354.394,0.2481,0.24267,10.934,0,,,,,,,,,,,,,,,
480064,128.796,44.4482,0.24271,8.867,0,2244512.0,,78.8499866835273,,,,,,,,0.03999999910593033,24.747746415913266,,,
20088,13.2052,0.6315,0.24316,11.383,0,,,,,,,,,,,,,,,
13506,25.2433,-0.7278,0.24341,10.19,0,,,,,,,,,,,,,,,
19023,307.117,0.0062,0.24405,7.0,0,,,,,,,,,,,,,,,
15466,317.645,-0.1232,0.24436,10.622,0,,,,,,,,,,,,,,,
3377,54.1562,1.0792,0.24449,9.666,0,,,,,,,,,,,,,,,
000174,162.029,56.8502,0.24497,10.532,0,,,,,,,,,,,,,,,
420407,333.949,-0.3155,0.24512,10.504,0,,,,,,,,,,,,,,,
20039,9.8786,1.0243,0.24539,11.428,0,,,,,,,,,,,,,,,
000010,149.749,3.1575,0.24594,10.786,0,,,,,,,,,,,,,,,
13835,6.0596,-0.2483,0.24604,10.507,0,,,,,,,,,,,,,,,
15219,34.6111,0.2267,0.24637,11.081,0,,,,,,,,,,,,,,,
12977,13.6956,-0.2509,0.24643,9.614,0,,,,,,,,,,,,,,,
05D3mq,214.752,52.3851,0.24649,10.723,0,,,,,,,,,,,,,,,
1334645,36.3796,-5.879,0.24701,10.453,0,175047.0,,69.05073207429164,,,,,,,,0.4699999988079071,73.78967007356067,,,
3451,334.069,0.7081,0.24835,10.839,0,,,,,,,,,,,,,,,
420087,352.767,0.1062,0.24848,7.0,0,,,,,,,,,,,,,,,
450082,353.356,0.3105,0.24848,10.292,0,,,,,,,,,,,,,,,
560152,334.8,1.1602,0.24851,11.416,0,,,,,,,,,,,,,,,
15161,35.8429,0.819,0.24853,11.065,0,,,,,,,,,,,,,,,
19990,34.8064,-0.3848,0.24883,10.628,0,,,,,,,,,,,,,,,
120585,35.7735,-3.6103,0.24899,9.363,0,,,,,,,,,,,,,,,
3199,333.293,1.0505,0.24961,7.0,0,,,,,,,,,,,,,,,
16106,332.089,-1.1488,0.24973,11.035,0,,,,,,,,,,,,,,,
15868,38.0998,-0.7136,0.24974,10.387,0,,,,,,,,,,,,,,,
520077,244.663,55.6842,0.25004,11.3931,0,,,,,,,,,,,,,,,
390449,242.951,54.4558,0.25008,7.0,0,,,,,,,,,,,,,,,
13689,4.0161,0.8076,0.2503,10.45,0,,,,,,,,,,,,,,,
5717,17.896,-0.0059,0.25037,9.431,0,1154390.0,,89.48020786744185,,,,,,,,0.2199999988079071,54.54099080577416,,,
500004,213.023,51.6739,0.25052,9.155,0,,,,,,,,,,,,,,,
16213,8.9711,0.2584,0.25077,7.0,0,,,,,,,,,,,,,,,
17552,322.321,-1.0032,0.25191,10.693,0,,,,,,,,,,,,,,,
310161,352.966,-0.6604,0.25247,9.577,0,,,,,,,,,,,,,,,
9032,337.885,-0.4936,0.25249,9.252,0,,,,,,,,,,,,,,,
000034,36.0664,-3.1865,0.25319,8.938,0,,,,,,,,,,,,,,,
17464,6.6408,0.042,0.25345,9.285,0,,,,,,,,,,,,,,,
5736,22.8627,-0.6316,0.25394,10.474,0,,,,,,,,,,,,,,,
1336480,41.7246,-1.1646,0.25605,10.476,0,,,,,,,,,,,,,,,
1112,339.018,-0.3752,0.25609,11.351,0,1144607.0,,99.70801572608508,,,,,,,,0.17000000178813934,48.76560643100902,,,
17340,41.2121,0.3648,0.25625,11.443,0,,,,,,,,,,,,,,,
9457,335.814,0.253,0.25672,11.129,0,,,,,,,,,,,,,,,
19207,333.464,-0.9203,0.25721,10.626,0,,,,,,,,,,,,,,,
18325,8.9057,0.37,0.25723,11.5,0,,,,,,,,,,,,,,,
8046,39.1168,0.5113,0.2576,11.335,0,,,,,,,,,,,,,,,
6108,1.8066,0.349,0.258,9.323,0,1164301.0,,94.11369507143972,,,,,,,,0.17000000178813934,48.76560643100902,,,
550041,352.54,-0.8664,0.25847,7.4,0,,,,,,,,,,,,,,,
1297026,35.821,-5.1821,0.25855,10.607,0,,,,,,,,,,,,,,,
1303883,8.8633,-44.9171,0.25911,10.894,0,,,,,,,,,,,,,,,
1289664,40.8968,-1.1299,0.25908,7.0,0,10311.0,KDG24,60.89269250082864,,,,,,,,,,,,Sm
1335694,42.845,-0.6485,0.25912,10.969,0,,,,,,,,,,,,,,,
12972,7.9586,-0.383,0.25935,9.177,0,,,,,,,,,,,,,,,
1330426,53.9704,-28.6924,0.25954,7.0,0,738287.0,,101.4294000770948,,,,,,,,0.11999999731779099,41.68377078099997,,,
020176,211.862,53.3429,0.26051,8.7022,0,,,,,,,,,,,,,,,
370498,186.266,46.8062,0.26086,11.5,0,,,,,,,,,,,,,,,
15440,39.7207,0.0901,0.2613,10.852,0,,,,,,,,,,,,,,,
1337649,43.4044,0.5102,0.26151,8.682,0,,,,,,,,,,,,,,,
2017,328.943,0.5935,0.26162,10.547,0,,,,,,,,,,,,,,,
19702,47.7548,0.3568,0.26162,9.896,0,,,,,,,,,,,,,,,
1253,323.799,0.1631,0.26166,11.153,0,,,,,,,,,,,,,,,
13655,39.0202,-0.9942,0.26173,11.238,0,1129973.0,,111.72118330913995,,,,,,,,0.44999998807907104,72.59538156068751,,,
18945,10.0784,-1.0374,0.26187,7.0,0,,,,,,,,,,,,,,,
13956,20.9418,0.8167,0.2629,10.757,0,,,,,,,,,,,,,,,
520019,241.861,54.4578,0.26309,11.266,0,,,,,,,,,,,,,,,
04D3ez,214.783,53.072,0.26348,10.29,0,2430431.0,NPM1G+53.0174,100.55908710804698,,,,,,,,0.38999998569488525,68.76309351277135,,,
350235,184.35,48.3462,0.26384,10.127,0,,,,,,,,,,,,,,,
330022,35.3241,-2.9491,0.26386,10.979,0,1079484.0,,41.0876526464959,,,,,,,,0.20999999344348907,53.46706408792203,,,
12983,16.4588,0.1448,0.26395,10.418,0,,,,,,,,,,,,,,,
2943,17.7049,1.0079,0.26405,7.0,0,,,,,,,,,,,,,,,
110478,53.5803,-27.5689,0.26462,9.468,0,,,,,,,,,,,,,,,
13099,359.819,-1.2504,0.26451,10.86,0,,,,,,,,,,,,,,,
2422,1.9945,0.6382,0.2657,9.371,0,,,,,,,,,,,,,,,
6315,310.483,1.092,0.26576,9.72,0,,,,,,,,,,,,,,,
1334087,41.0084,-0.4674,0.26629,10.951,0,,,,,,,,,,,,,,,
18463,17.566,0.472,0.26687,10.244,0,,,,,,,,,,,,,,,
1309288,54.6449,-29.1944,0.26794,10.961,0,,,,,,,,,,,,,,,
520023,245.239,55.1548,0.26804,11.324,0,2492447.0,,107.55221243675227,,,,,,,,0.17000000178813934,48.76560643100902,,,
530037,333.671,-1.0504,0.2685,10.9792,0,1128415.0,,99.01128016548277,,,,,,,,0.14000000059604645,44.71307114039239,,,
06D3fp,215.077,52.8972,0.26848,9.55,0,,,,,,,,,,,,,,,
14298,314.895,1.2233,0.26879,7.0,0,,,,,,,,,,,,,,,
510638,243.469,56.0842,0.27006,8.6546,0,,,,,,,,,,,,,,,
19002,42.6154,-0.5512,0.2701,10.716,0,,,,,,,,,,,,,,,
310051,353.412,-0.5525,0.27045,10.435,0,1140128.0,NPM1G-00.0627,90.09267450797617,,,,,,,,0.029999999329447746,21.507541089430337,,,
160039,184.975,48.1403,0.27085,7.0,0,2311296.0,,16.125954235404564,,,,,,,,0.14000000059604645,44.71307114039239,,,
380378,213.525,53.4648,0.27129,10.364,0,,,,,,,,,,,,,,,
1292332,41.1435,-1.2851,0.27265,10.269,0,,,,,,,,,,,,,,,
15356,335.053,0.4099,0.2734,10.743,0,,,,,,,,,,,,,,,
420258,352.428,0.7054,0.27444,11.463,0,,,,,,,,,,,,,,,
100213,53.0671,-27.1943,0.27511,9.414,0,,,,,,,,,,,,,,,
150254,183.211,47.1458,0.27508,9.355,0,2293016.0,,49.845104072591674,,,,,,,,0.30000001192092896,62.028717999378486,,,
20227,349.12,-0.0985,0.27574,11.046,0,,,,,,,,,,,,,,,
19051,351.375,0.4231,0.27619,11.292,0,1165372.0,,24.206519782894844,,,,,,,,0.10999999940395355,40.0479631355386,,,
4000,31.016,-0.3658,0.27656,10.919,0,,,,,,,,,,,,,,,
4046,354.498,0.6421,0.27764,9.359,0,,,,,,,,,,,,,,,
1297465,51.7953,-27.8221,0.27784,10.068,0,,,,,,,,,,,,,,,
5957,34.7606,-0.2728,0.27924,10.463,0,,,,,,,,,,,,,,,
6196,337.631,-0.5027,0.2798,11.406,0,,,,,,,,,,,,,,,
040201,184.46,47.4468,0.27987,9.2773,0,,,,,,,,,,,,,,,
520188,215.524,52.5446,0.28049,8.406,0,,,,,,,,,,,,,,,
18485,47.9591,-0.6924,0.28122,10.908,0,,,,,,,,,,,,,,,
1317286,36.0079,-6.8106,0.28198,7.0,0,,,,,,,,,,,,,,,
06D3dt,214.34,52.4528,0.28256,9.589,0,,,,,,,,,,,,,,,
15584,43.4955,0.987,0.28333,10.9,0,,,,,,,,,,,,,,,
310238,35.5268,-3.2333,0.28395,9.906,0,,,,,,,,,,,,,,,
14261,328.24,0.2538,0.28436,9.135,0,,,,,,,,,,,,,,,
16072,3.1244,-0.9773,0.28434,10.943,0,,,,,,,,,,,,,,,
17791,332.373,0.7379,0.28468,9.385,0,,,,,,,,,,,,,,,
440050,333.867,1.5495,0.28547,11.03,0,,,,,,,,,,,,,,,
350080,130.635,43.9989,0.28577,11.229,0,,,,,,,,,,,,,,,
20040,328.879,0.8151,0.28655,10.257,0,,,,,,,,,,,,,,,
20245,341.706,0.7563,0.28723,11.5,0,,,,,,,,,,,,,,,
17809,6.3646,-0.8396,0.28746,9.84,0,,,,,,,,,,,,,,,
19128,354.204,-0.7822,0.28763,7.0,0,,,,,,,,,,,,,,,
1334644,35.1072,-5.7725,0.28806,11.217,0,,,,,,,,,,,,,,,
1313594,34.8329,-5.7894,0.28835,10.379,0,1040371.0,,61.5709282047665,,,,,,,,0.6100000143051147,81.64776712836814,,,
091869,351.908,-1.7625,0.28843,10.347,0,,,,,,,,,,,,,,,
2165,17.0917,-0.0962,0.28882,9.485,0,1152231.0,,87.7824971164504,,,,,,,,0.05999999865889549,30.09793122596416,,,
2789,344.202,0.4011,0.2889,11.224,0,,,,,,,,,,,,,,,
1334597,35.8313,-4.0678,0.28896,8.88,0,,,,,,,,,,,,,,,
1310395,36.5343,-6.76,0.28899,7.0,0,,,,,,,,,,,,,,,
350180,53.4627,-28.1376,0.28952,8.885,0,,,,,,,,,,,,,,,
1289288,10.1789,-43.9483,0.29001,10.645,0,,,,,,,,,,,,,,,
570056,37.0067,-3.495,0.28998,10.819,0,,,,,,,,,,,,,,,
19596,53.8843,0.7034,0.29036,9.959,0,,,,,,,,,,,,,,,
19027,328.884,-0.372,0.29114,9.592,0,,,,,,,,,,,,,,,
1291090,9.4631,-43.7215,0.29199,9.711,0,,,,,,,,,,,,,,,
1263715,41.6099,-1.5799,0.29186,8.977,0,,,,,,,,,,,,,,,
12841,321.347,-1.0337,0.29208,10.12,0,,,,,,,,,,,,,,,
390264,243.373,53.9909,0.29208,9.619,0,2457241.0,,82.87808878105315,,,,,,,,0.09000000357627869,36.47784060460967,,,
21006,47.9418,0.0919,0.29241,7.0,0,,,,,,,,,,,,,,,
420414,334.276,0.0287,0.29246,11.004,0,,,,,,,,,,,,,,,
150509,241.234,54.8781,0.2928,10.78,0,,,,,,,,,,,,,,,
130755,183.732,46.5759,0.29291,8.952,0,,,,,,,,,,,,,,,
6249,3.2656,-0.6201,0.29354,10.047,0,,,,,,,,,,,,,,,
1303004,35.2946,-6.4631,0.29496,9.369,0,,,,,,,,,,,,,,,
19794,359.319,0.2494,0.29568,11.367,0,,,,,,,,,,,,,,,
580270,130.2,44.5906,0.29576,9.851,0,,,,,,,,,,,,,,,
1119,320.414,0.8947,0.29639,10.804,0,,,,,,,,,,,,,,,
13610,326.015,0.7263,0.29683,10.471,0,,,,,,,,,,,,,,,
1293319,36.0024,-6.4977,0.29687,9.229,0,,,,,,,,,,,,,,,
420196,351.761,-1.0284,0.29842,10.315,0,,,,,,,,,,,,,,,
570025,335.06,0.3776,0.29845,9.973,0,1164290.0,,59.301345684709545,,,,,,,,0.07999999821186066,34.51186683094512,,,
6137,307.936,0.2448,0.29888,7.0,0,,,,,,,,,,,,,,,
10550,349.675,-1.2049,0.29923,10.289,0,1123833.0,,95.40115093660958,,,,,,,,0.23000000417232513,55.57973309955202,,,
120444,51.682,-27.9362,0.29947,9.389,0,,,,,,,,,,,,,,,
14735,35.158,0.3484,0.29936,10.326,0,,,,,,,,,,,,,,,
170428,243.619,54.003,0.30007,9.1073,0,,,,,,,,,,,,,,,
