CID,RA,DEC,zCMB,HOST_LOGMASS,IS_CALIBRATOR,V_rot,V_rot_source,U_i,X_i
2011fe,210.774,54.2737,0.00122,10.677,1,274.1,measured,37565.405,3.334352722964997e-07
2012cg,186.803,9.4203,0.00256,9.633,1,28.6,measured,408.97999999999996,-7.998571129352108e-08
1994DRichmond,188.51,7.7016,0.00299,8.46247,0,61.8938496569724,tully-fisher,1915.4243126799506,-6.322425780407106e-08
1981B,188.623,2.1998,0.0035,9.686,1,110.096526,measured,6060.622518634336,-1.710270764198598e-08
2013aa,218.141,-44.2244,0.00478,10.53,1,171.2,measured,14654.719999999998,7.851952280173167e-08
2017cbv,218.143,-44.1341,0.00478,10.449,1,171.2,measured,14654.719999999998,7.851952280173167e-08
2001el,56.1275,-44.6398,0.00357,11.28,1,185.1,measured,17131.004999999997,1.0607190924227903e-07
2011by,178.94,55.3256,0.00369,10.417,1,77.781746,measured,3025.000005404257,-5.087856323701672e-08
1998aq,179.108,55.1287,0.00369,10.199,1,138.310086,measured,9564.8399446637,2.1886969512970402e-08
1990N,190.736,13.2565,0.00462,9.802,1,117.309015,measured,6880.702500135111,-7.978087268133104e-09
2021pit,56.1257,-44.6325,0.00366,-9.0,1,0.002667042864326648,tully-fisher,3.5565588200778454e-06,-8.45362274531971e-08
2005df,64.4077,-62.7693,0.00435,10.375,1,186.1144081859398,tully-fisher,17319.286467201302,1.0816682309263291e-07
2005df_ANU,64.4077,-62.7693,0.00435,9.552,1,115.88573928537618,tully-fisher,6714.752284859088,-9.824532431422878e-09
2013dy,334.573,40.5693,0.00293,9.131,1,50.275292,measured,1263.802492842632,-7.047452834774858e-08
2012ht,163.345,16.7764,0.00465,9.53,1,32.880465,measured,540.5624893081124,-7.852165865247762e-08
1980N,50.7513,-37.2139,0.0046,11.314,0,319.54350581172804,tully-fisher,51054.02605322493,4.835164220060672e-07
2012fr,53.4,-36.1271,0.0046,10.732,1,198.3,measured,19661.444999999996,1.342268513206822e-07
2007on,54.7125,-35.5753,0.0046,11.2901,0,315.17734709312225,tully-fisher,49668.38006032922,4.680990310894082e-07
1992A,54.1142,-34.9587,0.0046,11.5,0,355.6558820077846,tully-fisher,63245.55320336759,6.191654556759216e-07
2015F,114.066,-69.5064,0.00515,12.198,1,160.301107,measured,12848.222452712724,5.841952682923258e-08
2011B,133.952,78.2174,0.00458,11.08,0,279.27367221118755,tully-fisher,38996.891995160906,3.4936271315055777e-07
2018aoz,177.758,-28.7441,0.00701,9.85343,0,146.936789,measured,10795.20998081526,3.557668240987766e-08
2016coj,182.028,65.1772,0.00489,11.036,0,272.2889364931899,tully-fisher,37070.6324682962,3.2793018544515947e-07
SN2016coj,182.028,65.1772,0.00489,11.036,0,272.2889364931899,tully-fisher,37070.6324682962,3.2793018544515947e-07
2007sr,180.47,-18.9728,0.0066,10.682,1,169.1,measured,14297.404999999997,7.454385725394369e-08
2007gi,180.348,61.8927,0.00505,7.0,0,26.67042864326648,tully-fisher,355.65588200778444,-8.057902212225155e-08
1994ae,161.758,17.2752,0.0054,10.196,1,167.89199730387946,tully-fisher,14093.861379342934,7.227912904460931e-08
2015bp,226.375,1.634,0.00603,8.048,0,48.756216367375046,tully-fisher,1188.5843172311447,-7.13114434208523e-08
2018gv,121.394,-11.4379,0.00596,10.06,1,89.66114,measured,4019.5600130497996,-3.9812590754461725e-08
1981D,50.6599,-37.2327,0.00551,11.314,0,319.54350581172804,tully-fisher,51054.02605322493,4.835164220060672e-07
2006dd,50.6734,-37.2036,0.00551,11.01,0,268.2439870810742,tully-fisher,35977.418302575745,3.157665374174847e-07
2007af,215.588,-0.3938,0.00635,10.331,1,181.45961941119526,tully-fisher,16463.796738427915,9.864821614590287e-08
2007le,354.702,-6.5226,0.00552,9.02452,0,85.5381780598791,tully-fisher,3658.389952901791,-4.383114963114743e-08
1998dm,21.5582,-6.1039,0.00567,7.05776,0,27.57210956852441,tully-fisher,380.11061302935764,-8.030692654383226e-08
2014bv,186.129,75.5357,0.00548,10.4962,0,199.5629869799298,tully-fisher,19912.69288617581,1.3702236106705092e-07
2019np,157.342,29.5106,0.0055,10.63,1,236.597929,measured,27989.290003544516,2.2688662342067878e-07
1997br,200.177,-22.0367,0.00801,8.92838,0,80.93288011343735,tully-fisher,3275.065541728011,-4.80962089069397e-08
2011iv,54.714,-35.5922,0.00594,7.0,0,94.964441,measured,4509.12252722124,-3.4365473166115693e-08
1995al,147.733,33.5526,0.00592,10.296,1,96.661497,measured,4671.722501140504,-3.2556304465159824e-08
1996X,199.505,-26.8459,0.00812,9.77381,0,131.6686842295082,tully-fisher,8668.321203364969,1.1911853235378878e-08
2017erp,227.312,-11.3342,0.00727,10.591,1,141.987042,measured,10080.160047954882,2.7620678931095302e-08
1992G,159.077,37.3212,0.00611,10.0995,0,158.8199283158061,tully-fisher,12611.88481511889,5.5789915972068994e-08
2005cf,230.384,-7.4132,0.00703,9.184,1,114.622009,measured,6569.102473598041,-1.1445105138060907e-08
2002fk,50.5238,-15.4009,0.00668,9.89,1,114.622009,measured,6569.102473598041,-1.1445105138060907e-08
2003du,218.649,59.3344,0.00664,9.345,1,53.527983,measured,1432.6224820241441,-6.859615264349078e-08
2008Q,21.2385,9.5504,0.00722,10.553,0,206.1958858246876,tully-fisher,21258.3716655138,1.5199505675965673e-07
2003kf,91.1476,-12.6286,0.00769,8.21817,0,53.77401892212536,tully-fisher,1445.8225555185477,-6.844928201835618e-08
1998dh,348.668,4.5373,0.00769,10.935,1,256.90940047574975,tully-fisher,33001.22002640458,2.826518656293994e-07
2012hr,95.4103,-59.7141,0.00788,10.1223,0,160.9181368887589,tully-fisher,12947.323389874673,5.952217346211467e-08
2009ig,39.5484,-1.3125,0.00801,9.906,1,85.347788,measured,3642.122458246471,-4.4012149919548366e-08
1996Z,144.187,-21.1476,0.00867,7.0,0,26.67042864326648,tully-fisher,355.65588200778444,-8.057902212225155e-08
1995D,145.228,5.1406,0.0078,10.5795,0,209.36544071935677,tully-fisher,21916.943883805245,1.5932266091563003e-07
1991M,239.645,17.458,0.00758,7.68875,0,39.647654089814175,tully-fisher,785.9682374127792,-7.579115145863223e-08
2013gh,330.591,-18.9168,0.00775,9.71043,0,126.95140032062397,tully-fisher,8058.32902168366,5.124774883979108e-09
2001bg,128.829,28.4683,0.00796,10.449,1,194.21375970408477,tully-fisher,18859.49222919799,1.2530392336683012e-07
2005W,27.6906,21.7599,0.00861,10.827,1,241.42375233024777,tully-fisher,29142.714094608404,2.3972019721643704e-07
ASASSN-15so,168.546,48.3187,0.00773,10.95,1,89.66114,measured,4019.5600130497996,-3.9812590754461725e-08
PSNJ0717457,109.44,23.3446,0.00812,9.38921,0,105.51944436239977,tully-fisher,5567.1765692747895,-2.259303427412929e-08
2005am,139.052,-16.3044,0.00841,11.3117,0,319.1207144934715,tully-fisher,50919.01520941187,4.820142237767026e-07
1997bp,191.724,-11.6425,0.00931,9.75,1,236.597929,measured,27989.290003544516,2.2688662342067878e-07
2019ein,208.371,40.2754,0.00837,7.0,0,26.67042864326648,tully-fisher,355.65588200778444,-8.057902212225155e-08
2002er,257.875,7.9958,0.00853,9.82908,0,135.92520468528386,tully-fisher,9237.830634368156,1.8248500238666485e-08
2006D,193.141,-9.7752,0.00966,9.554,1,116.01923450454082,tully-fisher,6730.231387509818,-9.652304187102933e-09
2013cs,198.812,-17.9654,0.01029,9.413,0,106.97443359283952,tully-fisher,5721.764721254416,-2.087300911447572e-08
1999cp,211.63,-5.4469,0.00998,10.441,1,106.702413,measured,5692.702470011284,-2.119637026922287e-08
2002cr,211.657,-5.4394,0.00998,10.426,1,106.702413,measured,5692.702470011284,-2.119637026922287e-08
2002dj,198.251,-19.519,0.01051,11.1654,0,293.3458818043435,tully-fisher,43025.90318578392,3.9419150842143137e-07
1998es,24.3233,5.8807,0.00957,9.78837,0,132.77689110226441,tully-fisher,8814.851405391291,1.3542221610360236e-08
PTF10icb,193.705,58.8819,0.009,8.8903,0,79.17808535746913,tully-fisher,3134.584600437333,-4.965927017895508e-08
2009Y,220.599,-17.2468,0.0105,10.636,1,216.28679025958752,tully-fisher,23389.9878203974,1.7571248510181708e-07
2013E,150.023,-34.2337,0.01042,10.5748,0,208.7997602514971,tully-fisher,21798.669940541335,1.580066858196073e-07
1999ac,241.812,7.9723,0.00979,9.83179,0,136.13741367508123,tully-fisher,9266.697701070096,1.8569689672506653e-08
2009an,185.697,65.8512,0.00921,10.5117,0,201.3515585854226,tully-fisher,20271.225072389432,1.4101156963792705e-07
2006bh,340.067,-66.4851,0.01042,10.501,1,200.11516239787213,tully-fisher,20023.039110763362,1.3825012839677736e-07
2004S,101.431,-31.2312,0.0098,7.0,0,26.67042864326648,tully-fisher,355.65588200778444,-8.057902212225155e-08
2021hpr,154.161,73.4005,0.00958,6.952,1,236.597929,measured,27989.290003544516,2.2688662342067878e-07
2002dp,352.127,22.4289,0.01049,10.53,1,236.597929,measured,27989.290003544516,2.2688662342067878e-07
1997do,111.677,47.0933,0.01048,9.594,0,118.72166963827402,tully-fisher,7047.417420849736,-6.123133609352084e-09
1997bq,154.272,73.3839,0.00993,12.588,1,665.3191065880088,tully-fisher,221324.7567955331,2.378033803053265e-06
2008fv_comb,154.239,73.4101,0.00993,8.37261,1,58.773627436149255,tully-fisher,1727.1696410016377,-6.531887351402335e-08
ASASSN-16jf,339.247,-25.232,0.0104,8.01649,0,47.87981852474692,tully-fisher,1146.238510981349,-7.178260405782701e-08
iPTF13ebh,35.4999,33.2705,0.01238,11.5,0,355.6558820077846,tully-fisher,63245.55320336759,6.191654556759216e-07
2010ko,83.206,-14.0961,0.01096,7.25539,0,30.894238552375093,tully-fisher,477.22698786552974,-7.922636114478035e-08
2013ex,83.1942,-14.0459,0.01096,8.72661,0,72.05804840468834,tully-fisher,2596.181169946203,-5.5649816250109235e-08
2009ab,64.1516,2.7642,0.01189,9.3236,0,101.60848959896889,tully-fisher,5162.142579291884,-2.709964519071029e-08
2011ao,178.463,33.3629,0.01168,7.12388,0,28.64177941310478,tully-fisher,410.1757639744763,-7.997240662498879e-08
2001cz,191.876,-39.58,0.01275,7.0,0,26.67042864326648,tully-fisher,355.65588200778444,-8.057902212225155e-08
2009kk,57.4345,-3.2644,0.01244,9.51953,0,113.73980927380947,tully-fisher,6468.372106821276,-1.2565881620465595e-08
2010Y,162.766,65.7797,0.01142,10.1182,0,105.641753,measured,5580.089988456503,-2.2449353108365512e-08
2008R,45.9738,-11.9943,0.0126,11.0466,0,273.9554822110994,tully-fisher,37525.803116758005,3.3299464192040937e-07
2002ha,311.827,0.3127,0.0122,10.6057,0,212.54700791764253,tully-fisher,22588.115287371194,1.6679044991362243e-07
2009kq,129.063,28.0671,0.01247,7.75299,0,41.1412512200014,tully-fisher,846.3012759736333,-7.511985587126603e-08
2001bt,288.445,-59.2897,0.01407,10.7524,0,231.27569550477352,tully-fisher,26744.22366560836,2.1303339211372737e-07
2001ep,74.2511,-4.7612,0.01306,9.88173,0,140.10785868770694,tully-fisher,9815.106033027227,2.4671555285430384e-08
2013gy,55.5703,-4.7218,0.01309,10.4638,0,195.8754447895877,tully-fisher,19183.594935759407,1.2891005231305704e-07
AT2017cfd,130.204,73.4875,0.01222,10.6316,0,215.73966283321755,tully-fisher,23271.80105969519,1.74397480042616e-07
2017cfd,130.204,73.4875,0.01222,10.6316,0,215.73966283321755,tully-fisher,23271.80105969519,1.74397480042616e-07
1999dq,38.4987,20.9751,0.01334,10.854,1,286.378246,measured,41006.24989101825,3.717198349051323e-07
2007hj,345.449,15.5865,0.01288,10.8348,0,242.51019211429718,tully-fisher,29405.59663965666,2.4264516000127165e-07
2008hv,136.892,3.3923,0.0136,10.5379,0,204.41134491843926,tully-fisher,20891.998965682564,1.4791861070961933e-07
1997E,101.909,74.4975,0.01314,8.75604,0,73.28920245638876,tully-fisher,2685.65359834677,-5.4654301225357795e-08
2007cv,159.439,-27.0825,0.01361,9.00235,0,84.45346945998152,tully-fisher,3566.1942519140152,-4.4856965149866944e-08
1992al,311.485,-51.3944,0.01434,10.0338,0,152.92553047189335,tully-fisher,11693.108935054988,4.556715562753086e-08
1999dk,22.8622,14.2849,0.014,9.64099,0,121.97687302136686,tully-fisher,7439.178776035326,-1.7642006712831983e-09
ASASSN-16dn,162.206,-20.2639,0.01406,8.03684,0,48.44400002298324,tully-fisher,1173.4105691134,-7.148027413778983e-08
ASASSN-16la,37.3226,18.0879,0.01424,8.23133,0,54.18293117179602,tully-fisher,1467.895015183792,-6.820369278351842e-08
2005kc,338.531,5.5684,0.01386,10.6541,0,218.5521059462121,tully-fisher,23882.51150676216,1.8119255017423193e-07
2007ca,202.774,-15.1018,0.01509,9.44451,0,108.9325062360904,tully-fisher,5933.145457437937,-1.8521081234843227e-08
2006N,92.1302,64.7236,0.01416,9.70642,0,126.65869109411541,tully-fisher,8021.212014837274,4.711792486497366e-09
2006td,29.5657,36.3494,0.01504,9.15931,0,92.43948040179535,tully-fisher,4272.528768476952,-3.699793375540337e-08
2013gq,124.473,23.4696,0.01457,10.8931,0,250.78698577472917,tully-fisher,31447.0561169871,2.653594600201007e-07
2004eo,308.226,9.9285,0.0142,9.18868,0,94.01561594170013,tully-fisher,4419.46802044863,-3.5363014085975725e-08
2003gt,308.246,9.872,0.01422,7.0,0,26.67042864326648,tully-fisher,355.65588200778444,-8.057902212225155e-08
2005bo,192.421,-11.0965,0.01503,7.89478,0,44.64008323057613,tully-fisher,996.3685154163821,-7.345013264748817e-08
2001fe,144.488,25.4948,0.01448,9.95617,0,146.24212723149915,tully-fisher,10693.379888596992,3.444366983173165e-08
2013fa,310.973,12.5144,0.01429,8.70972,0,71.3608469201301,tully-fisher,2546.1852365791206,-5.6206096030742615e-08
2000dm,274.746,16.2482,0.01472,7.0,0,26.67042864326648,tully-fisher,355.65588200778444,-8.057902212225155e-08
PSNJ2043531,310.972,12.5085,0.01449,7.58761,0,37.40524431071135,tully-fisher,699.5761509720019,-7.675239305684144e-08
2011df,291.89,54.3865,0.01402,9.78368,0,132.41890602966114,tully-fisher,8767.383337046114,1.3014068121310054e-08
2005el,77.953,5.1943,0.01483,8.06485,0,49.231435098890394,tully-fisher,1211.8671009481284,-7.105238751477445e-08
2001cn,281.574,-65.7616,0.01509,10.0603,0,155.27623626647554,tully-fisher,12055.354774541163,4.9597684163625686e-08
2005de,270.597,26.0521,0.01495,7.0,0,26.67042864326648,tully-fisher,355.65588200778444,-8.057902212225155e-08
SN2017jl,14.3829,30.1852,0.01529,8.7366,0,72.47362686497792,tully-fisher,2626.2132954820245,-5.5315663788500825e-08
ASASSN-16ad,24.8836,33.8268,0.01522,8.61292,0,67.49319629888778,tully-fisher,2277.6657733200996,-5.919377798920899e-08
ATLAS16cxr,272.027,25.4088,0.01518,7.98113,0,46.91508372029313,tully-fisher,1100.5125402410565,-7.229137409689994e-08
iPTF16auf,217.788,27.236,0.01566,9.05163,0,86.88353761515118,tully-fisher,3774.3745542616944,-4.25406468991029e-08
2008bc,144.63,-63.9738,0.01572,9.92086,0,143.29960578579139,tully-fisher,10267.388509181606,2.9703876509882785e-08
2011im,341.105,-0.1672,0.01493,10.5259,0,203.0041871178089,tully-fisher,20605.34999368118,1.4472921076196878e-07
1999ej,20.7391,33.4661,0.01534,10.0866,0,157.64492551672575,tully-fisher,12425.961270587002,5.372123754961807e-08
2001en,21.3454,34.0251,0.01534,9.47732,0,111.0094614338152,tully-fisher,6161.550263912853,-1.5979735027570916e-08
2001V,179.354,25.2025,0.01592,10.9081,0,252.96183072863343,tully-fisher,31994.843902790893,2.714544211259015e-07
2008ec,345.819,8.8722,0.01506,10.6407,0,216.87275459478874,tully-fisher,23516.89584276573,1.7712452728383486e-07
2008eo,10.4668,32.9903,0.01539,9.01416,0,85.02957251332505,tully-fisher,3615.014100899401,-4.4313771072765754e-08
2009nq,348.821,19.0229,0.01527,10.1323,0,161.8471274311402,tully-fisher,13097.246328855865,6.119029112672613e-08
2005al,207.501,-30.5762,0.01629,10.2599,0,174.18269094092673,tully-fisher,15169.804911711197,8.425061536061007e-08
2013hn,207.247,-30.2907,0.01629,11.5,0,355.6558820077846,tully-fisher,63245.55320336759,6.191654556759216e-07
2001bf,270.392,26.2506,0.01556,10.1288,0,161.52137226579515,tully-fisher,13044.576849312787,6.060426413306693e-08
ASASSN-15oh,337.675,39.2932,0.01579,10.1993,0,168.21123355212356,tully-fisher,14147.509546563526,7.287604540726096e-08
1994S,187.841,29.1344,0.01619,10.2053,0,168.79321904518588,tully-fisher,14245.575397818047,7.396717515621386e-08
1999aa,126.925,21.4874,0.01579,10.8086,0,238.88011291421859,tully-fisher,28531.854172954907,2.3292346395575035e-07
2002cs,281.75,45.7055,0.01538,7.0,0,26.67042864326648,tully-fisher,355.65588200778444,-8.057902212225155e-08
iPTF14bdn,202.687,32.7618,0.01636,7.76651,0,41.46269200551998,tully-fisher,859.5774141723053,-7.497213891215676e-08
2007ss,190.275,50.3913,0.01619,10.31,0,179.27923718999003,tully-fisher,16070.522443712349,9.427244948530566e-08
2010kg,70.035,7.35,0.01595,10.2421,0,172.40704000251174,tully-fisher,14862.09372121384,8.082686662705796e-08
2013fw,318.437,13.576,0.0157,9.7636,0,130.8970911740881,tully-fisher,8567.024238918764,1.0784772503687568e-08
2013Q,356.783,29.4865,0.01612,7.0,0,26.67042864326648,tully-fisher,355.65588200778444,-8.057902212225155e-08
iPTF13dge,75.8962,1.5715,0.01581,10.6697,0,220.52356041165027,tully-fisher,24315.32034831538,1.8600819799237886e-07
2007fs,330.418,-21.5082,0.01633,10.4452,0,193.7893899957474,tully-fisher,18777.163837461943,1.2438789647003095e-07
SN2016gfr,274.898,23.7862,0.0163,9.56317,0,116.63328174351733,tully-fisher,6801.661205131344,-8.857540281298025e-09
ASASSN-16ip,36.8407,-23.9287,0.01632,9.75333,0,130.12552528529292,tully-fisher,8466.326165386703,9.664355332088174e-09
2007A,6.3194,12.8868,0.01646,10.123,1,166.099383,measured,13794.502516490342,6.894831248927847e-08
PSNJ0107203,16.8346,32.3997,0.01601,11.0223,0,270.15001479764476,tully-fisher,36490.51524758383,3.214755108637266e-07
1998ef,15.862,32.2368,0.0161,10.3088,0,179.15543824384284,tully-fisher,16048.33552617169,9.402558673485294e-08
ASASSN-15ti,46.2858,37.9,0.01671,8.44463,0,61.261481560177934,tully-fisher,1876.4845614740104,-6.365752096769108e-08
ASASSN-15od,35.8049,-4.5172,0.01678,9.51783,0,113.62855809235826,tully-fisher,6455.724607074217,-1.2706604033490634e-08
1996bv,94.0542,57.0525,0.01673,10.0622,0,155.44615912901463,tully-fisher,12081.75419398147,4.989141731882608e-08
1997Y,191.381,54.7381,0.01661,10.0796,0,157.01096964759927,tully-fisher,12326.222294839667,5.261149178005803e-08
2001da,358.387,8.1174,0.01658,10.1168,0,160.40946696013305,tully-fisher,12865.598545217006,5.861286193222141e-08
ASASSN-15kx,334.049,37.4738,0.01697,10.5578,0,206.7664139629775,tully-fisher,21376.174971554687,1.5330579531035367e-07
2000dk,16.848,32.4064,0.01649,10.0012,0,150.08247937116005,tully-fisher,11262.37530709734,4.07745976746183e-08
2007fb,359.218,5.5088,0.0168,9.6287,0,121.11696949166455,tully-fisher,7334.6601494224,-2.9271272288783996e-09
2006ef,31.0813,-8.7284,0.01694,7.8489,0,43.47654214205569,tully-fisher,945.1048583149721,-7.402051775696214e-08
2008C,104.298,20.4371,0.01709,10.0322,0,152.78474569690945,tully-fisher,11671.589258834645,4.5327716938002654e-08
2004fz,30.2767,31.8789,0.01646,7.0,0,26.67042864326648,tully-fisher,355.65588200778444,-8.057902212225155e-08
2006ax,171.014,-12.2914,0.01774,10.997,0,266.2441019166522,tully-fisher,35442.96090270234,3.0981989685821055e-07
1998V,275.656,15.7021,0.01718,10.5657,0,207.70884733990957,tully-fisher,21571.482631636925,1.554788860997357e-07
2013gs,142.787,46.3848,0.01748,9.13025,0,90.90598892402589,tully-fisher,4131.949411127559,-3.856209005375121e-08
2008L,49.3194,41.3827,0.01734,10.7703,0,233.67109605674165,tully-fisher,27301.09056617949,2.1922937199507613e-07
2009le,32.3214,-23.4124,0.01739,10.7233,0,227.433793706891,tully-fisher,25863.065259954325,2.032291826192966e-07
2000dr,15.4335,-15.5692,0.01765,7.0,0,26.67042864326648,tully-fisher,355.65588200778444,-8.057902212225155e-08
2007as,141.9,-80.1776,0.01791,10.2193,0,170.1590278370416,tully-fisher,14477.047377223547,7.654264826481756e-08
1992bo,20.4925,-34.212,0.01805,10.4023,0,189.0623255760275,tully-fisher,17872.281476107906,1.1431972236920596e-07
2010ai,194.85,27.9964,0.01918,9.114,0,90.05959625761784,tully-fisher,4055.3654390425663,-3.9414201662082965e-08
ASASSN-17co,272.336,18.2983,0.01791,10.9028,0,252.19123919873692,tully-fisher,31800.21056429727,2.692888331760532e-07
PS15coh,33.9935,12.2372,0.01796,8.09212,0,50.01036170801485,tully-fisher,1250.5181390832388,-7.062233671729884e-08
2009gf,213.905,14.2802,0.01925,10.9824,0,264.0158472384512,tully-fisher,34852.1837965186,3.0324661505510523e-07
2016ffh,227.956,46.251,0.01851,10.1899,0,167.30348811101777,tully-fisher,13995.228567056729,7.118169100341959e-08
ATLAS16cpu,227.956,46.251,0.01851,10.0079,0,150.66243966992315,tully-fisher,11349.585363646613,4.174494041769817e-08
2000cu,291.087,-25.9846,0.01902,7.0,0,26.67042864326648,tully-fisher,355.65588200778444,-8.057902212225155e-08
2011fs,334.331,35.5806,0.01822,10.877,0,248.47345317554817,tully-fisher,30869.528466490658,2.589335982931269e-07
ASASSN-16cs,102.653,31.1124,0.01839,9.10557,0,89.62362290653105,tully-fisher,4016.1968914460385,-3.985001052887112e-08
2006kf,55.4603,8.1569,0.01955,11.0165,0,269.24955591136967,tully-fisher,36247.66167923488,3.1877340049936376e-07
2008hs,36.3734,41.8431,0.01835,11.0508,0,274.61862963855503,tully-fisher,37707.69587227892,3.350184717666703e-07
2007au,107.942,49.8537,0.01992,9.23827,0,96.73808716025508,tully-fisher,4679.128753712554,-3.247389879176544e-08
2016W,37.6655,42.236,0.01855,8.45606,0,61.665888832551666,tully-fisher,1901.3409227543095,-6.338095664997295e-08
2002kf,99.3138,49.8528,0.01948,9.26363,0,98.16066584991816,tully-fisher,4817.758160049643,-3.0931438624449015e-08
1992bc,46.3169,-39.5596,0.01976,9.61338,0,120.05354694083321,tully-fisher,7206.4270665374215,-4.353912697477392e-09
2009ds,177.267,-9.7291,0.02033,10.9264,0,255.64069858304487,tully-fisher,32676.083386013597,2.790342326178383e-07
2006ej,9.749,-9.0157,0.01926,10.1949,0,167.78571991262007,tully-fisher,14076.023903298094,7.208066035739784e-08
2002jy,20.3178,40.4987,0.0187,10.719,0,226.87152778871757,tully-fisher,25735.345060593427,2.0180810374951577e-07
2016hpw,317.283,-18.1039,0.02019,7.0,0,26.67042864326648,tully-fisher,355.65588200778444,-8.057902212225155e-08
ATLAS16dqf,317.283,-18.1039,0.02019,7.75897,0,41.28311845077428,tully-fisher,852.1479345103297,-7.505480302178021e-08
2005ki,160.118,9.2023,0.02066,11.0605,0,276.15632566283216,tully-fisher,38131.15810179811,3.3973012450078145e-07
ASASSN-15lg,198.887,3.5007,0.02121,9.66664,0,123.79126349754708,tully-fisher,7662.138459159564,7.165603679756055e-10
2001dl,320.257,9.1807,0.01983,7.0,0,26.67042864326648,tully-fisher,355.65588200778444,-8.057902212225155e-08
PSNJ1602512,240.714,47.2248,0.02039,9.81701,0,134.98406283317678,tully-fisher,9110.348609475508,1.683007141724015e-08
2007st,27.177,-48.6494,0.02061,10.7947,0,236.97634434764834,tully-fisher,28078.893890187595,2.2788360111563923e-07
ASASSN-17bs,268.026,21.566,0.02014,10.0832,0,157.33668503168988,tully-fisher,12377.416228380593,5.3181101110297197e-08
2010A,38.1644,0.6195,0.02079,9.92075,0,143.29053218582644,tully-fisher,10266.08830704868,2.9689409810121968e-08
2003W,146.706,16.0438,0.02087,10.9327,0,256.5694809902207,tully-fisher,32913.949287795615,2.8168084770734834e-07
2001br,277.607,34.1036,0.02046,7.0,0,26.67042864326648,tully-fisher,355.65588200778444,-8.057902212225155e-08
ASASSN-16lc,292.252,-51.971,0.02001,7.0,0,26.67042864326648,tully-fisher,355.65588200778444,-8.057902212225155e-08
AT2016eoa,5.3461,22.4354,0.01993,10.2163,0,169.86542719448073,tully-fisher,14427.131677981715,7.598726120922377e-08
ASASSN-16lg,267.051,17.6256,0.02093,10.4449,0,193.75592664324492,tully-fisher,18770.679554691247,1.2431574909414814e-07
2004bw,225.945,-3.3046,0.02207,7.0,0,26.67042864326648,tully-fisher,355.65588200778444,-8.057902212225155e-08
2008Z,145.814,36.2844,0.02146,7.0,0,26.67042864326648,tully-fisher,355.65588200778444,-8.057902212225155e-08
2007bc,169.811,20.809,0.02187,10.5792,0,209.32928771043925,tully-fisher,21909.37534667992,1.5923844958306267e-07
SN2016ajf,49.9771,41.565,0.01978,11.5,0,355.6558820077846,tully-fisher,63245.55320336759,6.191654556759216e-07
2009dc,237.801,25.7078,0.02179,10.4214,0,191.15250586452618,tully-fisher,18269.640249143853,1.1874093498012439e-07
2018fop,18.8255,-6.859,0.02017,7.0,0,26.67042864326648,tully-fisher,355.65588200778444,-8.057902212225155e-08
ASASSN-15uv,126.784,27.8116,0.02104,9.45815,0,109.79119084560733,tully-fisher,6027.052793648284,-1.7476221205860338e-08
ASASSN-18da,52.3194,-23.9786,0.02157,7.0,0,26.67042864326648,tully-fisher,355.65588200778444,-8.057902212225155e-08
2006et,10.6909,-23.5584,0.0214,10.1464,0,163.16612348980152,tully-fisher,13311.591927344576,6.357520754845924e-08
1999dg,227.868,13.4849,0.02263,7.0,0,26.67042864326648,tully-fisher,355.65588200778444,-8.057902212225155e-08
2001cp,257.761,5.8411,0.02245,11.1055,0,283.403360504412,tully-fisher,40158.73237259684,3.6228993076135224e-07
1995ak,41.4535,3.2306,0.02193,10.0066,0,150.54973509237456,tully-fisher,11332.611368192076,4.155607924775873e-08
2009na,161.756,26.5439,0.02209,9.88571,0,140.42922389807222,tully-fisher,9860.183462307446,2.517310932758428e-08
ASASSN-18iu,269.418,50.0386,0.02202,7.0,0,26.67042864326648,tully-fisher,355.65588200778444,-8.057902212225155e-08
ATLAS16dpb,44.3919,5.9782,0.02238,10.8735,0,247.97334228629256,tully-fisher,30745.389242317397,2.575523631457786e-07
SNF20080514-002,202.303,11.2724,0.02292,7.0,0,26.67042864326648,tully-fisher,355.65588200778444,-8.057902212225155e-08
2006dm,355.449,-3.669,0.02161,11.0056,0,267.5654267209394,tully-fisher,35795.62878817919,3.137438562836518e-07
2008ia,132.647,-61.2779,0.02257,10.7732,0,234.06150633376708,tully-fisher,27392.394373616036,2.2024526385969794e-07
2004bg,170.256,21.3398,0.02214,8.84045,0,76.93828398433213,tully-fisher,2959.7497712268687,-5.1604570004166555e-08
2002cu,272.71,31.109,0.02217,7.0,0,26.67042864326648,tully-fisher,355.65588200778444,-8.057902212225155e-08
2006cp,184.812,22.4273,0.02334,8.32354,0,57.13667922660582,tully-fisher,1632.3000565220243,-6.63744399989136e-08
2000fa,108.874,23.4284,0.02181,8.26184,0,55.14294995964774,tully-fisher,1520.372465126107,-6.761980240731974e-08
ASASSN-16bn,47.6437,4.2697,0.02253,7.0,0,26.67042864326648,tully-fisher,355.65588200778444,-8.057902212225155e-08
ASASSN-17aj,173.294,-10.2218,0.02253,7.0,0,26.67042864326648,tully-fisher,355.65588200778444,-8.057902212225155e-08
AT2017cfb,208.528,9.4128,0.02382,8.97146,0,82.9650149272306,tully-fisher,3441.5968509377976,-4.6243298201670175e-08
2006bq,279.995,39.9824,0.02226,11.2189,0,302.52062966534845,tully-fisher,45759.365686559446,4.246053804685149e-07
2002ef,357.873,-13.3796,0.02224,7.0,0,26.67042864326648,tully-fisher,355.65588200778444,-8.057902212225155e-08
2010cr,202.354,11.7962,0.02368,10.1282,0,161.4655943932501,tully-fisher,13035.569086382775,6.050403925377697e-08
ASASSN-15il,239.284,-12.6733,0.02374,9.87434,0,139.51310217150544,tully-fisher,9731.952838758458,2.3746351222788554e-08
2000cn,269.418,27.8328,0.0226,10.7339,0,228.8258033121715,tully-fisher,26180.62413073029,2.0676250157298865e-07
2017hoq,79.8345,-17.6116,0.0235,7.0,0,26.67042864326648,tully-fisher,355.65588200778444,-8.057902212225155e-08
2009jb,260.925,30.4973,0.02324,7.79338,0,42.10900656414985,tully-fisher,886.5842169098074,-7.467164770635965e-08
2014ai,139.934,33.7637,0.02317,11.5,0,355.6558820077846,tully-fisher,63245.55320336759,6.191654556759216e-07
ASASSN-14fa,43.0961,-31.8217,0.02262,9.74865,0,129.7754357111415,tully-fisher,8420.83185700831,9.158162884414781e-09
2004at,164.688,59.4867,0.02287,7.0,0,26.67042864326648,tully-fisher,355.65588200778444,-8.057902212225155e-08
PS15cku,21.0939,3.5876,0.02222,9.13095,0,90.94262709086668,tully-fisher,4135.2807110942185,-3.852502434280486e-08
2007ci,176.441,19.7705,0.02295,10.8379,0,242.9433387489616,tully-fisher,29510.73292124635,2.43814958897312e-07
2009al,162.842,8.5785,0.02328,10.7706,0,233.71145311003266,tully-fisher,27310.521657401492,2.193343070368442e-07
2009cz,138.75,29.7353,0.02315,10.5159,0,201.83895809651253,tully-fisher,20369.482502742867,1.4210483099183138e-07
ASASSN-15nr,261.674,13.9098,0.02309,9.88465,0,140.3435622225114,tully-fisher,9848.15772865196,2.5039304995325657e-08
2004bk,204.37,4.1031,0.02405,7.0,0,26.67042864326648,tully-fisher,355.65588200778444,-8.057902212225155e-08
2018enc,229.869,-9.8806,0.0245,7.0,0,26.67042864326648,tully-fisher,355.65588200778444,-8.057902212225155e-08
2007qe,358.554,27.4093,0.0228,8.34246,0,57.762368877371074,tully-fisher,1668.245629162743,-6.597449156477785e-08
ATLAS17bas,166.898,22.8514,0.02331,8.18544,0,52.770352553346434,tully-fisher,1392.355054302238,-6.904418820060992e-08
ASASSN-15tz,40.287,43.6802,0.0222,10.1999,0,168.26934168829325,tully-fisher,14157.28567610579,7.298481951809284e-08
2010ao,205.921,3.9,0.02422,8.813,0,75.73209929893166,tully-fisher,2867.6754321116223,-5.262903518994334e-08
2006sr,0.8959,23.1962,0.02307,10.7951,0,237.0309164500413,tully-fisher,28091.827676573226,2.280275088971088e-07
ASASSN-15jt,197.038,27.8264,0.02396,9.91542,0,142.85156270978567,tully-fisher,10203.284484313912,2.8990623041259756e-08
ASASSN-16em,203.057,84.6783,0.02296,8.53565,0,64.55687445043068,tully-fisher,2083.7950194043347,-6.135088104132431e-08
2000ca,203.846,-34.1603,0.02454,7.0,0,26.67042864326648,tully-fisher,355.65588200778444,-8.057902212225155e-08
1998eg,339.876,8.6059,0.02358,10.7671,0,233.24105419557998,tully-fisher,27200.694681132733,2.1811231712382785e-07
PS1-14xw,253.24,2.3935,0.02436,9.22547,0,96.02791417948457,tully-fisher,4610.6801508312265,-3.323549221009245e-08
2010gp,253.239,2.3879,0.02436,9.22547,0,96.02791417948457,tully-fisher,4610.6801508312265,-3.323549221009245e-08
2000bh,185.313,-21.9988,0.02421,9.5093,0,113.07197961224253,tully-fisher,6392.636286715694,-1.3408556265323022e-08
2007F,195.813,50.6188,0.0242,9.63941,0,121.86598291630087,tully-fisher,7425.6588960780655,-1.9146296232060433e-09
1993H,208.209,-30.7079,0.0245,10.4495,0,194.26966696289378,tully-fisher,18870.35175093683,1.2542475184154446e-07
AT2016bln,203.689,13.8539,0.02425,10.4738,0,197.00624607285144,tully-fisher,19405.730495858443,1.3138164374701398e-07
2006ac,190.437,35.0686,0.02395,11.1921,0,297.8893629387982,tully-fisher,44369.0362760415,4.0913587950305695e-07
ASASSN-15sf,2.865,-6.4273,0.02349,8.21725,0,53.74554803330194,tully-fisher,1444.2919666999826,-6.84663121157039e-08
2005bg,184.322,16.3716,0.02414,9.73321,0,128.62710516209643,tully-fisher,8272.466091190505,7.507371107878589e-09
2009D,58.5951,-19.1817,0.02476,10.1971,0,167.99834201245244,tully-fisher,14111.721459466467,7.247784923611502e-08
PS16ccn,273.122,31.2799,0.02395,7.58621,0,37.375111389192675,tully-fisher,698.44947567728,-7.676492901013969e-08
2008bf,181.012,20.2452,0.02451,10.3728,0,185.87885802631604,tully-fisher,17275.474930583674,1.0767935400589893e-07
1994M,187.786,0.6054,0.02426,10.974,0,262.74229899201265,tully-fisher,34516.757839804086,2.995144979597028e-07
2004br,187.783,0.6132,0.02426,7.0,0,26.67042864326648,tully-fisher,355.65588200778444,-8.057902212225155e-08
ASASSN-16hz,348.94,-1.3396,0.02406,9.55271,0,115.9331124933405,tully-fisher,6720.243286196771,-9.763436801961243e-09
2003he,359.738,-2.2481,0.02404,7.0,0,26.67042864326648,tully-fisher,355.65588200778444,-8.057902212225155e-08
2001cj,200.437,31.2468,0.02491,7.0,0,26.67042864326648,tully-fisher,355.65588200778444,-8.057902212225155e-08
Gaia16agf,98.5373,-25.1846,0.02553,8.65931,0,69.31983106700737,tully-fisher,2402.61948957922,-5.78034803952108e-08
2007cq,333.668,5.0803,0.02481,9.36898,0,104.29776347441602,tully-fisher,5439.011732882613,-2.4019060398087874e-08
2003it,1.452,27.4527,0.02413,10.4235,0,191.38372166781886,tully-fisher,18313.86445971258,1.1923299568380658e-07
AT2017cfc,208.163,-2.0022,0.02499,10.4655,0,196.06722205945687,tully-fisher,19221.17778305618,1.2932821788457112e-07
2011dn,299.648,2.6045,0.02443,9.15925,0,92.43628771038786,tully-fisher,4272.2336428388,-3.70012174709817e-08
2007sw,183.404,46.4934,0.025,8.41811,0,60.333357716269234,tully-fisher,1820.0570266596521,-6.428536196543272e-08
2012bh,183.406,46.4835,0.025,8.41938,0,60.37748179731975,tully-fisher,1822.7201540928388,-6.425573067655459e-08
370356,183.406,46.4835,0.025,8.48686,0,62.7689690545959,tully-fisher,1969.971738088409,-6.261733584468804e-08
2002he,124.995,62.8203,0.02469,10.9809,0,263.7879760247084,tully-fisher,34792.04814760607,3.0257751572377175e-07
2018jjd,66.0835,-31.9874,0.02547,7.0,0,26.67042864326648,tully-fisher,355.65588200778444,-8.057902212225155e-08
2002bf,153.926,55.6685,0.02494,10.3104,0,179.32052251285967,tully-fisher,16077.924897142502,9.43548128875456e-08
ASASSN-16bq,212.86,1.286,0.02582,10.6831,0,222.23118173038134,tully-fisher,24693.349066640883,1.9021433473872634e-07
PS15ahs,269.874,43.3901,0.02522,9.35319,0,103.35404910454741,tully-fisher,5341.029733152599,-2.5109257173006327e-08
PSNJ0153424,28.4267,29.9363,0.02474,10.2733,0,175.53147234029055,tully-fisher,15405.648890975091,8.687473352808887e-08
SN2017hn,196.914,6.3376,0.02492,10.8634,0,246.53580148991713,tully-fisher,30389.950708137905,2.5359757609599434e-07
1992ag,201.041,-23.8788,0.02592,10.3918,0,187.92302542959462,tully-fisher,17657.531743306026,1.1193030934681084e-07
SN2017ms,156.676,36.6805,0.02538,8.61119,0,67.42601543810649,tully-fisher,2273.133778929887,-5.9244203227332036e-08
PSNJ2352371,358.155,14.5525,0.02525,10.5389,0,204.52904742160464,tully-fisher,20916.065619594498,1.481863883478607e-07
2005M,144.385,23.2007,0.02584,8.67964,0,70.13583884807313,tully-fisher,2459.5179454614417,-5.7170399693943614e-08
SN2017mf,214.129,39.5864,0.02618,10.508,0,200.9231580556789,tully-fisher,20185.05772153366,1.4005282856033038e-07
2005mc,126.776,21.646,0.02597,10.5777,0,209.1486162872598,tully-fisher,21871.57184743772,1.5881782892755412e-07
ASASSN-15uu,25.9859,17.0626,0.02579,9.70579,0,126.61276574199071,tully-fisher,8015.396224418108,4.647083091138557e-09
2005ms,132.31,36.13,0.02595,8.49436,0,63.04055031135971,tully-fisher,1987.0554917795373,-6.242725344966763e-08
1999gp,37.9131,39.3812,0.02603,10.9727,0,262.5457519304029,tully-fisher,34465.13592835032,2.989401267329765e-07
ASASSN-15mf,213.595,2.9755,0.02691,10.9913,0,265.37193774185954,tully-fisher,35211.13267043469,3.072404599019364e-07
ASASSN-17at,174.64,25.3971,0.02643,10.1022,0,159.06696531367953,tully-fisher,12651.149727051663,5.622679703669839e-08
SNF20071021-000,3.7493,16.335,0.0264,7.0,0,26.67042864326648,tully-fisher,355.65588200778444,-8.057902212225155e-08
2013fn,315.099,-14.4978,0.02724,7.2614,0,31.001306414655062,tully-fisher,480.5404997076665,-7.918949335341147e-08
2002eb,334.772,24.5944,0.02633,7.0,0,26.67042864326648,tully-fisher,355.65588200778444,-8.057902212225155e-08
2007co,275.765,29.8971,0.02655,9.81719,0,134.99805011090868,tully-fisher,9112.236766873704,1.685108000158956e-08
1992P,190.704,10.3601,0.02643,10.1744,0,165.81735971728935,tully-fisher,13747.698391806465,6.842754636974791e-08
2007su,334.787,13.1779,0.0266,8.47416,0,62.31175678007798,tully-fisher,1941.3775165097968,-6.293548946711056e-08
ASASSN-15fa,257.442,62.9743,0.02721,10.6915,0,223.3083669909294,tully-fisher,24933.3133840778,1.9288429785119687e-07
2005na,105.403,14.1333,0.02717,8.83614,0,76.74763397775843,tully-fisher,2945.0996605919895,-5.176757446835745e-08
ASASSN-16av,177.868,22.0261,0.02676,10.9106,0,253.32613414096897,tully-fisher,32087.0651194041,2.7248052054424164e-07
2006gj,49.3992,-1.6917,0.0277,10.9096,0,253.1803498600488,tully-fisher,32050.144777628353,2.7206972634077865e-07
2010ii,339.555,35.4917,0.02704,7.97988,0,46.88133774646078,tully-fisher,1098.9299144488639,-7.230898318366388e-08
2006ev,322.747,13.9892,0.02759,11.3017,0,317.28898519219933,tully-fisher,50336.15006214784,4.755289743889524e-07
PSNJ0252467,43.1946,46.9464,0.02748,7.0,0,26.67042864326648,tully-fisher,355.65588200778444,-8.057902212225155e-08
2009aa,170.926,-22.2707,0.02827,9.29935,0,100.19994788814257,tully-fisher,5020.0147783932425,-2.8681030247076804e-08
2011hb,351.981,8.7794,0.02775,11.031,0,271.5063527043561,tully-fisher,36857.84977941111,3.255626587380071e-07
2005eq,47.2055,-7.0332,0.02831,10.3697,0,185.5474523486631,tully-fisher,17213.928536539705,1.0699455801806973e-07
2003U,260.69,62.164,0.02794,10.2925,0,177.4822785629012,tully-fisher,15749.979601939627,9.07059293766456e-08
2009ad,75.8891,6.6599,0.02834,10.4871,0,198.52033329628017,tully-fisher,19705.16136603308,1.3471326149185392e-07
2002el,314.125,-18.5595,0.02778,7.0,0,26.67042864326648,tully-fisher,355.65588200778444,-8.057902212225155e-08
2008ar,186.158,10.8382,0.02732,9.98914,0,149.04417095810868,tully-fisher,11107.082448294963,3.9046731594106384e-08
AT2017ns,42.2932,14.6008,0.02802,9.90071,0,141.64703744621934,tully-fisher,10031.941608645333,2.7084176439089432e-08
2004gs,129.597,17.6277,0.02829,10.7301,0,228.3258040352943,tully-fisher,26066.336394181806,2.054908790082195e-07
SN2017ckx,117.045,28.2307,0.02779,10.2137,0,169.6113831129832,tully-fisher,14384.010640749577,7.550747496428948e-08
2007is,251.811,40.2436,0.02953,10.7887,0,236.1592689023821,tully-fisher,27885.60014425381,2.2573291814315883e-07
2013bs,259.342,41.0667,0.02859,10.8022,0,238.0016652090637,tully-fisher,28322.39632114362,2.3059293105016335e-07
1998ab,192.197,41.9245,0.02806,10.3527,0,183.740543072891,tully-fisher,16880.293584360454,1.0328236853563282e-07
1993ah,357.959,-27.9618,0.02828,10.5245,0,202.84065097866284,tully-fisher,20572.164844723855,1.4435997618349364e-07
2006qo,120.035,56.3688,0.02871,11.1792,0,295.6854780801339,tully-fisher,43714.95097373867,4.01858199020346e-07
ASASSN-15la,213.213,35.7112,0.02845,10.5989,0,211.71664129686215,tully-fisher,22411.9681010121,1.648305481458611e-07
1996C,207.702,49.3186,0.02875,9.36646,0,104.14657583997462,tully-fisher,5423.254629595791,-2.419438181664112e-08
PS16cvc,318.097,14.7793,0.02844,7.95752,0,46.281773826698235,tully-fisher,1071.0012942728245,-7.26197309917076e-08
ASASSN-15fs,284.67,43.4689,0.0285,10.0517,0,154.5094318814335,tully-fisher,11936.582270161667,4.827616182707094e-08
2003ch,109.491,9.693,0.02895,11.2701,0,311.56954183466985,tully-fisher,48537.789699533045,4.5551951680627286e-07
ASASSN-16ay,108.059,7.2395,0.02895,10.3341,0,181.78372382425184,tully-fisher,16522.661123705933,9.930317076169436e-08
PSNJ0859349,134.895,45.9259,0.02874,10.2177,0,170.0023777317806,tully-fisher,14450.404217229505,7.62462031302094e-08
ASASSN-16fs,221.777,11.5949,0.0299,11.2163,0,302.0681916574108,tully-fisher,45622.59620558912,4.2308361476183433e-07
LSQ12gdj,358.681,-25.6761,0.02886,8.87386,0,78.43230811459955,tully-fisher,3075.8134780917385,-5.031318710467667e-08
2000cw,356.855,28.3877,0.02896,7.0,0,26.67042864326648,tully-fisher,355.65588200778444,-8.057902212225155e-08
2002de,244.127,35.7084,0.0305,9.07466,0,88.04303309871845,tully-fisher,3875.787838611016,-4.1412271933944355e-08
ASASSN-16aj,65.4509,-15.7554,0.03053,10.9323,0,256.5104104850003,tully-fisher,32898.79534359167,2.8151223733866886e-07
ASASSN-16br,236.376,-13.1528,0.029,9.6179,0,120.3663235379259,tully-fisher,7244.025921018327,-3.935569022020082e-09
AT2017zd,203.176,-21.8011,0.03048,9.91749,0,143.02188434350427,tully-fisher,10227.629700583355,2.926150010372809e-08
ASASSN-16hh,31.1559,21.5861,0.02935,7.0,0,26.67042864326648,tully-fisher,355.65588200778444,-8.057902212225155e-08
ATLAS17ajn,176.111,-28.4574,0.02988,10.6465,0,217.59804826669406,tully-fisher,23674.455304737257,1.7887761272577882e-07
Gaia16bba,15.398,17.1013,0.02934,7.97207,0,46.671041828521346,tully-fisher,1089.0930726797942,-7.241843280912135e-08
1997dg,355.059,26.2033,0.02962,8.80558,0,75.40931497985822,tully-fisher,2843.2823928657344,-5.29004443547859e-08
2004ef,340.542,19.9946,0.02978,10.3255,0,180.88601687366292,tully-fisher,16359.875550209532,9.749193698693945e-08
ASASSN-15nq,259.33,33.4621,0.03025,10.6826,0,222.16722765877236,tully-fisher,24679.138522792393,1.9005622111463058e-07
AT2017lm,45.3849,-15.016,0.03002,9.52589,0,114.15698646068864,tully-fisher,6515.9087788929255,-1.2036964812014364e-08
ASASSN-16fo,203.149,-5.2725,0.02994,10.0329,0,152.84632308108212,tully-fisher,11680.999239703267,4.543241709541201e-08
ASASSN-16es,177.727,2.3069,0.02973,7.0,0,26.67042864326648,tully-fisher,355.65588200778444,-8.057902212225155e-08
AT2016cyt,317.399,15.1255,0.02965,10.685,0,222.47437514782266,tully-fisher,24747.423798707063,1.9081599727537154e-07
2013fy,324.363,-47.0319,0.03099,10.7658,0,233.0665758416008,tully-fisher,27160.014387264324,2.1765968781129822e-07
ASASSN-15uw,38.893,-6.0629,0.03004,10.3471,0,183.1491872083884,tully-fisher,16771.812387546648,1.0207535243847637e-07
ASASSN-16hr,336.382,38.9844,0.0298,9.46113,0,109.97969113025776,tully-fisher,6047.766230553449,-1.7245753138524392e-08
PS15cwx,78.6992,7.0504,0.03007,10.0401,0,153.48113270227998,tully-fisher,11778.229047787438,4.651424460956136e-08
1990O,258.901,16.322,0.03093,10.4738,0,197.00624607285144,tully-fisher,19405.730495858443,1.3138164374701398e-07
2001ba,174.507,-32.3308,0.03136,10.7576,0,231.96902423803337,tully-fisher,26904.81410297265,2.1482020170507793e-07
2009eu,247.171,39.5535,0.03072,11.5,0,355.6558820077846,tully-fisher,63245.55320336759,6.191654556759216e-07
2009fv,247.434,40.8116,0.03072,11.4959,0,354.8174706546785,tully-fisher,62947.718740891825,6.158516003622379e-07
SNF20080909-030,330.454,13.0553,0.03013,7.0,0,26.67042864326648,tully-fisher,355.65588200778444,-8.057902212225155e-08
2008gg,21.346,-18.1724,0.03107,10.9334,0,256.6728871085858,tully-fisher,32940.48548832842,2.8197610275745115e-07
1999cc,240.675,37.3596,0.03132,11.2896,0,315.0866448142222,tully-fisher,49639.7968701419,4.677810002077671e-07
AT2017wb,165.331,70.6649,0.03093,9.28082,0,99.13682266710369,tully-fisher,4914.05480426438,-2.985999395861599e-08
MASTEROTJ08,128.237,-3.8579,0.03156,10.638,0,216.53594302545991,tully-fisher,23443.90731096261,1.7631242034381474e-07
2007bd,127.889,-1.1994,0.03141,10.4344,0,192.5883425943112,tully-fisher,18545.13485161189,1.218062258289097e-07
2006bt,239.127,20.046,0.03241,10.8988,0,251.61121544406865,tully-fisher,31654.101868620764,2.6766315469170935e-07
2006bw,218.486,3.7988,0.03075,11.5,0,355.6558820077846,tully-fisher,63245.55320336759,6.191654556759216e-07
ASASSN-15hg,148.452,9.1939,0.03107,10.2789,0,176.0982319702695,tully-fisher,15505.293651527421,8.798343101222887e-08
ATLAS17axb,205.847,-19.9437,0.03264,9.60754,0,119.65063165439227,tully-fisher,7158.136827647529,-4.891214067554211e-09
2010gn,259.458,40.8811,0.03123,8.98332,0,83.53336867158508,tully-fisher,3488.9118408114755,-4.5716847940318935e-08
CSS160428,200.78,52.6491,0.03081,10.078,0,156.86642377639234,tully-fisher,12303.537454197352,5.2359088887935646e-08
2000dn,346.274,-3.2003,0.03081,7.0,0,26.67042864326648,tully-fisher,355.65588200778444,-8.057902212225155e-08
2006en,347.521,30.2233,0.03081,10.183,0,166.64028345080538,tully-fisher,13884.49203428238,6.994958090943397e-08
2008bq,100.26,-38.0386,0.03279,10.9133,0,253.7201711382445,tully-fisher,32186.962621210037,2.735920301540816e-07
ASASSN-16oz,135.056,-13.634,0.03207,8.01111,0,47.73176520759213,tully-fisher,1139.1607049163513,-7.186135527097657e-08
2006az,183.061,56.1794,0.03158,11.1124,0,284.53126562743626,tully-fisher,40479.02055977534,3.658536174555269e-07
010026,160.674,58.8438,0.03174,9.61222,0,119.97340798300402,tully-fisher,7196.809311528166,-4.46092465397897e-09
AT2017po,240.965,39.9901,0.03201,8.98827,0,83.77173219087732,tully-fisher,3508.851557130035,-4.549498867552355e-08
2007ai,243.224,-21.6302,0.03212,10.7402,0,229.65716303541654,tully-fisher,26371.20626673794,2.0888301381610592e-07
2007ux,152.333,14.9924,0.03183,10.0948,0,158.3908157982556,tully-fisher,12543.825264618466,5.5032651345276184e-08
ASASSN-15pr,346.664,-12.5728,0.03189,9.55707,0,116.22444892478893,tully-fisher,6754.061263935433,-9.387161053695817e-09
2008gl,20.2284,4.8053,0.03246,11.1311,0,287.6106712359757,tully-fisher,41359.94910440424,3.756552694011327e-07
SN2016hpx,90.8194,-26.8986,0.0337,9.09468,0,89.06354874948367,tully-fisher,3966.157857925827,-4.0406769863382445e-08
SN2017cii,248.333,23.7313,0.03337,8.8988,0,79.56645256465914,tully-fisher,3165.410186862077,-4.931628927432131e-08
2006te,122.929,41.5547,0.03212,10.4808,0,197.80168900421316,tully-fisher,19562.754086459732,1.3312876681585663e-07
2006os,43.7542,16.0097,0.03212,10.8407,0,243.33523289065383,tully-fisher,29606.017782974362,2.4487514596473937e-07
2004as,171.413,22.8304,0.0325,8.76504,0,73.66988563611254,tully-fisher,2713.6260248189496,-5.434306600653553e-08
ASASSN-16bc,181.357,-21.4004,0.03314,10.3011,0,178.36309333137254,tully-fisher,15906.696531367954,9.244964037977539e-08
2008gp,50.753,1.3619,0.03245,10.4696,0,196.53051656590634,tully-fisher,19312.12197083099,1.3034010844082507e-07
2010ag,255.973,31.5017,0.03336,10.6105,0,213.13510912170557,tully-fisher,22713.28737016067,1.68183177162943e-07
2005iq,359.635,-18.7092,0.03292,10.49,0,198.85201479059137,tully-fisher,19771.06189313878,1.354465037436351e-07
PS15bsq,355.467,-8.6379,0.03309,10.9397,0,257.60541961716837,tully-fisher,33180.27610806869,2.846441332224026e-07
2004L,156.767,16.0187,0.03344,10.1437,0,162.91272034464137,tully-fisher,13270.27722504566,6.311551949017197e-08
2003gn,338.465,20.8024,0.03316,7.0,0,26.67042864326648,tully-fisher,355.65588200778444,-8.057902212225155e-08
2003cq,179.059,60.522,0.03323,10.4839,0,198.15498193254803,tully-fisher,19632.698432344216,1.3390700261954668e-07
2006S,191.413,35.0868,0.0331,10.2024,0,168.51167506796529,tully-fisher,14198.092317105755,7.343885463205254e-08
2011dl,244.521,21.5511,0.03432,9.08368,0,88.50137041601393,tully-fisher,3916.2462827562517,-4.0962111032483964e-08
2006gr,338.095,30.8287,0.03352,10.0957,0,158.472896433203,tully-fisher,12556.82945196434,5.517734244306937e-08
ASASSN-16dw,202.503,-27.9739,0.03565,10.1423,0,162.78148109445053,tully-fisher,13248.905293651476,6.287772468353484e-08
2007ba,229.178,7.3966,0.03533,11.1077,0,283.762496059222,tully-fisher,40260.57708487998,3.634231060096583e-07
ATLAS17ajs,171.977,27.3458,0.0337,9.50928,0,113.07067783046281,tully-fisher,6392.489092520157,-1.3410194021622172e-08
1996bl,9.0749,11.3946,0.03481,10.1459,0,163.11916726221634,tully-fisher,13303.931364159453,6.348997228788594e-08
2003kc,146.643,30.6553,0.0341,10.3635,0,184.88641254153814,tully-fisher,17091.49277123991,1.056322764068319e-07
2003iv,42.5302,12.8462,0.03351,10.8038,0,238.22097382347707,tully-fisher,28374.61618470287,2.3117395539132647e-07
ASASSN-15jl,230.671,50.9766,0.03492,8.79586,0,74.98855684191183,tully-fisher,2811.6418286163203,-5.325249311064268e-08
1992bg,115.486,-62.5194,0.03574,10.4968,0,199.63192549834488,tully-fisher,19926.45283908836,1.3717546119084538e-07
2005eu,36.9303,28.1768,0.03369,8.86794,0,78.16547937184323,tully-fisher,3054.9210827150246,-5.054564635354662e-08
2008at,156.801,71.4157,0.03497,11.3036,0,317.63620285996535,tully-fisher,50446.37868364852,4.767554332078668e-07
ASASSN-15tg,5.171,25.229,0.03445,10.227,0,170.91492771239916,tully-fisher,14605.956257467315,7.797695299310794e-08
2007hu,254.125,27.9779,0.03518,11.2439,0,306.9057291374328,tully-fisher,47095.56328868962,4.394725838376033e-07
PTSS-16efw,263.908,8.809,0.03542,9.96056,0,146.6121611875887,tully-fisher,10747.562904047742,3.504653718351596e-08
2016fbk,26.0272,34.3827,0.03495,10.765,0,232.95926942707067,tully-fisher,27135.01060599725,2.173814832250146e-07
AT2016fbk,26.0272,34.3827,0.03495,10.7289,0,228.16813662014445,tully-fisher,26030.34928435445,2.0509046841055337e-07
1994T,200.378,-2.149,0.03564,10.2173,0,169.9632377440372,tully-fisher,14443.751092218054,7.617217713104017e-08
ASASSN-15mi,210.815,41.6041,0.03501,9.51083,0,113.1716103595537,tully-fisher,6403.906695687321,-1.328315605358274e-08
ASASSN-15ss,93.1391,-14.2575,0.03592,10.7564,0,231.8088410445438,tully-fisher,26867.669393207292,2.1440691107105271e-07
2001ck,219.459,30.4839,0.03544,7.0,0,26.67042864326648,tully-fisher,355.65588200778444,-8.057902212225155e-08
PS15bbn,315.99,13.3684,0.03602,7.94021,0,45.82289205373427,tully-fisher,1049.8687180840914,-7.285486261251711e-08
ASASSN-15lu,200.304,40.2657,0.03577,9.65851,0,123.21327341721951,tully-fisher,7590.755373093246,-7.768357915408854e-11
2008hj,1.008,-11.1687,0.03643,9.9461,0,145.3968493173739,tully-fisher,10570.121895709563,3.3072239704779104e-08
2000dg,1.5575,8.8882,0.03725,7.0,0,26.67042864326648,tully-fisher,355.65588200778444,-8.057902212225155e-08
2002G,196.98,34.0851,0.03631,10.5613,0,207.18341900957554,tully-fisher,21462.48455624867,1.542661189528309e-07
2006mo,11.6606,36.3327,0.03616,10.793,0,236.7445530473726,tully-fisher,28023.991698800102,2.2727273185239163e-07
2008ei,334.388,33.2559,0.03654,7.0,0,26.67042864326648,tully-fisher,355.65588200778444,-8.057902212225155e-08
2002hu,34.5836,37.4663,0.03591,10.099,0,158.77422284374143,tully-fisher,12604.626919817028,5.5709160995924515e-08
2000cf,238.234,65.9369,0.03646,9.49238,0,111.9760118783058,tully-fisher,6269.31361808524,-1.478070600696659e-08
2001eh,24.5504,41.6552,0.03627,11.1794,0,295.719522088529,tully-fisher,43725.01787213399,4.019702083709844e-07
ASASSN-16db,167.357,29.5732,0.03589,10.678,0,221.5797130748579,tully-fisher,24548.784623168176,1.8860583837739366e-07
AT2016hns,324.921,24.4065,0.03704,10.4701,0,196.5870907369139,tully-fisher,19323.242122201806,1.3046383681128568e-07
ASASSN-15bc,61.561,-8.8856,0.03639,8.86694,0,78.1204966532554,tully-fisher,3051.4059986756442,-5.058475693808113e-08
2007jg,52.4617,0.0568,0.03652,8.21426,0,53.65312170835642,tully-fisher,1439.3287345258534,-6.852153552127141e-08
AT2016cvw,341.553,10.5588,0.03761,10.8943,0,250.96028313511437,tully-fisher,31490.53185562838,2.658431928504626e-07
2002eu,27.4317,32.6286,0.03672,10.5735,0,208.64356545720744,tully-fisher,21766.068703348,1.576439481357015e-07
2008gb,44.488,46.8657,0.03641,9.17934,0,93.51149400926373,tully-fisher,4372.199755922283,-3.58889444577237e-08
2007O,224.022,45.4047,0.03732,10.8351,0,242.5520757572123,tully-fisher,29415.754727066218,2.427581839665281e-07
2008fr,17.9548,14.6408,0.0379,8.07746,0,49.59010132494765,tully-fisher,1229.5890747092872,-7.08552039637871e-08
SN2017ciy,256.029,25.0529,0.03762,9.7066,0,126.67181568269505,tully-fisher,8022.874444175333,4.730289507459133e-09
2008O,104.394,-45.8123,0.0394,11.4466,0,344.8895182558781,tully-fisher,59474.389901385824,5.77205605082548e-07
2009bv,196.835,35.7844,0.03748,10.123,0,160.98299230276214,tully-fisher,12957.761905375586,5.963831761068674e-08
2008051,229.995,4.9046,0.03835,8.26419,0,55.217596096799305,tully-fisher,1524.4914593546328,-6.757397241572721e-08
ASASSN-15np,226.511,7.5615,0.03832,10.1408,0,162.64098493083068,tully-fisher,13226.044989635344,6.262336949808532e-08
2010dw,230.668,-5.9211,0.03871,10.008,0,150.6711127467434,tully-fisher,11350.892108170929,4.175947991138045e-08
ASASSN-15pn,60.8598,-5.492,0.038,9.1308,0,90.93477481222706,tully-fisher,4134.566635075222,-3.853296951003049e-08
1999aw,165.402,-6.1088,0.03928,9.41836,0,107.30500908638085,tully-fisher,5757.182487514138,-2.0478933318333983e-08
2008dr,332.715,2.1082,0.03996,11.3888,0,333.6030370170585,tully-fisher,55645.493153502444,5.346033832709883e-07
PS15cze,56.8476,0.8772,0.03891,10.4136,0,190.29614727035178,tully-fisher,18106.311832969706,1.1692366126601126e-07
2003fa,266.032,40.881,0.04015,10.3091,0,179.18637996359607,tully-fisher,16053.87938222911,9.408727045238336e-08
SN2016glz,1.4732,8.4302,0.03975,9.40195,0,106.29614040844577,tully-fisher,5649.434732866007,-2.167778877082293e-08
PS16axi,162.03,0.1635,0.04056,10.1805,0,166.40064128321177,tully-fisher,13844.586709732059,6.950557429345643e-08
SN2017coa,132.48,56.099,0.04045,8.76499,0,73.6677652768712,tully-fisher,2713.4698204440942,-5.434480401459992e-08
2009do,188.743,50.8512,0.04027,10.4649,0,195.9995145333946,tully-fisher,19207.90484866318,1.2918053657260744e-07
2001az,248.615,76.0297,0.04059,10.239,0,172.09965339313158,tully-fisher,14809.145349018008,8.023773653414157e-08
2007jh,54.0064,1.1034,0.04023,10.84,0,243.23720012927356,tully-fisher,29582.16776336413,2.4460977870817736e-07
1992bl,348.805,-44.7433,0.0428,10.8343,0,242.44040211420983,tully-fisher,29388.674288649876,2.424568734533091e-07
2014bj,290.663,43.8908,0.04239,7.87303,0,44.08465999898464,tully-fisher,971.7286236130382,-7.372428841744963e-08
2006cf,163.511,46.0267,0.04223,10.9479,0,258.82426873858526,tully-fisher,33495.00104403169,2.881459203988096e-07
2006cz,222.153,-4.7419,0.04251,10.8544,0,245.26184766174768,tully-fisher,30076.686959227154,2.5011204681814316e-07
2007kk,55.5969,39.2418,0.0413,10.8891,0,250.21019171331292,tully-fisher,31302.570018606402,2.637518353654782e-07
AT2016htm,38.0109,-26.6659,0.04265,9.40838,0,106.69031458031655,tully-fisher,5691.411612623453,-2.1210732994672148e-08
ASASSN-16ct,228.476,4.7573,0.04252,8.98925,0,83.8190039511423,tully-fisher,3512.812711680804,-4.545091488719405e-08
SN2016ayg,112.572,25.0321,0.04328,8.05522,0,48.95927698518339,tully-fisher,1198.5054014559541,-7.120105647166385e-08
2007nq,14.3899,-1.3886,0.04275,11.1165,0,285.20359510144897,tully-fisher,40670.545329395616,3.679846179120636e-07
MASTERJ0134,23.5627,-17.8121,0.04391,9.19675,0,94.453378252563,tully-fisher,4460.72033166087,-3.4904020222149325e-08
ASASSN-15mg,233.094,41.8504,0.04307,9.84386,0,137.08659697093134,tully-fisher,9396.367534535279,2.0012461147241642e-08
AT2016cvv,290.12,54.2087,0.04404,11.4594,0,347.4401434496992,tully-fisher,60357.32664017377,5.8702960120159e-07
2005ku,344.927,-0.0137,0.04397,9.64568,0,122.3066288021214,tully-fisher,7479.455724469955,-1.316059181948611e-09
1992bh,74.8628,-58.8304,0.0451,10.1363,0,162.2202235920931,tully-fisher,13157.70047113434,6.186293417467432e-08
2006gt,14.0721,-1.6294,0.04366,9.98853,0,148.9918441456229,tully-fisher,11099.284810956791,3.895997117789236e-08
2006hx,18.4888,0.3717,0.04429,10.1086,0,159.65407049432173,tully-fisher,12744.711112702926,5.726780784659171e-08
PS16cqa,234.779,9.2946,0.04433,10.6243,0,214.8349799515743,tully-fisher,23077.034305396664,1.7223040764173963e-07
PSNJ1204051,181.021,14.0681,0.04502,10.0939,0,158.30877767676517,tully-fisher,12530.834544755731,5.4888110093441694e-08
2005hc,29.1998,-0.2137,0.04496,7.0,0,26.67042864326648,tully-fisher,355.65588200778444,-8.057902212225155e-08
SN2016esh,241.06,16.6902,0.04488,9.49048,0,111.85360753856087,tully-fisher,6255.6147596952005,-1.4933126362522067e-08
PS17tn,145.807,41.3173,0.04549,10.2394,0,172.13928536539706,tully-fisher,14815.966783054799,8.031363522377558e-08
2008050,204.198,5.1418,0.04627,9.02736,0,85.67813327349224,tully-fisher,3670.3712606151485,-4.36978396041588e-08
AT2016ews,225.652,23.3528,0.04612,10.3881,0,187.52319577736515,tully-fisher,17582.47447727801,1.1109518463427781e-07
2005lz,32.7073,34.9828,0.04541,11.0342,0,272.0069468113276,tully-fisher,36993.8895568102,3.270763053974933e-07
360156,150.807,1.8953,0.04673,9.8038,0,133.9614981080296,tully-fisher,8972.841487673806,1.5300098349435795e-08
2004gu,191.603,11.9489,0.0467,10.026,0,152.24042780114365,tully-fisher,11588.573928537615,4.440404681891965e-08
2008cf,211.886,-26.5518,0.04692,8.91208,0,80.17703572938917,tully-fisher,3214.178529175874,-4.877366828623043e-08
AT2017yk,146.133,-12.3082,0.04764,10.0803,0,157.07425034197234,tully-fisher,12336.160060246297,5.272206433242538e-08
2016afk,155.625,15.0966,0.04677,9.44086,0,108.70386745962371,tully-fisher,5908.265400339717,-1.8797909204092736e-08
PS16fa,154.819,4.7617,0.04734,10.2881,0,177.03331252951614,tully-fisher,15670.396872586667,8.98204520938909e-08
PS15aii,191.19,9.7597,0.04768,10.3823,0,186.89814703121974,tully-fisher,17465.45868185171,1.0979320832087549e-07
PS17akj,207.455,-3.08,0.0478,8.85712,0,77.68013929360566,tully-fisher,3017.1020203369885,-5.09664401722948e-08
ATLAS16agv,250.29,50.9724,0.04777,9.10622,0,89.65716365905149,tully-fisher,4019.2034976929713,-3.981655752277931e-08
ASASSN-15pm,24.6504,-4.6798,0.04777,10.292,0,177.43120240759217,tully-fisher,15740.915793901968,9.0605080911434e-08
1995ac,341.392,-8.7513,0.04867,10.3844,0,187.12421681254045,tully-fisher,17507.736258853318,1.10263609805082e-07
AT2016gmg,320.924,33.1147,0.04839,10.9955,0,266.0143075035887,tully-fisher,35381.80589830693,3.091394556675254e-07
1990af,323.747,-62.7371,0.05018,11.2421,0,306.5878893822235,tully-fisher,46998.066957923256,4.383877908586812e-07
PS16el,162.802,19.3625,0.04896,9.98418,0,148.61922616021533,tully-fisher,11043.837192230616,3.834303321705517e-08
2006cq,201.105,30.9563,0.04928,10.6551,0,218.67795086911593,tully-fisher,23910.023098157737,1.8149865791131605e-07
1993ag,150.894,-35.4626,0.05019,10.7191,0,226.88458793956306,tully-fisher,25738.30812225266,2.0184107225672815e-07
PS15asb,215.085,-9.3009,0.04952,10.2884,0,177.06388773949547,tully-fisher,15675.810170712324,8.988068315852037e-08
1998dx,272.8,49.8613,0.0498,11.2793,0,313.2239742396026,tully-fisher,49054.62901922562,4.6127012978653943e-07
PS16dnp,344.915,2.1498,0.04998,8.04941,0,48.795805963163815,tully-fisher,1190.5153397973663,-7.128995789718683e-08
2007kh,48.8004,43.1703,0.04944,9.56783,0,116.94657189299788,tully-fisher,6838.250338762061,-8.450431265446321e-09
ASASSN-17eb,234.642,13.3478,0.0497,10.8378,0,242.9293542087168,tully-fisher,29507.335568132086,2.4377715824598185e-07
PS15brr,358.356,-15.6545,0.05063,9.68818,0,125.33575909293914,tully-fisher,7854.526253701637,2.857163271788298e-09
2008hu,122.312,-18.6536,0.05071,11.5,0,355.6558820077846,tully-fisher,63245.55320336759,6.191654556759216e-07
AT2016cor,236.13,16.3035,0.04995,9.59462,0,118.76404904618651,tully-fisher,7052.449672922497,-6.067142253843755e-09
PS16fbb,1.7631,-20.6968,0.05139,8.77965,0,74.29207622659274,tully-fisher,2759.6562950289326,-5.3830910179242526e-08
2003ic,10.4593,-9.3053,0.05196,9.30338,0,100.43266701915631,tully-fisher,5043.360302290364,-2.842127626234947e-08
ASASSN-16hc,209.768,33.139,0.05165,10.7547,0,231.58210418256297,tully-fisher,26815.135488811724,2.1382239255434827e-07
1993O,202.785,-33.2152,0.05148,10.2759,0,175.79438353673348,tully-fisher,15451.832641530073,8.738859705452654e-08
2006ot,33.7702,-20.7662,0.05232,11.3736,0,330.69680243423034,tully-fisher,54680.18757011218,5.238629101563079e-07
AT2016htn,32.8711,-16.5102,0.05229,10.2648,0,174.67469582846397,tully-fisher,15255.6246813832,8.52054890759707e-08
PS16evk,338.344,-1.357,0.0532,9.93232,0,144.24806486491502,tully-fisher,10403.752108636363,3.122112617565287e-08
PS16n,75.9333,3.4125,0.05268,10.0228,0,151.96024870317032,tully-fisher,11545.95859296469,4.392988726378005e-08
2010dt,250.811,32.6751,0.05291,10.1659,0,165.00799819844204,tully-fisher,13613.819734728522,6.693794541672634e-08
2006lu,138.824,-25.6001,0.05449,10.0668,0,155.85832179604967,tully-fisher,12145.908236540483,5.060522730931961e-08
PS16bby,215.075,-22.189,0.0543,10.4871,0,198.52033329628017,tully-fisher,19705.16136603308,1.3471326149185392e-07
PS16ayd,216.826,-1.6753,0.05485,10.4328,0,192.41104383724297,tully-fisher,18511.004895268718,1.2142647885052633e-07
SN2017cpu,211.969,9.642,0.05529,10.521,0,202.4323867675706,tully-fisher,20489.43560620764,1.4343948926477024e-07
490007,184.268,46.6275,0.05513,9.16275,0,92.62271256404394,tully-fisher,4289.4834413607505,-3.6809287578058076e-08
AT2017oz,211.673,30.3188,0.05641,9.48953,0,111.79245555428051,tully-fisher,6248.776559427891,-1.5009211601629347e-08
2006py,340.425,-0.1369,0.05658,9.57313,0,117.30391197363473,tully-fisher,6880.10388215912,-7.984747791378516e-09
PS16aer,163.742,14.2716,0.05668,10.2711,0,175.30931615833904,tully-fisher,15366.678165952237,8.644112573427758e-08
2005hj,21.7017,-1.2381,0.05631,9.22407,0,95.9505560000395,tully-fisher,4603.254598358358,-3.331811262384411e-08
2008eq,255.03,23.1324,0.0568,10.1809,0,166.43896085835485,tully-fisher,13850.963845804486,6.957652950154091e-08
2006ob,27.9506,0.2633,0.0576,11.0302,0,271.38134819383953,tully-fisher,36823.918073752975,3.2518511759598195e-07
SN2016gmb,8.6861,-6.1589,0.05708,9.39885,0,106.10662372635511,tully-fisher,5629.307799303151,-2.190173110839192e-08
2001ah,167.624,55.1608,0.05837,10.5719,0,208.45148610116996,tully-fisher,21726.01102889312,1.5719824639842553e-07
LSQ13crf,47.7093,1.4219,0.05934,8.80055,0,75.19128305956727,tully-fisher,2826.8645240719834,-5.3083117781122376e-08
SN2017cjv,152.69,-3.7775,0.06079,10.6078,0,212.80410225679768,tully-fisher,22642.792968660797,1.6739882116514002e-07
2008bz,189.741,11.1295,0.0613,10.3562,0,184.1111097053412,tully-fisher,16948.450358466085,1.0404071492092346e-07
SN2016hhv,353.952,20.7088,0.06067,10.7875,0,235.9961921899236,tully-fisher,27847.101364071674,2.253045614438823e-07
2008go,332.687,-20.7881,0.06116,10.7539,0,231.47548123510927,tully-fisher,26790.44920651271,2.1354772062051073e-07
2006oa,320.929,-0.8435,0.06142,8.11091,0,50.55422949961342,tully-fisher,1277.8650601497918,-7.03180611847229e-08
1992bs,52.3749,-37.2718,0.0637,10.5104,0,201.2009354944994,tully-fisher,20240.908221930848,1.406742491843059e-07
SN2016aqb,170.493,-13.9837,0.06419,9.62423,0,120.80571932978425,tully-fisher,7297.010911393302,-3.3460314969129127e-09
PS16bnz,155.154,-2.4668,0.06398,11.2932,0,315.7402842877433,tully-fisher,49845.96356105247,4.7007491400974745e-07
2007ae,255.467,79.0318,0.06485,10.8837,0,249.43362346819114,tully-fisher,31108.56625823567,2.615932524169671e-07
PS15cms,149.646,0.743,0.06603,10.4286,0,191.94641079722433,tully-fisher,18421.712308968396,1.2043296483900406e-07
6057,52.5536,-0.9746,0.06652,9.52798,0,114.29441146375838,tully-fisher,6531.606245923451,-1.1862306936300226e-08
SN2016ixf,159.936,15.0347,0.06723,9.99601,0,149.63476146667952,tully-fisher,11195.280919595038,4.00280719344651e-08
AT2016aj,70.6025,-21.7244,0.06731,10.7026,0,224.73980290949552,tully-fisher,25253.989505899444,1.96452300900396e-07
PS15bjg,343.793,-0.4102,0.06758,11.2378,0,305.8299372840999,tully-fisher,46765.97526959824,4.358054225584371e-07
CSS160129,115.123,10.9333,0.06841,8.86459,0,78.01488913464296,tully-fisher,3043.1614633453155,-5.067648976505538e-08
2006al,159.868,5.1834,0.06908,10.5011,0,200.1266822841834,tully-fisher,20025.344481037242,1.3827577910042196e-07
PTSS17-niq,215.069,15.3417,0.0691,10.6052,0,212.4858407742253,tully-fisher,22575.116264764707,1.6664581628130493e-07
1993B,158.717,-34.4417,0.07076,9.39781,0,106.04311965949347,tully-fisher,5622.571613558825,-2.1976681282852038e-08
2008Y,169.877,54.4628,0.07028,10.544,0,205.13038525028156,tully-fisher,21039.237476464463,1.4955686008236664e-07
PS17yt,150.992,49.0412,0.07046,9.95752,0,146.3558194451335,tully-fisher,10710.012942728259,3.4628737517846626e-08
PS16em,163.892,-3.3663,0.07113,10.0881,0,157.7811058728559,tully-fisher,12447.438685230682,5.396020601568983e-08
2006on,328.994,-1.0702,0.07068,10.2479,0,172.9836257305779,tully-fisher,14961.667385448323,8.193477305797759e-08
470043,128.994,44.7675,0.07061,7.0,0,26.67042864326648,tully-fisher,355.65588200778444,-8.057902212225155e-08
ATLAS16bwu,18.5927,-13.1531,0.07074,9.63137,0,121.30326644266702,tully-fisher,7357.241224830334,-2.6758788806945034e-09
PS15bdr,253.706,36.7252,0.07094,10.5352,0,204.09388638843978,tully-fisher,20827.157230568682,1.4719714910752859e-07
PS15bwh,352.644,-18.8915,0.07149,10.6434,0,217.21009005881888,tully-fisher,23590.111611680102,1.779391625777007e-07
370566,159.985,58.4149,0.07134,9.18771,0,93.96313444851434,tully-fisher,4414.535317694791,-3.541789780593127e-08
PS15mt,148.684,23.1981,0.07193,8.92458,0,80.7560365016306,tully-fisher,3260.768715726347,-4.8255282549461096e-08
2007jd,44.9724,1.1607,0.07196,9.75914,0,130.56145932079755,tully-fisher,8523.147329988136,1.0296576051876341e-08
PS15atx,195.827,-23.0658,0.07301,10.2531,0,173.50220386236435,tully-fisher,15051.507372548718,8.29343777248087e-08
Gaia16aki,239.794,14.6416,0.07398,9.48062,0,111.22053905845972,tully-fisher,6185.00415422718,-1.5718775303841797e-08
1992ae,322.075,-61.5504,0.07478,10.1995,0,168.23060070090756,tully-fisher,14150.767506094096,7.291229509580405e-08
PS17bii,171.409,7.3336,0.07467,10.167,0,165.11251614904356,tully-fisher,13631.071494534084,6.712989713187316e-08
7876,19.1825,0.7946,0.0749,9.78646,0,132.6309852095431,tully-fisher,8795.48911882702,1.3326787118049601e-08
2005ir,19.1825,0.7946,0.0749,9.78987,0,132.89158939817779,tully-fisher,8830.087266386938,1.3711743426268546e-08
2010hs,36.4131,24.7649,0.07514,10.4575,0,195.16637500304807,tully-fisher,19044.95696591519,1.2736749686387374e-07
AT2016gsu,17.1024,21.1516,0.07529,9.75909,0,130.5577015140026,tully-fisher,8522.656712309696,1.0291117194002162e-08
370333,164.38,57.2977,0.07557,7.99137,0,47.19244688146723,tully-fisher,1113.563521330053,-7.214616234849767e-08
PS15bif,305.074,-23.7435,0.07855,9.58141,0,117.86435818919705,tully-fisher,6946.003465675671,-7.251516038442515e-09
Gaia16acv,179.957,54.8022,0.07833,8.87001,0,78.25867591722542,tully-fisher,3062.210178158658,-5.046454422900723e-08
17186,31.6128,-0.8995,0.07849,10.1643,0,164.85609018265666,tully-fisher,13588.76523515611,6.665917651318994e-08
2007hx,31.6128,-0.8995,0.07849,10.2646,0,174.65458681851698,tully-fisher,15252.11234837344,8.516640910076882e-08
560033,353.599,-0.6831,0.07869,9.07144,0,87.87998935946689,tully-fisher,3861.4462649100064,-4.157184346176761e-08
12779,309.472,1.2211,0.07891,10.332,0,181.56410603563722,tully-fisher,16482.762300260056,9.885923648025907e-08
PS15bzz,9.4247,1.7628,0.07901,10.4626,0,195.74018554807623,tully-fisher,19157.110119197656,1.28615368986737e-07
350316,131.469,43.8188,0.07966,8.61131,0,67.43067322311963,tully-fisher,2273.4478456615707,-5.924070876366591e-08
2005ag,224.182,9.3285,0.08024,10.69,0,223.1156302701704,tully-fisher,24890.292235427693,1.9240562301662656e-07
12950,351.667,-0.8403,0.08141,9.42557,0,107.75129432208479,tully-fisher,5805.17071404227,-1.9944992288969583e-08
130308,213.238,52.7437,0.08221,10.1141,0,160.16034500655726,tully-fisher,12825.668056309723,5.816857532501204e-08
12898,26.7931,-0.147,0.08255,9.35181,0,103.2719780921302,tully-fisher,5332.55072953071,-2.5203598811558065e-08
12781,5.4066,-1.01,0.08282,10.4457,0,193.84517509355635,tully-fisher,18787.975953525754,1.2450819748547555e-07
SN2016glp,354.058,23.696,0.08366,10.5245,0,202.84065097866284,tully-fisher,20572.164844723855,1.4435997618349364e-07
3592,19.0524,0.7919,0.08544,10.1853,0,166.86105904422507,tully-fisher,13921.306512680181,7.035919722396294e-08
SN2016grz,28.8874,33.8229,0.08656,8.99392,0,84.04463504786565,tully-fisher,3531.7503401644635,-4.5240205353255384e-08
1241,337.672,-0.7766,0.08848,9.91509,0,142.82442873709482,tully-fisher,10199.40872203874,2.894749937013254e-08
590194,130.237,44.5243,0.09015,9.75408,0,130.18171711966636,tully-fisher,8473.639736112415,9.745729780867326e-09
370066,130.349,43.0544,0.09066,9.12019,0,90.38107356476877,tully-fisher,4084.3692293600716,-3.909149097285757e-08
300105,351.71,-0.7301,0.09181,9.04492,0,86.54858973526993,tully-fisher,3745.329192582035,-4.2863820132112604e-08
iPTF17dz,126.107,24.9978,0.09284,8.80725,0,75.48184301813362,tully-fisher,2848.754312707083,-5.283956103560392e-08
010010,150.859,1.0294,0.09968,9.50285,0,112.65293099962807,tully-fisher,6345.341431403482,-1.3934782499464831e-08
160099,214.667,54.1831,0.10142,9.5937,0,118.7011689024965,tully-fisher,7044.983749409502,-6.1502118559960116e-09
000190,148.988,2.2635,0.10237,7.0,0,26.67042864326648,tully-fisher,355.65588200778444,-8.057902212225155e-08
140181,183.738,46.845,0.10231,9.67327,0,124.26461987755977,tully-fisher,7720.847876657209,1.3697907346719012e-09
100405,53.6285,-27.3206,0.10298,10.3204,0,180.35575118683101,tully-fisher,16264.098493083047,9.64262735071351e-08
13135,4.1723,-0.4245,0.10338,10.8558,0,245.4595850257963,tully-fisher,30125.203940518055,2.506518710376719e-07
20064,358.586,-0.9176,0.10351,10.7045,0,224.98574157696348,tully-fisher,25309.291956468092,1.9706762364764707e-07
13038,347.827,0.5046,0.10485,8.87462,0,78.46662906366818,tully-fisher,3078.5059383076473,-5.028322944457514e-08
18697,11.2239,-0.9971,0.10638,9.67706,0,124.53602387446993,tully-fisher,7754.610621231272,1.74545193110045e-09
20625,5.6834,-0.479,0.10684,10.0166,0,151.41886819795783,tully-fisher,11463.836823175263,4.301615934618578e-08
3256,329.268,-0.2235,0.10694,9.894,0,141.10096881013058,tully-fisher,9954.74169957872,2.6225211607586427e-08
120225,150.818,3.4749,0.10728,11.4183,0,339.3165132784558,tully-fisher,57567.84809172422,5.559924665686624e-07
21034,28.1414,1.2441,0.10751,10.0033,0,150.26401735765407,tully-fisher,11289.63745623068,4.107792999223182e-08
500038,150.193,2.5513,0.1081,9.73659,0,128.877616543502,tully-fisher,8304.720022966969,7.866244497868912e-09
7147,350.018,-0.0554,0.10886,10.039,0,153.38397753912088,tully-fisher,11763.322282860767,4.634838448124898e-08
020027,186.336,46.0152,0.10988,10.0054,0,150.44577493034294,tully-fisher,11316.9655971957,4.1381996567997535e-08
18650,328.447,0.0151,0.11243,8.53633,0,64.58214950538411,tully-fisher,2085.4270173678924,-6.133272261506799e-08
18612,12.2879,0.597,0.11365,10.2452,0,172.71497563407624,tully-fisher,14915.231404139775,8.141810308591898e-08
8719,7.7215,-0.7188,0.11628,8.80164,0,75.23847696827538,tully-fisher,2830.414208252852,-5.304362221809421e-08
5395,49.6409,0.1233,0.11635,8.49999,0,63.24518913374547,tully-fisher,1999.9769742816177,-6.228348256736526e-08
2561,46.3434,0.8584,0.11741,7.0,0,26.67042864326648,tully-fisher,355.65588200778444,-8.057902212225155e-08
16259,352.03,0.8564,0.11771,10.994,0,265.7847114253312,tully-fisher,35320.756413723284,3.0846018854308506e-07
1371,349.374,0.4294,0.11797,10.5372,0,204.32899347117143,tully-fisher,20875.168786471004,1.4773134971118796e-07
000137,161.159,57.8111,0.11878,10.2136,0,169.60161977793834,tully-fisher,14382.354715650179,7.548905031274282e-08
5549,3.2505,0.2482,0.11992,8.5812,0,66.27198755581745,tully-fisher,2195.9881672992105,-6.010256391838366e-08
12860,323.694,1.1759,0.12042,10.1701,0,165.40742305620242,tully-fisher,13679.807801046762,6.767216167360494e-08
490008,131.449,44.4206,0.12067,8.89488,0,79.38711062926566,tully-fisher,3151.156667031632,-4.947488107070437e-08
19953,332.931,0.5791,0.1219,9.37542,0,104.68512975096161,tully-fisher,5479.488195487833,-2.356869901422237e-08
390259,242.396,53.8672,0.12208,9.15024,0,91.95810130981575,tully-fisher,4228.146198253166,-3.749175644787636e-08
18835,53.6851,0.3555,0.12262,10.1221,0,160.89961157002287,tully-fisher,12944.342501692117,5.9489006608080565e-08
2916,315.922,0.5696,0.12303,9.77924,0,132.0808927356422,tully-fisher,8722.68111292211,1.25166887995371e-08
16021,13.8437,-0.3888,0.12336,9.49127,0,111.90448571511786,tully-fisher,6261.306961582507,-1.4869792075032268e-08
13894,1.6906,-0.0368,0.12356,8.72392,0,71.94655369361608,tully-fisher,2588.1532941941905,-5.573913841416392e-08
570062,353.102,0.2956,0.12363,9.98879,0,149.0141451304084,tully-fisher,11102.607724473206,3.899694357699536e-08
6406,46.0886,-1.063,0.12377,10.0062,0,150.51507372548718,tully-fisher,11327.39370929442,4.149802496310928e-08
19543,357.908,0.2798,0.12384,8.61533,0,67.58689509705845,tully-fisher,2283.994194430391,-5.912336480817802e-08
13044,332.543,0.5033,0.12455,10.0637,0,155.58044009771606,tully-fisher,12102.636670499507,5.0123766205509414e-08
15459,340.701,-0.9018,0.12542,8.73681,0,72.48238842091564,tully-fisher,2626.8483156002426,-5.530859823679953e-08
2992,55.497,-0.7827,0.12608,9.72723,0,128.18508498783478,tully-fisher,8215.70800666921,6.875852248637448e-09
16069,341.246,-1.0066,0.12688,10.179,0,166.25702143427694,tully-fisher,13820.69858809881,6.923978309471394e-08
744,329.198,0.3175,0.12694,9.90923,0,142.34345261669927,tully-fisher,10130.829251421254,2.8184449851865813e-08
14871,54.2771,0.0094,0.12705,9.14823,0,91.85176281109537,tully-fisher,4218.373165752861,-3.760049609946915e-08
18855,48.6323,0.2698,0.12716,9.82915,0,135.93068193426294,tully-fisher,9238.575145556877,1.8256784042825116e-08
22075,29.9631,1.2165,0.129,10.7935,0,236.8127034143652,tully-fisher,28040.128249210047,2.27452275189573e-07
1032,46.7957,1.1196,0.12904,10.2777,0,175.97662962591548,tully-fisher,15483.887087248313,8.774525086277822e-08
5751,11.6342,0.8382,0.12929,10.1354,0,162.13620203854418,tully-fisher,13144.07400574181,6.17113192998462e-08
18415,337.478,1.0586,0.1294,10.6005,0,211.9117293573185,tully-fisher,22453.2905196047,1.6529032205949437e-07
18809,50.8813,0.6666,0.13153,10.6395,0,216.72299593401073,tully-fisher,23484.428483306616,1.7676327919061387e-07
151034,185.137,46.6661,0.13269,10.6436,0,217.23509873417711,tully-fisher,23595.544061023837,1.7799960672836885e-07
1334084,41.734,-0.6906,0.13349,9.74734,0,129.67760938386513,tully-fisher,8408.141187757152,9.016960145878187e-09
15508,27.169,-0.5766,0.13353,9.13587,0,91.20055803091009,tully-fisher,4158.770892574698,-3.82636608253952e-08
14108,53.5946,-1.1232,0.13463,10.2314,0,171.34837719173674,tully-fisher,14680.133183120843,7.880228259797077e-08
15234,16.9583,0.8282,0.13514,9.98362,0,148.57132470337632,tully-fisher,11036.719262058037,3.826383556300012e-08
000014,35.878,-4.6363,0.13599,9.80415,0,133.98849088013935,tully-fisher,8976.45784416859,1.5340335742002104e-08
17629,30.6364,-1.0892,0.1364,10.6342,0,216.0627978933834,tully-fisher,23341.56631675851,1.7517372321443698e-07
19775,318.956,0.6513,0.13687,10.0494,0,154.304998853692,tully-fisher,11905.016335618944,4.792494343868748e-08
18602,338.984,0.6092,0.13696,8.85232,0,77.46579739733804,tully-fisher,3000.4748832027117,-5.115144202293944e-08
21062,333.432,0.3963,0.13729,8.95999,0,82.41902937602941,tully-fisher,3396.4482016433994,-4.674564467335175e-08
17366,315.787,-1.0292,0.13811,10.2891,0,177.13525043338686,tully-fisher,15688.448473049337,9.002130323655736e-08
15171,304.793,-1.0645,0.13818,9.85121,0,137.66783912830255,tully-fisher,9476.216965128093,2.0900905881491087e-08
190340,334.134,0.4733,0.13824,10.0088,0,150.74051533768522,tully-fisher,11361.351482135457,4.1875856141659634e-08
20084,347.975,-0.5781,0.13834,9.92013,0,143.23940082105526,tully-fisher,10258.762973787461,2.9607904485484906e-08
12928,305.009,-0.9757,0.13868,10.3657,0,185.1207050503734,tully-fisher,17134.837719173673,1.061145539943133e-07
190230,333.937,0.4225,0.13864,10.1494,0,163.44814484925053,tully-fisher,13357.648027330788,6.408765077077194e-08
090275,54.0721,-28.0515,0.13959,10.184,0,166.73623692392678,tully-fisher,13900.486351775922,7.012754169199125e-08
1794,317.837,-0.4453,0.1407,11.0328,0,271.7878234201603,tully-fisher,36934.310479734115,3.2641339876301e-07
17208,1.4916,1.1031,0.14084,11.5,0,355.6558820077846,tully-fisher,63245.55320336759,6.191654556759216e-07
340229,35.879,-2.8604,0.14108,9.69378,0,125.74044577105784,tully-fisher,7905.329851352168,3.422429529524183e-09
1317666,36.7711,-5.0031,0.1412,9.68561,0,125.15047309284893,tully-fisher,7831.320457681951,2.598963969367571e-09
2635,52.7043,-1.2381,0.14311,9.59628,0,118.87759098284133,tully-fisher,7065.940818941857,-5.917033010097063e-09
17568,313.103,0.2777,0.14335,9.24061,0,96.868482353793,tully-fisher,4691.751436763551,-3.2333452501723046e-08
190260,333.967,-0.8252,0.14344,10.2639,0,174.58422351259475,tully-fisher,15239.825549747817,8.502970002897362e-08
17497,37.1366,-1.0421,0.14388,10.0189,0,151.61947749715657,tully-fisher,11494.23297825538,4.3354362182722856e-08
8921,325.002,-0.0079,0.1441,9.52063,0,113.81185336801653,tully-fisher,6476.568983531446,-1.2474679067155245e-08
17605,309.203,0.0984,0.14533,10.2332,0,171.5260141048316,tully-fisher,14710.586757345445,7.914112430865114e-08
1296657,36.2552,-6.2786,0.14624,9.33695,0,102.39234648414444,tully-fisher,5242.0963092645425,-2.6210039969352552e-08
440008,52.6735,-28.8632,0.14656,9.32684,0,101.79817581199673,tully-fisher,5181.434299325097,-2.6884995856947048e-08
1316385,53.526,-27.6321,0.14741,9.63951,0,121.8729982881077,tully-fisher,7426.513855866549,-1.905116912640241e-09
13796,350.692,0.5329,0.14729,9.66952,0,123.99666245292846,tully-fisher,7687.586149732737,9.997041114023622e-10
14024,318.199,0.9163,0.14759,10.7329,0,228.69411849684477,tully-fisher,26150.499917524437,2.06427324497868e-07
180166,242.843,55.0642,0.14757,10.0333,0,152.8815212997759,tully-fisher,11686.379777466913,4.5492283651855204e-08
1293758,8.4839,-43.3497,0.14812,11.0622,0,276.4267041487606,tully-fisher,38205.861383273215,3.4056131060398813e-07
14437,332.081,-1.1964,0.14792,9.91097,0,142.48609873545323,tully-fisher,10151.144166424661,2.8410483765038473e-08
1255502,33.9046,-4.2092,0.14819,10.1485,0,163.36348729699947,tully-fisher,13343.81449091845,6.393373192012587e-08
13736,336.833,1.031,0.14882,9.07749,0,88.18657904301563,tully-fisher,3888.436361655021,-4.127153813520528e-08
2308,34.2729,0.2803,0.14923,10.3812,0,186.77983854828605,tully-fisher,17443.354044061904,1.0954726105611677e-07
000038,35.0957,-4.6725,0.15036,9.126,0,90.68385955580277,tully-fisher,4111.781191968279,-3.878649175553195e-08
460003,128.835,43.8555,0.15067,10.8761,0,248.34475698040532,tully-fisher,30837.559159828288,2.585778917846281e-07
2031,312.043,-1.1714,0.15186,9.204,0,94.84839705204897,tully-fisher,4498.109211671565,-3.44880128277525e-08
18323,3.4286,0.6522,0.15272,9.359,0,103.70029591210577,tully-fisher,5376.8756861291495,-2.4710417157119786e-08
15132,329.7,0.1977,0.15304,11.224,0,303.41007349186737,tully-fisher,46028.836348170174,4.276036459359747e-07
18740,16.8553,1.0437,0.15317,10.663,0,219.67467657397398,tully-fisher,24128.481763940035,1.839293383785968e-07
19353,43.1144,0.2518,0.15325,11.004,0,267.3191033092884,tully-fisher,35729.75149704099,3.1301087256687607e-07
16073,8.1078,-1.054,0.15339,9.751,0,129.95111066106867,tully-fisher,8443.645581022656,9.41199979744832e-09
5550,3.5983,0.3331,0.15493,9.564,0,116.68902085474895,tully-fisher,6808.163794020015,-8.785189222383289e-09
16116,355.302,-1.1058,0.15509,9.52,0,113.77058616876825,tully-fisher,6471.8731385925585,-1.2526927388499968e-08
18030,4.933,-0.4001,0.15518,9.658,0,123.1771058230679,tully-fisher,7586.299699473635,-1.2725963418025588e-10
19940,315.393,-0.2685,0.15591,9.91499,0,142.81620733871486,tully-fisher,10198.234539307394,2.8934434825314055e-08
13354,27.5648,-0.8873,0.15654,10.472,0,196.8022211522267,tully-fisher,19365.557125224972,1.3093465471614202e-07
16206,5.7882,-0.0536,0.15838,10.927,0,255.7290090020941,tully-fisher,32698.663022596564,2.792854649569354e-07
440042,35.9021,-3.294,0.15906,9.028,0,85.70970407948792,tully-fisher,3673.0766866966937,-4.3667737679345997e-08
14782,314.234,-0.279,0.15922,11.427,0,341.0201143301801,tully-fisher,58147.35918888454,5.624403971160536e-07
15425,55.5611,0.4783,0.15935,10.526,0,203.01587331453823,tully-fisher,20607.722408832313,1.447556074404777e-07
1299775,53.4389,-29.6767,0.16009,10.783,0,235.38565682084038,tully-fisher,27703.203718489214,2.2370348420964924e-07
3317,26.9626,0.6406,0.15991,10.054,0,154.7141357549878,tully-fisher,11968.231901206398,4.86283114646309e-08
2689,24.9003,-0.7587,0.16036,11.351,0,326.42243162913866,tully-fisher,53275.80193533984,5.082370126038044e-07
390627,212.627,53.9,0.16045,11.254,0,308.69528466490635,tully-fisher,47646.389387173775,4.456013507311453e-07
5103,359.884,0.7372,0.1606,9.086,0,88.61964289785979,tully-fisher,3926.720553672095,-4.084556905126763e-08
120336,149.082,1.4095,0.16134,9.757,0,130.40072190055017,tully-fisher,8502.17413609231,1.0063217798238192e-08
17825,32.9471,-0.9124,0.1622,7.0,0,26.67042864326648,tully-fisher,355.65588200778444,-8.057902212225155e-08
19174,25.6597,1.0304,0.16357,11.02,0,269.79257651833063,tully-fisher,36394.01717219964,3.204018249738737e-07
3087,20.4067,-0.9772,0.16431,9.664,0,123.60328002768316,tully-fisher,7638.885416800928,4.5783537913807184e-10
19616,37.1011,0.1847,0.16455,11.04,0,272.9166273177848,tully-fisher,37241.742733257306,3.298340439041627e-07
20764,26.1208,0.2298,0.16478,11.011,0,268.39844518490935,tully-fisher,36018.86268883839,3.162276684044671e-07
20430,312.417,0.4686,0.16593,7.0,0,26.67042864326648,tully-fisher,355.65588200778444,-8.057902212225155e-08
12843,323.878,-0.9803,0.16595,11.258,0,309.40690078958386,tully-fisher,47866.315128107686,4.4804835461092273e-07
12853,316.766,0.7231,0.16817,10.364,0,184.9396347876446,tully-fisher,17101.334257693678,1.0574177771137623e-07
350233,149.466,3.4824,0.16935,9.181,0,93.6008937578793,tully-fisher,4380.563656136904,-3.579588351729745e-08
17389,323.295,-0.9601,0.1696,9.891,0,140.85750635248016,tully-fisher,9920.418547919493,2.584331504141066e-08
12856,332.866,0.756,0.17029,10.352,0,183.6665192967162,tully-fisher,16866.695155285506,1.0313106560690801e-07
590005,151.018,1.2155,0.17137,7.0,0,26.67042864326648,tully-fisher,355.65588200778444,-8.057902212225155e-08
310039,36.2156,-3.3448,0.17156,9.953,0,145.9755081269405,tully-fisher,10654.424486459235,3.4010232528009984e-08
19282,359.072,-0.5059,0.17239,7.0,0,26.67042864326648,tully-fisher,355.65588200778444,-8.057902212225155e-08
1303279,54.9068,-27.813,0.17274,10.617,0,213.93409076787995,tully-fisher,22883.89759633975,1.7008147194015775e-07
100090,131.828,43.4081,0.17282,9.978,0,148.09145349018,tully-fisher,10965.53929841707,3.7471851657649954e-08
3080,16.9323,-1.0395,0.17315,10.961,0,260.78343150149385,tully-fisher,34003.99907284717,2.9380928725173683e-07
15897,11.6814,-1.0329,0.17357,10.816,0,239.8998606298759,tully-fisher,28775.971565116935,2.3563963625647778e-07
120143,163.682,58.6266,0.1736,9.163,0,92.63604300304951,tully-fisher,4290.718231631417,-3.679554868341936e-08
15648,313.718,-0.1948,0.17383,11.339,0,324.1753554154825,tully-fisher,52544.83052937719,5.001038588456251e-07
14421,31.8299,1.2521,0.174,11.5,0,355.6558820077846,tully-fisher,63245.55320336759,6.191654556759216e-07
16165,30.7331,-0.5339,0.17405,7.0,0,26.67042864326648,tully-fisher,355.65588200778444,-8.057902212225155e-08
5350,307.219,-0.7792,0.17431,10.865,0,246.76297395520425,tully-fisher,30445.982657608405,2.5422101561318577e-07
15583,37.7311,0.9463,0.17427,9.434,0,108.27544957653731,tully-fisher,5861.786490500637,-1.9315056820470374e-08
19969,31.9105,-0.324,0.17428,10.367,0,185.25929015545793,tully-fisher,17160.50229445207,1.0640011090553433e-07
18604,340.921,0.4214,0.17483,11.05,0,274.4921922015125,tully-fisher,37672.98178979604,3.34632225508466e-07
14979,54.9464,0.9928,0.17654,10.089,0,157.8628705464416,tully-fisher,12460.342948581287,5.4103785309093645e-08
17218,356.172,-0.0301,0.17697,10.158,0,164.25931056691084,tully-fisher,13490.56055395843,6.556650207279669e-08
14451,308.195,0.9271,0.17729,10.124,0,161.0756882398134,tully-fisher,12972.688670964779,5.98044002763819e-08
17220,9.7015,-0.1792,0.17769,10.863,0,246.47904105881392,tully-fisher,30375.958840636235,2.53441895574394e-07
370428,184.375,47.5482,0.1778,10.124,0,161.0756882398134,tully-fisher,12972.688670964779,5.98044002763819e-08
5635,333.183,-0.0349,0.17839,9.483,0,111.3730198662557,tully-fisher,6201.974777064694,-1.5529951659327556e-08
6936,323.234,-0.6998,0.1789,10.259,0,174.0924734577417,tully-fisher,15154.09465731725,8.407581520628964e-08
300179,351.142,0.227,0.17896,10.324,0,180.72989474446027,tully-fisher,16331.64742717184,9.717785676013768e-08
13045,345.025,0.5377,0.17916,10.574,0,208.70362654572472,tully-fisher,21778.60186666866,1.5778339838441414e-07
1347120,52.8899,-28.9121,0.17955,7.773,0,41.61788402780727,tully-fisher,866.0241354760076,-7.49004094639575e-08
2372,40.5207,-0.5409,0.17959,10.597,0,211.485207481206,tully-fisher,22362.99649168437,1.6428566550722577e-07
1303496,53.8482,-29.5918,0.17979,10.643,0,217.16008134496417,tully-fisher,23579.25046487572,1.7781831602169367e-07
13254,42.0587,-0.347,0.1799,10.005,0,150.41113749841193,tully-fisher,11311.75514178309,4.132402243292847e-08
14284,49.0493,-0.6009,0.18037,10.572,0,208.4634858786607,tully-fisher,21728.51247234128,1.5722607871035362e-07
420159,333.685,1.2178,0.18059,11.338,0,323.9887987807257,tully-fisher,52484.370867688776,4.994311543859591e-07
330023,35.7981,-2.7801,0.18064,10.623,0,214.6742704495167,tully-fisher,23042.521196516118,1.7184639751643437e-07
350548,128.848,44.9136,0.18067,10.636,0,216.28679025958752,tully-fisher,23389.9878203974,1.7571248510181708e-07
360112,130.673,43.5966,0.18071,9.381,0,105.0219301354981,tully-fisher,5514.802904692721,-2.3175769882459006e-08
17215,54.9264,1.0923,0.1808,11.331,0,322.6859049524278,tully-fisher,52063.096627483625,4.94743846316177e-07
370595,150.498,1.3251,0.18138,10.324,0,180.72989474446027,tully-fisher,16331.64742717184,9.717785676013768e-08
15443,49.8674,-0.318,0.18123,10.339,0,182.29719895839486,tully-fisher,16616.134374038298,1.0034320093391256e-07
1339392,54.1245,-28.5698,0.18148,10.292,0,177.43120240759217,tully-fisher,15740.915793901968,9.0605080911434e-08
17332,43.7735,-0.1474,0.18203,10.604,0,212.3391114397448,tully-fisher,22543.94912351018,1.6629903506666615e-07
1580,45.3231,-0.6441,0.18216,10.75,0,230.95639693789164,tully-fisher,26670.428643266474,2.1221231175627563e-07
1250017,43.1937,-0.1275,0.18217,8.797,0,75.03778323917265,tully-fisher,2815.3344567245304,-5.321140708192683e-08
15453,319.668,-1.0243,0.18243,8.989,0,83.80694229475613,tully-fisher,3511.801788398291,-4.546216292566359e-08
17391,347.552,-0.9314,0.18345,7.0,0,26.67042864326648,tully-fisher,355.65588200778444,-8.057902212225155e-08
1257695,7.6016,-42.2982,0.18383,9.854,0,137.88911863418446,tully-fisher,9506.704518856097,2.12401256651351e-08
17168,339.724,-1.1671,0.18376,9.757,0,130.40072190055017,tully-fisher,8502.17413609231,1.0063217798238192e-08
20048,339.308,0.7364,0.18388,10.86,0,246.05375416247622,tully-fisher,30271.224968724142,2.52276574089857e-07
1296321,40.9169,-0.7619,0.18444,9.384,0,105.20345327814124,tully-fisher,5533.883290823023,-2.296347195548495e-08
15421,33.7416,0.6025,0.18443,10.166,0,165.01749709576154,tully-fisher,13615.387173874831,6.695538552926635e-08
8213,357.521,-0.9214,0.18468,10.522,0,202.54894976290623,tully-fisher,20513.038525028154,1.43702107154257e-07
15461,326.848,-0.4947,0.18482,10.516,0,201.8505772153369,tully-fisher,20371.827761082342,1.4213092551006017e-07
1336453,40.9697,-1.2293,0.18492,9.326,0,101.74896392893822,tully-fisher,5176.425830306185,-2.6940722590293393e-08
6422,349.139,-0.6632,0.18501,9.765,0,131.00262428499448,tully-fisher,8580.843784777713,1.0938535688433519e-08
16281,352.942,-0.6681,0.18507,10.394,0,188.16116600731786,tully-fisher,17702.312196616713,1.1242855908567326e-07
370563,150.952,2.646,0.18538,10.859,0,245.91215499530043,tully-fisher,30236.393987216325,2.5188902715458624e-07
15365,354.557,1.2491,0.18651,11.178,0,295.4812963179229,tully-fisher,43654.59823686007,4.0118668425963635e-07
18807,46.6409,0.7933,0.18714,10.998,0,266.3974084626323,tully-fisher,35483.78961780328,3.1027417757966715e-07
5994,312.603,-0.1679,0.18801,7.0,0,26.67042864326648,tully-fisher,355.65588200778444,-8.057902212225155e-08
12927,41.7861,0.7751,0.18892,10.401,0,188.92089557143507,tully-fisher,17845.552391756533,1.1402232119718779e-07
16100,30.4363,-1.0324,0.18893,9.661,0,123.39000893122677,tully-fisher,7612.547152024111,1.6478266133526036e-10
1273127,8.5563,-43.2759,0.18937,10.406,0,189.46543690085,tully-fisher,17948.575890014985,1.1516861220830885e-07
18787,29.7298,-1.0271,0.18915,11.072,0,277.9905262426705,tully-fisher,38639.366340338434,3.453847037517695e-07
18749,12.5473,0.6754,0.18931,11.172,0,294.46250048654383,tully-fisher,43354.082096393904,3.978429912542894e-07
440643,53.6036,-26.7739,0.18955,8.731,0,72.24037565350542,tully-fisher,2609.335937279789,-5.5503449723998366e-08
6304,26.4976,1.196,0.18979,10.656,0,218.79127325441883,tully-fisher,23934.810626144877,1.817744563553593e-07
762,15.5353,-0.879,0.19009,11.236,0,305.51321164761464,tully-fisher,46669.161245620075,4.3472822126637633e-07
20687,16.7181,1.1541,0.19026,10.976,0,263.04496643844783,tully-fisher,34596.32718430207,3.0039982631586115e-07
2440,42.6337,0.8078,0.1903,10.325,0,180.83396118469003,tully-fisher,16350.460758872989,9.738718330585607e-08
16276,20.5787,1.0106,0.19397,9.288,0,99.54741699578722,tully-fisher,4954.844115266573,-2.9406151666886212e-08
2246,50.0904,-0.8856,0.19422,10.798,0,237.42694020871977,tully-fisher,28185.77596843749,2.2907282461919795e-07
20821,55.5726,1.0631,0.19534,10.572,0,208.4634858786607,tully-fisher,21728.51247234128,1.5722607871035362e-07
1253920,54.6293,-27.0428,0.19556,9.234,0,96.50059601194198,tully-fisher,4656.182515330016,-3.2729210125990945e-08
14984,313.834,-0.0928,0.19549,10.395,0,188.26951146263693,tully-fisher,17722.704473189984,1.1265545376239638e-07
15674,340.829,0.2629,0.19555,7.0,0,26.67042864326648,tully-fisher,355.65588200778444,-8.057902212225155e-08
000236,131.58,44.0731,0.19602,10.902,0,252.0751275788849,tully-fisher,31770.93497195554,2.6896309828145286e-07
15129,318.902,-0.3214,0.19611,10.971,0,262.2889506813614,tully-fisher,34397.74682476482,2.9819032183415847e-07
1298893,35.724,-6.2568,0.19616,10.784,0,235.52119470416156,tully-fisher,27735.116577437784,2.2405856265262883e-07
1334620,35.7529,-6.2642,0.19624,10.351,0,183.56082277418594,tully-fisher,16847.287828768043,1.0291512997753294e-07
13070,357.785,-0.7463,0.19719,10.267,0,174.8960478042696,tully-fisher,15294.313768776678,8.563596322854086e-08
18804,25.2656,-0.4484,0.19726,10.3,0,178.25018762674918,tully-fisher,15886.564694485642,9.222564348541973e-08
1302058,53.3964,-29.1906,0.19786,9.664,0,123.60328002768316,tully-fisher,7638.885416800928,4.5783537913807184e-10
15222,2.8534,0.7027,0.19801,11.5,0,355.6558820077846,tully-fisher,63245.55320336759,6.191654556759216e-07
1316431,42.2394,-0.4084,0.19815,7.0,0,26.67042864326648,tully-fisher,355.65588200778444,-8.057902212225155e-08
13370,27.1515,0.3282,0.19846,9.95,0,145.72363490264547,tully-fisher,10617.688884619756,3.36014938335514e-08
360145,163.669,59.019,0.1986,9.911,0,142.48855940445202,tully-fisher,10151.494780578025,2.8414384873612407e-08
19658,8.9032,-0.2327,0.19863,8.996,0,84.14532567688883,tully-fisher,3540.217916634843,-4.514599085891133e-08
18768,17.2167,1.1979,0.19892,9.778,0,131.9866468527129,tully-fisher,8710.237473711373,1.2378234640883733e-08
110460,53.8448,-27.8403,0.19956,9.5517,0,115.86572825513453,tully-fisher,6712.433492046338,-9.850332480953707e-09
500504,212.459,53.4778,0.19948,11.075,0,278.4710136407167,tully-fisher,38773.05271904411,3.4687216531937425e-07
560150,333.961,1.2276,0.19957,11.458,0,347.16025257429004,tully-fisher,60260.120483722414,5.859480368473464e-07
19101,7.9727,0.1383,0.20062,7.0,0,26.67042864326648,tully-fisher,355.65588200778444,-8.057902212225155e-08
470232,129.546,45.2023,0.20068,9.737,0,128.90803718028775,tully-fisher,8308.641024837223,7.90987152737616e-09
370308,131.317,43.3857,0.20074,11.239,0,306.0412701038411,tully-fisher,46830.62950338611,4.365247979269188e-07
590002,149.545,0.8783,0.20139,11.269,0,311.37231505415724,tully-fisher,48476.359291092675,4.548360113323271e-07
13152,7.0521,0.118,0.20216,9.387,0,105.38529017098183,tully-fisher,5553.029692211019,-2.2750439509709166e-08
19913,333.763,-0.3413,0.20237,10.051,0,154.44718447859466,tully-fisher,11926.966396682525,4.8169170805415215e-08
6780,328.069,0.2671,0.20268,11.272,0,311.9105005653908,tully-fisher,48644.08018147632,4.567021579131943e-07
14212,330.47,1.045,0.20308,10.497,0,199.65491029621768,tully-fisher,19931.04160269536,1.3722651807169082e-07
15203,15.7347,0.1831,0.20314,10.219,0,170.12964495116665,tully-fisher,14472.048045605012,7.648702319876162e-08
16032,44.0692,-0.4108,0.20318,7.0,0,26.67042864326648,tully-fisher,355.65588200778444,-8.057902212225155e-08
7243,328.079,0.4719,0.20323,9.225,0,96.0019369816223,tully-fisher,4608.185952111688,-3.326324391354349e-08
15901,31.9763,-0.5354,0.20368,9.969,0,147.3262028736252,tully-fisher,10852.505026580282,3.621417576869813e-08
18965,13.5091,1.069,0.20454,10.63,0,215.54105073886447,tully-fisher,23228.97227680687,1.7392094556580202e-07
110033,34.9031,-3.5292,0.20471,10.063,0,155.51776121649382,tully-fisher,12092.887026895194,5.0015286790481e-08
17801,316.093,-0.898,0.20515,11.4,0,335.76080362451216,tully-fisher,56367.65862528911,5.426385577976226e-07
15872,36.7225,-0.3278,0.20549,9.66,0,123.31900037229644,tully-fisher,7603.787926411224,6.732313264361647e-11
1327978,8.28,-44.1402,0.20699,11.313,0,319.35961471665667,tully-fisher,50995.281755985685,4.828628035499064e-07
15201,337.519,0.0036,0.20736,11.312,0,319.1758294473464,tully-fisher,50936.605051700775,4.822099371667899e-07
1283373,54.9467,-26.7304,0.20754,10.231,0,171.3089273118432,tully-fisher,14673.374288367188,7.872707975170562e-08
20376,319.396,-0.5239,0.20831,10.717,0,226.610482588293,tully-fisher,25676.15540944952,2.0114953006288514e-07
15467,320.02,-0.1774,0.20847,10.43,0,192.10116367734608,tully-fisher,18451.42854309525,1.2076360253467355e-07
200132,334.494,-0.6969,0.20856,9.056,0,87.10237473711368,tully-fisher,3793.411842422289,-4.2328828501712953e-08
15259,337.544,-0.4078,0.20857,9.789,0,132.82505232394027,tully-fisher,8821.247262428735,1.3613385117272459e-08
140152,162.393,57.6157,0.20864,9.694,0,125.7563708236093,tully-fisher,7907.332401362564,3.4447109033373624e-09
16482,328.71,0.9337,0.20937,11.5,0,355.6558820077846,tully-fisher,63245.55320336759,6.191654556759216e-07
550154,36.3556,-3.5962,0.21003,10.582,0,209.66695871620038,tully-fisher,21980.116788650437,1.6002555427680076e-07
19149,31.46,-0.3319,0.21023,9.612,0,119.95821525110189,tully-fisher,7194.986703114846,-4.481203907511416e-09
460105,129.37,44.0453,0.21071,11.5,0,355.6558820077846,tully-fisher,63245.55320336759,6.191654556759216e-07
14157,51.1367,1.0224,0.21083,11.127,0,286.93266740070266,tully-fisher,41165.17781084112,3.7348814649412635e-07
18940,10.349,0.412,0.21099,10.226,0,170.81656948370897,tully-fisher,14589.150205091388,7.778996044192679e-08
1257366,53.8996,-26.9693,0.21137,10.965,0,261.3845993978764,tully-fisher,34160.954401194154,2.955556508005687e-07
7847,32.4599,-0.0618,0.2116,10.696,0,223.88757669343028,tully-fisher,25062.82349882831,1.9432529221556355e-07
17811,12.8787,-0.9474,0.21186,7.0,0,26.67042864326648,tully-fisher,355.65588200778444,-8.057902212225155e-08
18927,46.6825,-0.754,0.21214,11.5,0,355.6558820077846,tully-fisher,63245.55320336759,6.191654556759216e-07
13305,331.1,0.6912,0.21339,10.055,0,154.80322200927907,tully-fisher,11982.018772227071,4.878171109277046e-08
8495,335.261,-0.7482,0.21353,11.034,0,271.975632656904,tully-fisher,36985.37237956159,3.2698153902006246e-07
6933,11.3517,1.0756,0.21383,7.0,0,26.67042864326648,tully-fisher,355.65588200778444,-8.057902212225155e-08
110567,52.7131,-26.46,0.21442,11.403,0,336.3411429514668,tully-fisher,56562.68222094951,5.448084879440557e-07
1249851,55.218,-29.4,0.21511,11.303,0,317.5265141457708,tully-fisher,50411.543592782196,4.763678405498163e-07
14019,316.642,-0.648,0.21513,9.931,0,144.1384991606347,tully-fisher,10387.953470140143,3.104534261556896e-08
1316,334.864,0.4945,0.21566,9.835,0,136.38920428928483,tully-fisher,9301.007523332137,1.895143792913715e-08
100206,52.5182,-28.2567,0.21653,11.5,0,355.6558820077846,tully-fisher,63245.55320336759,6.191654556759216e-07
17435,20.3446,-0.0148,0.21674,8.818,0,75.95038779426653,tully-fisher,2884.2307030497354,-5.2444832958570593e-08
7473,4.3264,-0.2573,0.21677,8.954,0,82.1353279749644,tully-fisher,3373.1060507774837,-4.700536112804548e-08
20364,25.7566,-0.9455,0.21729,10.389,0,187.6203732740474,tully-fisher,17600.702233746437,1.1129799577684108e-07
13641,345.219,-0.9811,0.21781,7.0,0,26.67042864326648,tully-fisher,355.65588200778444,-8.057902212225155e-08
1290816,54.1725,-27.84,0.21848,8.859,0,77.76425141055024,tully-fisher,3023.6393987216325,-5.089370202803362e-08
1304678,54.8701,-27.6439,0.21884,11.23,0,304.4598265760841,tully-fisher,46347.89299936959,4.3115362994438777e-07
9467,328.951,1.1808,0.21885,10.93,0,256.1710189072557,tully-fisher,32811.79546399078,2.8054423312952293e-07
5533,328.67,0.4134,0.21887,9.959,0,146.48056136433888,tully-fisher,10728.277428805923,3.4831957332427656e-08
1342255,40.7435,-0.2674,0.21886,10.024,0,152.0652553880363,tully-fisher,11561.920948114348,4.410749241730021e-08
1302187,52.1619,-27.1421,0.21943,10.95,0,259.1373395034038,tully-fisher,33576.08036245117,2.890480494806518e-07
15433,14.8796,-0.2565,0.21935,10.806,0,238.52285317116414,tully-fisher,28446.575742456356,2.3197461345100657e-07
000220,150.537,2.7186,0.21982,11.335,0,323.4297727877259,tully-fisher,52303.40896275999,4.974176816493332e-07
18466,48.4185,0.63,0.21967,10.917,0,254.26114340233843,tully-fisher,32324.364522132248,2.7512083248171133e-07
14331,7.8887,-0.1358,0.21976,9.696,0,125.9012365714395,tully-fisher,7925.560685108786,3.6475279126573104e-09
19230,332.891,0.7648,0.22005,10.516,0,201.8505772153369,tully-fisher,20371.827761082342,1.4213092551006017e-07
7512,52.0903,-0.3261,0.22055,7.0,0,26.67042864326648,tully-fisher,355.65588200778444,-8.057902212225155e-08
15354,6.7737,-0.126,0.22069,10.783,0,235.38565682084038,tully-fisher,27703.203718489214,2.2370348420964924e-07
370098,150.006,2.4311,0.22141,10.491,0,198.96651616481628,tully-fisher,19793.83727738205,1.3569991406918426e-07
480464,149.8,3.2216,0.22141,10.917,0,254.26114340233843,tully-fisher,32324.364522132248,2.7512083248171133e-07
1331123,8.0363,-42.5542,0.22157,11.23,0,304.4598265760841,tully-fisher,46347.89299936959,4.3115362994438777e-07
13025,341.567,0.4159,0.22287,10.836,0,242.6777700929955,tully-fisher,29446.250048654387,2.4309749017927256e-07
14846,7.6632,0.1416,0.22335,11.075,0,278.4710136407167,tully-fisher,38773.05271904411,3.4687216531937425e-07
330083,129.496,43.2977,0.22373,8.78,0,74.30704581943448,tully-fisher,2760.7685292057668,-5.381853490505053e-08
1304442,52.1631,-28.1083,0.22451,9.568,0,116.95801682889612,tully-fisher,6839.588850274172,-8.435538316356534e-09
550096,52.7766,-26.3979,0.22451,10.175,0,165.87464089592575,tully-fisher,13757.19824617616,6.853324650471733e-08
1292560,35.0558,-5.3611,0.22482,8.646,0,68.79074227612799,tully-fisher,2366.0831114503308,-5.8210002426941846e-08
030066,150.183,3.404,0.22552,9.134,0,91.10243723314785,tully-fisher,4149.827034909821,-3.836317466271681e-08
13727,317.588,0.9326,0.22534,9.953,0,145.9755081269405,tully-fisher,10654.424486459235,3.4010232528009984e-08
15229,4.832,1.0907,0.22536,9.165,0,92.74275560582088,tully-fisher,4300.609358680508,-3.668549505276331e-08
020096,161.314,58.1927,0.22563,9.059,0,87.25292516761483,tully-fisher,3806.5364751526963,-4.218279726828124e-08
19992,357.104,-1.185,0.22632,10.628,0,215.29304272596698,tully-fisher,23175.54712310252,1.7332651056316383e-07
1315192,42.9859,-0.5231,0.22714,10.654,0,218.5395254377819,tully-fisher,23879.762089285454,1.8116195877913621e-07
1315259,40.8641,-1.6036,0.22806,11.5,0,355.6558820077846,tully-fisher,63245.55320336759,6.191654556759216e-07
180561,334.462,1.4684,0.22853,8.444,0,61.23926867381358,tully-fisher,1875.1240138517621,-6.367265910157265e-08
13072,334.96,0.0244,0.22917,10.874,0,248.04472502377757,tully-fisher,30763.092806060708,2.5774934185769204e-07
3452,334.672,0.6392,0.22967,9.23,0,96.27865080002897,tully-fisher,4634.789299936959,-3.296724174905347e-08
21033,28.8137,0.6431,0.23006,7.0,0,26.67042864326648,tully-fisher,355.65588200778444,-8.057902212225155e-08
000006,53.3665,-28.3715,0.23044,10.793,0,236.7445530473726,tully-fisher,28023.991698800102,2.2727273185239163e-07
040780,243.62,54.7258,0.23066,10.963,0,261.0838424196745,tully-fisher,34082.38638631071,2.9468146373892783e-07
19008,331.963,-1.0699,0.23075,10.401,0,188.92089557143507,tully-fisher,17845.552391756533,1.1402232119718779e-07
360140,185.618,47.7162,0.23083,8.834,0,76.6531480800069,tully-fisher,2937.8525552877322,-5.184820938958753e-08
17875,20.9834,1.255,0.23111,10.702,0,224.66219393486483,tully-fisher,25236.5506918134,1.9625826792569253e-07
430004,351.113,-0.7542,0.2315,10.51,0,201.1546126003476,tully-fisher,20231.58908519796,1.4057055980422373e-07
1302648,10.0026,-44.0541,0.23171,10.131,0,161.72605603362027,tully-fisher,13077.65860009484,6.097234825168695e-08
1275946,10.404,-43.6378,0.23212,8.458,0,61.7347929136772,tully-fisher,1905.592328047304,-6.333365338659738e-08
15369,348.833,-0.5626,0.23269,9.078,0,88.21247262428736,tully-fisher,3890.720163245323,-4.124612741553063e-08
1292336,40.9988,-0.9061,0.23356,9.099,0,89.28530688001736,tully-fisher,3985.9330123294367,-4.0186741596825994e-08
350047,163.262,58.1363,0.23364,10.491,0,198.96651616481628,tully-fisher,19793.83727738205,1.3569991406918426e-07
1336687,35.6058,-6.1499,0.23381,8.58,0,66.22622429651823,tully-fisher,2192.9563922863704,-6.013629696476344e-08
12971,6.6485,-0.3021,0.23381,11.5,0,355.6558820077846,tully-fisher,63245.55320336759,6.191654556759216e-07
110536,54.3325,-26.9017,0.23475,10.577,0,209.06435632971102,tully-fisher,21853.952543778185,1.5862178773551005e-07
1279500,36.9257,-4.3149,0.23471,9.699,0,126.11884815118879,tully-fisher,7952.981929491305,3.9526304036500084e-09
1319366,41.4955,-1.0881,0.23483,9.611,0,119.88918162292879,tully-fisher,7186.707935107802,-4.5733176243823415e-09
1298281,40.2679,-0.9553,0.23508,9.297,0,100.06449217146258,tully-fisher,5006.451296766348,-2.8831944333001274e-08
19341,15.8603,0.3314,0.23543,11.015,0,269.0171675007989,tully-fisher,36185.11820507644,3.18077510499082e-07
15287,323.96,-1.0574,0.2363,10.621,0,214.42725978007883,tully-fisher,22989.5248683967,1.7125673384190733e-07
310574,352.986,0.5363,0.23649,10.234,0,171.6050229445206,tully-fisher,14724.14194989472,7.929194616614882e-08
13511,40.6124,-0.7941,0.23653,11.411,0,337.89362312932633,tully-fisher,57086.0502757316,5.506317428989553e-07
12881,10.1623,-0.0736,0.23671,9.679,0,124.67517763442628,tully-fisher,7771.949959087873,1.9383780834812535e-09
16350,323.639,-0.8858,0.23684,10.79,0,236.33606250895662,tully-fisher,27927.367221118722,2.2619763954730823e-07
1317277,35.9031,-5.4815,0.23711,10.05,0,154.35830311700255,tully-fisher,11913.242870580218,4.801647598454536e-08
20768,40.6259,-0.9712,0.23735,11.024,0,270.4145126388553,tully-fisher,36562.00432285481,3.222709340998013e-07
17884,27.5998,1.1721,0.23776,10.453,0,194.66146865820662,tully-fisher,18946.543690084975,1.2627250149518464e-07
470008,53.0828,-29.0138,0.23954,10.3869,0,187.3937040728084,tully-fisher,17558.200163063637,1.1082509646356495e-07
18486,55.18,1.0031,0.23971,7.0,0,26.67042864326648,tully-fisher,355.65588200778444,-8.057902212225155e-08
510251,244.494,55.7428,0.24004,11.5,0,355.6558820077846,tully-fisher,63245.55320336759,6.191654556759216e-07
580300,130.334,44.7877,0.24072,9.477,0,110.98901461860797,tully-fisher,6159.280683004786,-1.6004987520816706e-08
510550,243.275,55.6117,0.24106,10.6566,0,218.86685413466384,tully-fisher,23951.349919402106,1.8195848081105672e-07
460064,53.7742,-26.7649,0.24153,9.381,0,105.0219301354981,tully-fisher,5514.802904692721,-2.3175769882459006e-08
17223,26.3614,-0.0194,0.24151,7.0,0,26.67042864326648,tully-fisher,355.65588200778444,-8.057902212225155e-08
14481,2.6817,0.2013,0.24207,11.215,0,301.8422264599387,tully-fisher,45554.36483714644,4.223244384026106e-07
20111,354.394,0.2481,0.24267,10.934,0,256.76155409449495,tully-fisher,32963.247830510125,2.82229367970495e-07
480064,128.796,44.4482,0.24271,8.867,0,78.12319488621779,tully-fisher,3051.616789614982,-5.058241157257642e-08
20088,13.2052,0.6315,0.24316,11.383,0,332.49107772512406,tully-fisher,55275.158383407244,5.304828532439381e-07
13506,25.2433,-0.7278,0.24341,10.19,0,167.31311915116197,tully-fisher,13996.839920045459,7.11996197233519e-08
19023,307.117,0.0062,0.24405,7.0,0,26.67042864326648,tully-fisher,355.65588200778444,-8.057902212225155e-08
15466,317.645,-0.1232,0.24436,10.622,0,214.55072956710595,tully-fisher,23016.007778888714,1.7155139596034134e-07
3377,54.1562,1.0792,0.24449,9.666,0,123.74566551064694,tully-fisher,7656.494866336457,6.537669292658606e-10
000174,162.029,56.8502,0.24497,10.532,0,203.71827761082338,tully-fisher,20750.568316360244,1.4634498251065752e-07
420407,333.949,-0.3155,0.24512,10.504,0,200.46104761557987,tully-fisher,20092.31580556789,1.3902093558035205e-07
20039,9.8786,1.0243,0.24539,11.428,0,341.21647780062483,tully-fisher,58214.34236133214,5.631856854218384e-07
000010,149.749,3.1575,0.24594,10.786,0,235.79250464875702,tully-fisher,27799.052624267042,2.2476994711351302e-07
13835,6.0596,-0.2483,0.24604,10.507,0,200.80753067196412,tully-fisher,20161.832187285905,1.39794409640504e-07
15219,34.6111,0.2267,0.24637,11.081,0,279.4344813399595,tully-fisher,39041.81468086609,3.498625454382373e-07
12977,13.6956,-0.2509,0.24643,9.614,0,120.09640178150929,tully-fisher,7211.572860432853,-4.296658018815467e-09
05D3mq,214.752,52.3851,0.24649,10.723,0,227.3945206733676,tully-fisher,25854.1340161353,2.0312980912993794e-07
1334645,36.3796,-5.879,0.24701,10.453,0,194.66146865820662,tully-fisher,18946.543690084975,1.2627250149518464e-07
3451,334.069,0.7081,0.24835,10.839,0,243.09722183436108,tully-fisher,29548.12963179227,2.4423105341816346e-07
420087,352.767,0.1062,0.24848,7.0,0,26.67042864326648,tully-fisher,355.65588200778444,-8.057902212225155e-08
450082,353.356,0.3105,0.24848,10.292,0,177.43120240759217,tully-fisher,15740.915793901968,9.0605080911434e-08
560152,334.8,1.1602,0.24851,11.416,0,338.86756008946577,tully-fisher,57415.611640493844,5.542986076087136e-07
15161,35.8429,0.819,0.24853,11.065,0,276.8726106161738,tully-fisher,38329.22125470769,3.4193387428265147e-07
19990,34.8064,-0.3848,0.24883,10.628,0,215.29304272596698,tully-fisher,23175.54712310252,1.7332651056316383e-07
120585,35.7735,-3.6103,0.24899,9.363,0,103.93934978293177,tully-fisher,5401.694216649319,-2.4434273763375434e-08
3199,333.293,1.0505,0.24961,7.0,0,26.67042864326648,tully-fisher,355.65588200778444,-8.057902212225155e-08
16106,332.089,-1.1488,0.24973,11.035,0,272.13223948700175,tully-fisher,37027.97788410543,3.274555891902514e-07
15868,38.0998,-0.7136,0.24974,10.387,0,187.4044916320343,tully-fisher,17560.221741930607,1.1084758956196147e-07
520077,244.663,55.6842,0.25004,11.3931,0,334.42982043824003,tully-fisher,55921.65239917673,5.376760692727805e-07
390449,242.951,54.4558,0.25008,7.0,0,26.67042864326648,tully-fisher,355.65588200778444,-8.057902212225155e-08
13689,4.0161,0.8076,0.2503,10.45,0,194.32559031542115,tully-fisher,18881.217525718446,1.2554564989074281e-07
5717,17.896,-0.0059,0.25037,9.431,0,108.088625862431,tully-fisher,5841.575520414294,-1.9539934190465047e-08
500004,213.023,51.6739,0.25052,9.155,0,92.21041904724446,tully-fisher,4251.380690434212,-3.723323785760018e-08
16213,8.9711,0.2584,0.25077,7.0,0,26.67042864326648,tully-fisher,355.65588200778444,-8.057902212225155e-08
17552,322.321,-1.0032,0.25191,10.693,0,223.5012702058219,tully-fisher,24976.408891807907,1.9336380004211252e-07
310161,352.966,-0.6604,0.25247,9.577,0,117.56552718851705,tully-fisher,6910.82659155697,-7.642911548042148e-09
9032,337.885,-0.4936,0.25249,9.252,0,97.5056980206773,tully-fisher,4753.680573249756,-3.164439792989577e-08
000034,36.0664,-3.1865,0.25319,8.938,0,81.38230676183932,tully-fisher,3311.5399269390587,-4.7690376639443767e-08
17464,6.6408,0.042,0.25345,9.285,0,99.37565305257036,tully-fisher,4937.760209812417,-2.9596235750498023e-08
5736,22.8627,-0.6316,0.25394,10.474,0,197.02892856080703,tully-fisher,19410.199344909797,1.314313663984888e-07
1336480,41.7246,-1.1646,0.25605,10.476,0,197.2558971262422,tully-fisher,19454.944475539316,1.3192922311951942e-07
1112,339.018,-0.3752,0.25609,11.351,0,326.42243162913866,tully-fisher,53275.80193533984,5.082370126038044e-07
17340,41.2121,0.3648,0.25625,11.443,0,344.17553459793515,tully-fisher,59228.399307887215,5.744685906060989e-07
9457,335.814,0.253,0.25672,11.129,0,287.2632010759963,tully-fisher,41260.07334621413,3.7454400172164653e-07
19207,333.464,-0.9203,0.25721,10.626,0,215.0453200785451,tully-fisher,23122.24484384195,1.7273344272309324e-07
18325,8.9057,0.37,0.25723,11.5,0,355.6558820077846,tully-fisher,63245.55320336759,6.191654556759216e-07
8046,39.1168,0.5113,0.2576,11.335,0,323.4297727877259,tully-fisher,52303.40896275999,4.974176816493332e-07
6108,1.8066,0.349,0.258,9.323,0,101.57340132982624,tully-fisher,5158.577928854972,-2.7139307275794713e-08
550041,352.54,-0.8664,0.25847,7.4,0,33.576080362451215,tully-fisher,563.676586252891,-7.826447963986524e-08
1297026,35.821,-5.1821,0.25855,10.607,0,212.70612490793064,tully-fisher,22621.947786674093,1.671668872360805e-07
1303883,8.8633,-44.9171,0.25911,10.894,0,250.91694757159945,tully-fisher,31479.65728932439,2.6572219698238574e-07
1289664,40.8968,-1.1299,0.25908,7.0,0,26.67042864326648,tully-fisher,355.65588200778444,-8.057902212225155e-08
1335694,42.845,-0.6485,0.25912,10.969,0,261.9871531293848,tully-fisher,34318.63420241986,2.973100751972918e-07
12972,7.9586,-0.383,0.25935,9.177,0,93.38561767608424,tully-fisher,4360.436794371888,-3.601982505600773e-08
1330426,53.9704,-28.6924,0.25954,7.0,0,26.67042864326648,tully-fisher,355.65588200778444,-8.057902212225155e-08
020176,211.862,53.3429,0.26051,8.7022,0,71.05260345886701,tully-fisher,2524.2362291415,-5.6450311674300505e-08
370498,186.266,46.8062,0.26086,11.5,0,355.6558820077846,tully-fisher,63245.55320336759,6.191654556759216e-07
15440,39.7207,0.0901,0.2613,10.852,0,244.92323985300982,tully-fisher,29993.696710047487,2.491886557641266e-07
1337649,43.4044,0.5102,0.26151,8.682,0,70.23118490325817,tully-fisher,2466.209666457819,-5.709594425652648e-08
2017,328.943,0.5935,0.26162,10.547,0,205.48493893382357,tully-fisher,21112.0300643186,1.5036678685192854e-07
19702,47.7548,0.3568,0.26162,9.896,0,141.26351085259245,tully-fisher,9977.689749200252,2.6480543094563606e-08
1253,323.799,0.1631,0.26166,11.153,0,291.25943027411796,tully-fisher,42416.027861801886,3.874057302872881e-07
13655,39.0202,-0.9942,0.26173,11.238,0,305.86514928375567,tully-fisher,46776.74477318707,4.3592524944615495e-07
18945,10.0784,-1.0374,0.26187,7.0,0,26.67042864326648,tully-fisher,355.65588200778444,-8.057902212225155e-08
13956,20.9418,0.8167,0.2629,10.757,0,231.88891880996,tully-fisher,26886.235333426102,2.146134850153042e-07
520019,241.861,54.4578,0.26309,11.266,0,310.835058154317,tully-fisher,48309.21668889881,4.5297629907532753e-07
04D3ez,214.783,53.072,0.26348,10.29,0,177.22704473189987,tully-fisher,15704.712692201414,9.020226708006963e-08
350235,184.35,48.3462,0.26384,10.127,0,161.35409642651283,tully-fisher,13017.5722168082,6.030379707436756e-08
330022,35.3241,-2.9491,0.26386,10.979,0,263.4996214700468,tully-fisher,34716.02525742898,3.0173164699360277e-07
12983,16.4588,0.1448,0.26395,10.418,0,190.7787485683089,tully-fisher,18198.26545264501,1.1794678326687186e-07
2943,17.7049,1.0079,0.26405,7.0,0,26.67042864326648,tully-fisher,355.65588200778444,-8.057902212225155e-08
110478,53.5803,-27.5689,0.26462,9.468,0,110.41548785615147,tully-fisher,6095.789979255966,-1.671141687166679e-08
13099,359.819,-1.2504,0.26451,10.86,0,246.05375416247622,tully-fisher,30271.224968724142,2.52276574089857e-07
2422,1.9945,0.6382,0.2657,9.371,0,104.4191120232026,tully-fisher,5451.675477857067,-2.3878157232531125e-08
6315,310.483,1.092,0.26576,9.72,0,127.6526972381098,tully-fisher,8147.6055560822615,6.1181102940078716e-09
1334087,41.0084,-0.4674,0.26629,10.951,0,259.28655389038113,tully-fisher,33614.758514174755,2.894784019574848e-07
18463,17.566,0.472,0.26687,10.244,0,172.59570955339404,tully-fisher,14894.639478119776,8.118898700951494e-08
1309288,54.6449,-29.1944,0.26794,10.961,0,260.78343150149385,tully-fisher,34003.99907284717,2.9380928725173683e-07
520023,245.239,55.1548,0.26804,11.324,0,321.3882506025754,tully-fisher,51645.20381269189,4.900941616781528e-07
530037,333.671,-1.0504,0.2685,10.9792,0,263.52995973144454,tully-fisher,34724.01983802838,3.0182059869912324e-07
06D3fp,215.077,52.8972,0.26848,9.55,0,115.75239766982418,tully-fisher,6699.308783156559,-9.996364561772708e-09
14298,314.895,1.2233,0.26879,7.0,0,26.67042864326648,tully-fisher,355.65588200778444,-8.057902212225155e-08
510638,243.469,56.0842,0.27006,8.6546,0,69.13213918753539,tully-fisher,2389.6263343223823,-5.794804874445914e-08
19002,42.6154,-0.5512,0.2701,10.716,0,226.4800726471113,tully-fisher,25646.611653120402,2.008208114415289e-07
310051,353.412,-0.5525,0.27045,10.435,0,192.65487173983757,tully-fisher,18557.949802546627,1.219488113876683e-07
160039,184.975,48.1403,0.27085,7.0,0,26.67042864326648,tully-fisher,355.65588200778444,-8.057902212225155e-08
380378,213.525,53.4648,0.27129,10.364,0,184.9396347876446,tully-fisher,17101.334257693678,1.0574177771137623e-07
1292332,41.1435,-1.2851,0.27265,10.269,0,175.09752027514168,tully-fisher,15329.570803251825,8.602825064239143e-08
15356,335.053,0.4099,0.2734,10.743,0,230.0276251244563,tully-fisher,26456.354160198698,2.098304119004255e-07
420258,352.428,0.7054,0.27444,11.463,0,348.16089945818794,tully-fisher,60608.00595576722,5.898187847470553e-07
100213,53.0671,-27.1943,0.27511,9.414,0,107.03603075425731,tully-fisher,5728.355939813158,-2.0799671917487257e-08
150254,183.211,47.1458,0.27508,9.355,0,103.46179184992562,tully-fisher,5352.1711863986675,-2.4985291787218758e-08
20227,349.12,-0.0985,0.27574,11.046,0,273.8608776782414,tully-fisher,37499.890161348354,3.3270632140751874e-07
19051,351.375,0.4231,0.27619,11.292,0,315.5222539398697,tully-fisher,49777.14636564781,4.69309219446503e-07
4000,31.016,-0.3658,0.27656,10.919,0,254.55404093462198,tully-fisher,32398.8798780726,2.759499276313502e-07
4046,354.498,0.6421,0.27764,9.359,0,103.70029591210577,tully-fisher,5376.8756861291495,-2.4710417157119786e-08
1297465,51.7953,-27.8221,0.27784,10.068,0,155.9660221046517,tully-fisher,12162.70002557435,5.079206115941733e-08
5957,34.7606,-0.2728,0.27924,10.463,0,195.7852615807813,tully-fisher,19165.934326127473,1.2871355153008792e-07
6196,337.631,-0.5027,0.2798,11.406,0,336.92248535481025,tully-fisher,56758.380568831155,5.469859257214568e-07
040201,184.46,47.4468,0.27987,9.2773,0,98.9361475935597,tully-fisher,4894.180650327314,-3.008112374353694e-08
520188,215.524,52.5446,0.28049,8.406,0,59.914231848559965,tully-fisher,1794.8575890014986,-6.456574352266137e-08
18485,47.9591,-0.6924,0.28122,10.908,0,252.9472694942302,tully-fisher,31991.16057229335,2.7141343854705596e-07
1317286,36.0079,-6.8106,0.28198,7.0,0,26.67042864326648,tully-fisher,355.65588200778444,-8.057902212225155e-08
06D3dt,214.34,52.4528,0.28256,9.589,0,118.38045249137565,tully-fisher,7006.9657660314215,-6.573218969362678e-09
15584,43.4955,0.987,0.28333,10.9,0,251.7850823588335,tully-fisher,31697.863849222285,2.681500723934023e-07
310238,35.5268,-3.2333,0.28395,9.906,0,142.07903400059118,tully-fisher,10093.225951270571,2.7766056711661237e-08
14261,328.24,0.2538,0.28436,9.135,0,91.15489510876667,tully-fisher,4154.607451145125,-3.8309985358795105e-08
16072,3.1244,-0.9773,0.28434,10.943,0,258.09524038889384,tully-fisher,33306.57655570044,2.8604941522377323e-07
17791,332.373,0.7379,0.28468,9.385,0,105.26403068786094,tully-fisher,5540.258078327464,-2.289254287874349e-08
440050,333.867,1.5495,0.28547,11.03,0,271.35010605997223,tully-fisher,36815.44002937908,3.2509078663050353e-07
350080,130.635,43.9989,0.28577,11.229,0,304.28461584610164,tully-fisher,46294.563720304825,4.3056026169098063e-07
20040,328.879,0.8151,0.28655,10.257,0,173.892157423953,tully-fisher,15119.241206778424,8.368801826933279e-08
20245,341.706,0.7563,0.28723,11.5,0,355.6558820077846,tully-fisher,63245.55320336759,6.191654556759216e-07
17809,6.3646,-0.8396,0.28746,9.84,0,136.78232945628585,tully-fisher,9354.70282574396,1.9548878741520458e-08
19128,354.204,-0.7822,0.28763,7.0,0,26.67042864326648,tully-fisher,355.65588200778444,-8.057902212225155e-08
1334644,35.1072,-5.7725,0.28806,11.217,0,302.1899352843625,tully-fisher,45659.37849358359,4.2349287290982247e-07
1313594,34.8329,-5.7894,0.28835,10.379,0,186.54344620653575,tully-fisher,17399.228661305347,1.0905629996014207e-07
091869,351.908,-1.7625,0.28843,10.347,0,183.13864459712556,tully-fisher,16769.88157243613,1.020538692230669e-07
2165,17.0917,-0.0962,0.28882,9.485,0,111.50131663329314,tully-fisher,6216.271805478946,-1.5370875764662377e-08
2789,344.202,0.4011,0.2889,11.224,0,303.41007349186737,tully-fisher,46028.836348170174,4.276036459359747e-07
1334597,35.8313,-4.0678,0.28896,8.88,0,78.71001509115553,tully-fisher,3097.633237824965,-5.0070409535774166e-08
1310395,36.5343,-6.76,0.28899,7.0,0,26.67042864326648,tully-fisher,355.65588200778444,-8.057902212225155e-08
350180,53.4627,-28.1376,0.28952,8.885,0,78.93688706382085,tully-fisher,3115.516069663203,-4.9871436197302035e-08
1289288,10.1789,-43.9483,0.29001,10.645,0,217.41024010333857,tully-fisher,23633.60625089566,1.7842310570531292e-07
570056,37.0067,-3.495,0.28998,10.819,0,240.31451094686207,tully-fisher,28875.532085814735,2.3674739644582912e-07
19596,53.8843,0.7034,0.29036,9.959,0,146.48056136433888,tully-fisher,10728.277428805923,3.4831957332427656e-08
19027,328.884,-0.372,0.29114,9.592,0,118.58506491600001,tully-fisher,7031.208810565966,-6.303478720759966e-09
1291090,9.4631,-43.7215,0.29199,9.711,0,126.99306224254386,tully-fisher,8063.618928869309,5.183633039245406e-09
1263715,41.6099,-1.5799,0.29186,8.977,0,83.23001936200941,tully-fisher,3463.6180615002304,-4.5998279190003584e-08
12841,321.347,-1.0337,0.29208,10.12,0,160.70522443712338,tully-fisher,12913.084580693097,5.9141215332563775e-08
390264,243.373,53.9909,0.29208,9.619,0,120.44256494194858,tully-fisher,7253.205724897749,-3.833429929010078e-09
21006,47.9418,0.0919,0.29241,7.0,0,26.67042864326648,tully-fisher,355.65588200778444,-8.057902212225155e-08
420414,334.276,0.0287,0.29246,11.004,0,267.3191033092884,tully-fisher,35729.75149704099,3.1301087256687607e-07
150509,241.234,54.8781,0.2928,10.78,0,234.97951098790583,tully-fisher,27607.68529205767,2.2264069838441715e-07
130755,183.732,46.5759,0.29291,8.952,0,82.04082059732136,tully-fisher,3365.348122140934,-4.709167972536866e-08
6249,3.2656,-0.6201,0.29354,10.047,0,154.0919658115076,tully-fisher,11872.166963827414,4.755944488503576e-08
1303004,35.2946,-6.4631,0.29496,9.369,0,104.29896425370524,tully-fisher,5439.136972197842,-2.4017666922776777e-08
19794,359.319,0.2494,0.29568,11.367,0,329.4427812018774,tully-fisher,54266.27304301402,5.19257489938536e-07
580270,130.2,44.5906,0.29576,9.851,0,137.65119805866323,tully-fisher,9473.926163492662,2.0875417275810392e-08
1119,320.414,0.8947,0.29639,10.804,0,238.248401605475,tully-fisher,28381.15043378185,2.3124665871736645e-07
13610,326.015,0.7263,0.29683,10.471,0,196.68896528783904,tully-fisher,19343.27453300037,1.306867274412648e-07
1293319,36.0024,-6.4977,0.29687,9.229,0,96.22324430230444,tully-fisher,4629.456372030481,-3.3026578574394184e-08
420196,351.761,-1.0284,0.29842,10.315,0,179.79598762069602,tully-fisher,16163.298582250738,9.530472324275743e-08
570025,335.06,0.3776,0.29845,9.973,0,147.66582484636194,tully-fisher,10902.597913778221,3.677153430618488e-08
6137,307.936,0.2448,0.29888,7.0,0,26.67042864326648,tully-fisher,355.65588200778444,-8.057902212225155e-08
10550,349.675,-1.2049,0.29923,10.289,0,177.12505400218927,tully-fisher,15686.642377639231,9.000120771496444e-08
120444,51.682,-27.9362,0.29947,9.389,0,105.50668933963578,tully-fisher,5565.830747705208,-2.2608008558577623e-08
14735,35.158,0.3484,0.29936,10.326,0,180.9380875476239,tully-fisher,16369.295762695803,9.759675098644831e-08
170428,243.619,54.003,0.30007,9.1073,0,89.71292066636568,tully-fisher,4024.2040672448097,-3.976091868285778e-08
5391,52.342,-1.0947,0.30022,9.299,0,100.17976201739349,tully-fisher,5017.992358930796,-2.8703532698359352e-08
350078,130.663,43.7841,0.30078,9.341,0,102.63133914502941,tully-fisher,5266.595887351023,-2.593744540004043e-08
350192,148.716,1.9617,0.3015,8.553,0,65.20486433620394,tully-fisher,2125.83716655138,-6.088309906752657e-08
570022,351.124,-0.4843,0.30141,9.499,0,112.40354173109446,tully-fisher,6317.278096846948,-1.424702920713862e-08
460037,54.727,-27.5411,0.30254,9.655,0,122.96457006826166,tully-fisher,7560.142746036215,-4.1829499126363146e-10
1339002,35.8305,-6.5263,0.30296,10.871,0,247.61673662036148,tully-fisher,30657.02412725873,2.565691686435465e-07
150457,161.353,57.2179,0.30339,11.454,0,346.361806150023,tully-fisher,59983.25037975305,5.828674414803356e-07
7143,345.262,-0.2074,0.30354,10.28,0,176.20977460160276,tully-fisher,15524.942332573823,8.820205207290545e-08
1287626,35.9318,-5.9612,0.30396,8.203,0,53.30647878083696,tully-fisher,1420.7903400059106,-6.8727802978289e-08
19818,35.2667,0.4964,0.30395,10.154,0,163.8815246360556,tully-fisher,13428.577058519046,6.487684267604638e-08
1335717,52.8599,-28.3531,0.30478,9.773,0,131.60730492461337,tully-fisher,8660.24135476008,1.1821952795347544e-08
1259412,36.3454,-5.3241,0.30477,10.514,0,201.61832187285907,tully-fisher,20324.973857413897,1.416096055246299e-07
12883,312.626,0.3987,0.30519,11.099,0,282.344931327957,tully-fisher,39859.33012329437,3.589586314666626e-07
350630,162.404,58.9533,0.30525,11.149,0,290.5895521734078,tully-fisher,42221.14391617084,3.8523735395698466e-07
440005,52.9893,-28.8836,0.30551,11.388,0,333.4494425102125,tully-fisher,55594.26535518575,5.340333971443026e-07
350027,163.119,57.8072,0.30568,11.059,0,275.91797604189173,tully-fisher,38065.36475152697,3.3899807475211005e-07
560087,352.676,-1.556,0.30641,11.27,0,311.5516069663204,tully-fisher,48532.20190164827,4.5545734416997577e-07
340334,163.263,57.8064,0.30668,7.0,0,26.67042864326648,tully-fisher,355.65588200778444,-8.057902212225155e-08
1281668,9.4105,-43.9203,0.30697,10.251,0,173.2925911999629,tully-fisher,15015.161082398728,8.252997070708142e-08
520062,244.451,54.6334,0.30805,10.6357,0,216.24944207915183,tully-fisher,23381.91059977222,1.7562261390200346e-07
5966,16.1904,0.5139,0.30822,11.011,0,268.39844518490935,tully-fisher,36018.86268883839,3.162276684044671e-07
1319821,53.3579,-29.4719,0.30881,10.417,0,190.66895909566276,tully-fisher,18177.325981311755,1.1771380022734507e-07
6699,322.815,-1.057,0.30915,10.655,0,218.66536311667818,tully-fisher,23907.270513474356,1.814680312762935e-07
5844,327.786,-0.8429,0.3093,7.0,0,26.67042864326648,tully-fisher,355.65588200778444,-8.057902212225155e-08
16211,348.164,0.2669,0.30939,11.5,0,355.6558820077846,tully-fisher,63245.55320336759,6.191654556759216e-07
21042,315.012,0.8276,0.30955,9.374,0,104.59959323643116,tully-fisher,5470.5374526134265,-2.3668289459831668e-08
1300516,34.5464,-5.0101,0.31043,9.557,0,116.21976572718302,tully-fisher,6753.51697284065,-9.393217108867017e-09
15213,53.0191,-0.1001,0.31053,10.721,0,227.13287370160674,tully-fisher,25794.67115797502,2.024681956052865e-07
500100,131.639,45.3562,0.31077,10.898,0,251.49537087353178,tully-fisher,31624.960785407642,2.673389164130039e-07
000420,149.82,1.6135,0.31152,9.742,0,129.2795987999069,tully-fisher,8356.607332932443,8.44356868128447e-09
1338128,8.0837,-43.7408,0.31185,9.265,0,98.23810935867272,tully-fisher,4825.363065183268,-3.0846822643216916e-08
1337838,35.496,-6.4982,0.31195,8.424,0,60.5382685620261,tully-fisher,1832.4409802439984,-6.414757189893483e-08
1263369,43.2295,-0.5418,0.31252,10.845,0,243.9383015501668,tully-fisher,29752.947481590054,2.465099593387463e-07
1294743,36.1025,-4.6749,0.31258,10.263,0,174.4937980566322,tully-fisher,15224.042780114367,8.485409303380022e-08
20142,23.0082,-0.4297,0.31259,9.365,0,104.05908329254794,tully-fisher,5414.146407842713,-2.4295724451082227e-08
1283878,37.1332,-4.0413,0.31287,11.409,0,337.5048325682907,tully-fisher,56954.756003474955,5.491708971050967e-07
1341894,35.3025,-4.6502,0.31294,10.003,0,150.23806992172172,tully-fisher,11285.738826902072,4.103455189082175e-08
19632,40.2865,0.1444,0.31377,11.113,0,284.6295562182516,tully-fisher,40506.992136499415,3.661648432196265e-07
530112,333.569,0.9209,0.31444,10.678,0,221.5797130748579,tully-fisher,24548.784623168176,1.8860583837739366e-07
15383,34.1495,-0.1552,0.31495,10.786,0,235.79250464875702,tully-fisher,27799.052624267042,2.2476994711351302e-07
6649,34.2759,0.5348,0.31509,7.0,0,26.67042864326648,tully-fisher,355.65588200778444,-8.057902212225155e-08
110716,128.986,43.4945,0.31577,7.0,0,26.67042864326648,tully-fisher,355.65588200778444,-8.057902212225155e-08
15776,32.8294,-0.9983,0.31582,11.211,0,301.14800860342245,tully-fisher,45345.061542903495,4.199956251818944e-07
6100,333.483,1.0865,0.31613,10.194,0,167.69881572436154,tully-fisher,14061.446397676684,7.191846373293001e-08
100163,35.4423,-5.1516,0.31773,10.434,0,192.5440025946639,tully-fisher,18536.596467586965,1.217112234942703e-07
1345553,35.3447,-4.668,0.31795,10.034,0,152.94313768776698,tully-fisher,11695.801682889623,4.559711648782231e-08
080646,334.622,0.9415,0.31813,10.768,0,233.3619234121926,tully-fisher,27228.893649319023,2.1842607295915917e-07
550059,351.303,-1.0245,0.31839,10.2438,0,172.57583988180966,tully-fisher,14891.210255456,8.115083176162424e-08
310188,35.2776,-4.5196,0.31893,11.264,0,310.4774019916163,tully-fisher,48198.10857373186,4.5174005456964234e-07
440509,34.8496,-5.4304,0.31892,11.5,0,355.6558820077846,tully-fisher,63245.55320336759,6.191654556759216e-07
170078,186.183,47.6681,0.32089,10.419,0,190.88860125904995,tully-fisher,18219.229045318283,1.1818003469250189e-07
330128,36.8228,-3.8213,0.32095,10.812,0,239.3481062614486,tully-fisher,28643.757985470846,2.3416856178843508e-07
1266657,43.2731,0.5575,0.32108,2.0,0,1.4997884186649117,tully-fisher,1.1246826503806984,-8.452371371062926e-08
120085,150.471,2.0426,0.32214,10.9,0,251.7850823588335,tully-fisher,31697.863849222285,2.681500723934023e-07
580104,36.1196,-4.9673,0.32214,11.5,0,355.6558820077846,tully-fisher,63245.55320336759,6.191654556759216e-07
1261579,36.1196,-4.9673,0.32214,11.163,0,292.94088931494076,tully-fisher,42907.18231631418,3.928705606007289e-07
7475,4.7535,-0.2815,0.32265,7.0,0,26.67042864326648,tully-fisher,355.65588200778444,-8.057902212225155e-08
05D2ab,150.462,2.1063,0.32454,10.098,0,158.68285135542507,tully-fisher,12590.123657143962,5.554779043566304e-08
050291,244.566,55.3847,0.32535,11.169,0,293.95442060120433,tully-fisher,43204.60069549486,3.9617978636339657e-07
500301,215.548,52.6318,0.3255,10.1963,0,167.92099372832692,tully-fisher,14098.730067354403,7.233330050449799e-08
18617,345.762,0.8492,0.3257,10.076,0,156.6859285532424,tully-fisher,12275.24010329589,5.204423839726883e-08
1305626,35.6546,-4.1333,0.32573,9.283,0,99.2613084385886,tully-fisher,4926.40367647031,-2.9722594225094728e-08
1308326,42.2701,0.5823,0.32622,9.665,0,123.67445227824739,tully-fisher,7647.685073162244,5.557447605747802e-10
14456,343.551,1.0507,0.32794,11.095,0,281.69555600587717,tully-fisher,39676.19313673014,3.569209576830007e-07
050303,241.437,56.0744,0.32829,11.248,0,307.63092806060683,tully-fisher,47318.39394971512,4.419519093124083e-07
530219,351.529,-0.3194,0.32838,11.1019,0,282.8166643095568,tully-fisher,39992.63280559227,3.6044182383597113e-07
430003,333.38,-0.4529,0.32843,7.0,0,26.67042864326648,tully-fisher,355.65588200778444,-8.057902212225155e-08
1337687,55.0471,-26.9756,0.3287,8.4,0,59.707652378359214,tully-fisher,1782.501876267492,-6.47032193673221e-08
1306073,36.8506,-3.7494,0.32859,10.4,0,188.81217525718472,tully-fisher,17825.018762674918,1.1379385376170136e-07
6924,358.969,0.877,0.3286,7.0,0,26.67042864326648,tully-fisher,355.65588200778444,-8.057902212225155e-08
1316465,52.7975,-27.9593,0.3291,9.316,0,101.16493240062286,tully-fisher,5117.171773811296,-2.7600012883097826e-08
13934,342.111,-0.4353,0.32931,10.791,0,236.47214764726778,tully-fisher,27959.538306455604,2.265555911463421e-07
540163,36.0723,-3.3093,0.32943,10.359,0,184.40810103544115,tully-fisher,17003.173863748736,1.0464959603312538e-07
1301933,36.6637,-4.9708,0.3296,10.006,0,150.4977460347169,tully-fisher,11324.78578076507,4.146900784486563e-08
13830,351.562,-0.3823,0.32985,11.174,0,294.8017081947622,tully-fisher,43454.02357727487,3.989549901973323e-07
120369,150.995,2.2624,0.33055,10.563,0,207.3862676642527,tully-fisher,21504.532007854534,1.5473395994669267e-07
1338675,36.7437,-4.9677,0.33048,9.507,0,112.92237290627398,tully-fisher,6375.731151391799,-1.3596651262980277e-08
4241,12.2377,-0.9057,0.33052,9.261,0,98.01216797695467,tully-fisher,4803.192535771388,-3.109350305114558e-08
480184,129.736,43.3139,0.3308,11.073,0,278.15059652061,tully-fisher,38683.87717238559,3.458799535494921e-07
370394,132.379,45.0022,0.3308,10.291,0,177.32909418909563,tully-fisher,15722.80382296257,9.040355805662438e-08
03D1fc,36.4316,-4.1441,0.33094,10.391,0,187.83650360211382,tully-fisher,17641.276042733454,1.1174944028527822e-07
580235,150.235,2.5796,0.33154,9.2832,0,99.27273697691169,tully-fisher,4927.538153443544,-2.9709971466416125e-08
20106,346.554,0.329,0.33137,10.277,0,175.90573370699866,tully-fisher,15471.413575498762,8.760646432730498e-08
370344,150.174,1.8316,0.33155,9.538,0,114.95556376910426,tully-fisher,6607.390820736297,-1.1019089822165092e-08
470041,131.337,44.7548,0.33179,11.162,0,292.77230751012365,tully-fisher,42857.812022401195,3.923212419978322e-07
1306141,54.8978,-28.9108,0.3324,9.678,0,124.60342948581288,tully-fisher,7763.007319812971,1.8388778025763844e-09
130862,184.002,47.9204,0.3329,9.5892,0,118.39408232921753,tully-fisher,7008.579365288768,-6.555265256321333e-09
1309492,53.3008,-28.0249,0.33353,9.562,0,116.55475495927365,tully-fisher,6792.505451808162,-8.959411775780537e-09
1346956,54.3435,-28.8264,0.33353,7.0,0,26.67042864326648,tully-fisher,355.65588200778444,-8.057902212225155e-08
16093,350.362,1.1325,0.33439,10.215,0,169.73835762588735,tully-fisher,14405.555024766812,7.574718856513366e-08
500511,184.696,47.6473,0.3349,9.633,0,121.41713912829259,tully-fisher,7371.0608370495775,-2.522114957590703e-09
1346966,55.3407,-29.1493,0.33513,9.557,0,116.21976572718302,tully-fisher,6753.51697284065,-9.393217108867017e-09
1314897,36.6066,-4.1552,0.33663,11.148,0,290.4223235175484,tully-fisher,42172.562998665766,3.8469681835113316e-07
470015,54.1486,-28.6251,0.33752,11.5,0,355.6558820077846,tully-fisher,63245.55320336759,6.191654556759216e-07
040782,242.077,54.9081,0.33739,10.152,0,163.6929576269579,tully-fisher,13397.692188330517,6.453320215058162e-08
04D3kr,214.15,52.4789,0.33753,9.287,0,99.49012938646345,tully-fisher,4949.142922667618,-2.9469585989534205e-08
1300912,52.0379,-27.5329,0.3378,9.744,0,129.42852314971663,tully-fisher,8375.871302358364,8.657909247900138e-09
380318,150.413,3.2498,0.33825,11.443,0,344.17553459793515,tully-fisher,59228.399307887215,5.744685906060989e-07
580276,53.5214,-28.8077,0.33851,10.421,0,191.1084964404435,tully-fisher,18261.2287058635,1.1864734393910059e-07
1343337,54.5592,-28.7099,0.339,9.832,0,136.15387173874836,tully-fisher,9268.93839472577,1.8594620751722504e-08
04D3nh,215.611,52.3334,0.34051,9.356,0,103.52136639011351,tully-fisher,5358.33664963806,-2.4916691757029686e-08
320258,34.748,-4.8807,0.3409,10.956,0,260.033915606658,tully-fisher,33808.81863286527,2.916376119768725e-07
2533,31.2207,-0.3265,0.34101,9.755,0,130.25067890963004,tully-fisher,8482.61967820977,9.845645111647138e-09
1336009,8.9162,-44.8937,0.34176,9.634,0,121.48705257271664,tully-fisher,7379.551971403007,-2.4276383464476815e-09
1346387,52.695,-28.6493,0.34448,10.812,0,239.3481062614486,tully-fisher,28643.757985470846,2.3416856178843508e-07
350606,54.2033,-26.7605,0.3445,10.6991,0,224.2874615376195,tully-fisher,25152.43270149457,1.9532232905925888e-07
1329312,36.2633,-5.5418,0.34479,11.115,0,284.9574368118639,tully-fisher,40600.3703971937,3.672038164895834e-07
470110,52.0706,-28.6233,0.34547,10.57,0,208.22362152466795,tully-fisher,21678.538280424076,1.566700408359745e-07
03D1bp,36.6572,-4.8388,0.34594,10.821,0,240.59134257864955,tully-fisher,28942.097061898552,2.374880316895378e-07
310090,351.308,-0.6051,0.34686,11.5,0,355.6558820077846,tully-fisher,63245.55320336759,6.191654556759216e-07
050301,244.724,55.7829,0.34704,10.5212,0,202.4556939990224,tully-fisher,20494.154016312892,1.4349198865745118e-07
330089,36.1903,-4.8221,0.34872,9.651,0,122.68175940501753,tully-fisher,7525.407045355304,-8.047817843604012e-10
160198,242.905,53.9703,0.34899,9.881,0,140.048994682846,tully-fisher,9806.860455837912,2.457981086621153e-08
1258906,10.262,-44.3941,0.34918,9.195,0,94.35827562631707,tully-fisher,4451.74208958601,-3.500391663762789e-08
070955,241.475,55.1978,0.3492,9.513,0,113.31306728194575,tully-fisher,6419.925608421382,-1.3104921612068033e-08
380279,149.827,2.9349,0.34946,10.971,0,262.2889506813614,tully-fisher,34397.74682476482,2.9819032183415847e-07
04D2mc,150.148,1.7842,0.34957,10.96,0,260.63335569046,tully-fisher,33964.87304923491,2.933739515280835e-07
05D2ie,150.262,2.6581,0.34956,9.287,0,99.49012938646345,tully-fisher,4949.142922667618,-2.9469585989534205e-08
440185,54.3495,-28.44,0.34952,7.0,0,26.67042864326648,tully-fisher,355.65588200778444,-8.057902212225155e-08
20186,357.295,0.7979,0.34957,7.0,0,26.67042864326648,tully-fisher,355.65588200778444,-8.057902212225155e-08
1248677,53.6462,-28.127,0.35017,9.845,0,137.1765877584038,tully-fisher,9408.708114519528,2.0149768617353734e-08
000196,150.115,2.694,0.35066,9.66,0,123.31900037229644,tully-fisher,7603.787926411224,6.732313264361647e-11
050296,243.451,55.6085,0.35087,10.905,0,252.51082200271867,tully-fisher,31880.857614244334,2.7018615262249476e-07
05D2hc,150.019,1.886,0.35157,10.977,0,263.19643088386397,tully-fisher,34636.18061500229,3.008432555348864e-07
120400,149.628,2.8718,0.35156,9.83,0,135.99720900066447,tully-fisher,9247.620427985206,1.8357426382834127e-08
160197,241.617,53.8718,0.35361,10.158,0,164.25931056691084,tully-fisher,13490.56055395843,6.556650207279669e-08
05D2mp,149.786,2.204,0.35527,8.657,0,69.22771477349326,tully-fisher,2396.238246380068,-5.787448130124308e-08
1688,321.358,0.3245,0.35767,10.379,0,186.54344620653575,tully-fisher,17399.228661305347,1.0905629996014207e-07
1334423,42.2137,-0.1522,0.35791,9.499,0,112.40354173109446,tully-fisher,6317.278096846948,-1.424702920713862e-08
04D3fk,214.609,52.5285,0.35833,10.189,0,167.21683369349833,tully-fisher,13980.734735239537,7.102042537558128e-08
04D2fs,150.092,1.7654,0.35858,8.386,0,59.22839930788722,tully-fisher,1754.0016422872675,-6.502032723667848e-08
1280217,40.8943,-1.5184,0.35901,8.92,0,80.54340686509181,tully-fisher,3243.620194717859,-4.844608557807441e-08
160070,243.192,54.8737,0.35897,11.119,0,285.61433154578316,tully-fisher,40787.77319217227,3.692889537929584e-07
1307830,53.2945,-27.9578,0.35949,10.399,0,188.7035175093681,tully-fisher,17804.508760204197,1.1356564920771427e-07
050293,244.449,55.3023,0.36005,8.555,0,65.27997744079154,tully-fisher,2130.737727335126,-6.082857297521928e-08
160126,163.283,57.2013,0.36023,10.914,0,253.8224288890381,tully-fisher,32212.91270356539,2.738807637599544e-07
470244,130.408,43.7715,0.36081,9.115,0,90.11145365289997,tully-fisher,4060.0370397193687,-3.936222309453392e-08
420417,333.495,-0.1916,0.36138,10.934,0,256.76155409449495,tully-fisher,32963.247830510125,2.82229367970495e-07
1294014,42.8035,-0.6691,0.36272,9.451,0,109.34023316162038,tully-fisher,5977.643293918754,-1.8025976032296762e-08
1346137,53.2592,-26.8541,0.36326,10.093,0,158.22678204671178,tully-fisher,12517.857278428815,5.474371853238104e-08
560121,36.3388,-4.3953,0.36491,8.461,0,61.841497233485995,tully-fisher,1912.1853900396277,-6.326029567864414e-08
100358,352.444,0.5905,0.36613,9.553,0,115.95246768345274,tully-fisher,6722.487380941074,-9.738467880530861e-09
190209,333.082,1.0359,0.36648,11.5,0,355.6558820077846,tully-fisher,63245.55320336759,6.191654556759216e-07
1308582,37.1372,-4.3728,0.36705,10.698,0,224.14548522732954,tully-fisher,25120.5992738975,1.949681344092563e-07
350083,130.138,44.3739,0.3678,9.755,0,130.25067890963004,tully-fisher,8482.61967820977,9.845645111647138e-09
04D1hd,36.5368,-4.1096,0.36791,8.199,0,53.18387728179663,tully-fisher,1414.2624013626018,-6.880043609126292e-08
1343533,7.3584,-42.2673,0.36844,10.759,0,232.15604453422318,tully-fisher,26948.214506888107,2.1530309632357075e-07
1283936,8.8776,-44.3713,0.36862,9.65,0,122.61115842996418,tully-fisher,7516.748085768888,-9.011257030523205e-10
15704,40.2107,0.6588,0.36952,10.933,0,256.6137927959678,tully-fisher,32925.31932656595,2.818073564500998e-07
18091,23.3675,0.5247,0.36977,10.972,0,262.4399798038406,tully-fisher,34437.37149972012,2.9863120580225963e-07
510578,241.233,53.9121,0.37012,9.8142,0,134.76589369790065,tully-fisher,9080.923052096929,1.6502667936573295e-08
04D2cf,150.484,1.8795,0.37059,10.809,0,238.9351234259955,tully-fisher,28544.996603297845,2.3306969321432785e-07
05D4bm,334.269,-17.6776,0.37051,9.047,0,86.65228025562915,tully-fisher,3754.308836750048,-4.2763908116243786e-08
13136,6.1407,-0.2791,0.37046,11.433,0,342.1999924821414,tully-fisher,58550.41742738881,5.669250248327002e-07
05D3jr,214.87,52.8648,0.37053,8.008,0,47.646389387173784,tully-fisher,1135.0892108170933,-7.190665675235419e-08
390471,214.52,53.014,0.37053,10.504,0,200.46104761557987,tully-fisher,20092.31580556789,1.3902093558035205e-07
320469,34.4183,-4.8371,0.37087,11.5,0,355.6558820077846,tully-fisher,63245.55320336759,6.191654556759216e-07
1291957,7.2,-43.5623,0.37143,7.0,0,26.67042864326648,tully-fisher,355.65588200778444,-8.057902212225155e-08
000199,151.231,2.5909,0.3716,10.475,0,197.1423801801232,tully-fisher,19432.55903154211,1.3168015146433668e-07
05D4fo,333.837,-17.2681,0.3715,8.381,0,59.05817136644427,tully-fisher,1743.933802574149,-6.513234706088988e-08
05D4cw,333.709,-17.7388,0.37351,10.503,0,200.345686167468,tully-fisher,20069.196982956786,1.3876370398761066e-07
16232,17.2054,-0.9896,0.37426,10.651,0,218.16244673729165,tully-fisher,23797.426583200802,1.802458527245333e-07
1299643,55.1026,-26.7221,0.37678,9.253,0,97.56184297062858,tully-fisher,4759.156601912793,-3.158346889390697e-08
1282736,35.8093,-6.2681,0.37798,10.603,0,212.21691439609046,tully-fisher,22518.009377898794,1.6601041647258087e-07
590031,149.073,2.0023,0.37859,10.283,0,176.51434100986486,tully-fisher,15578.656291073426,8.87997004622599e-08
7779,310.08,-0.0072,0.37986,11.174,0,294.8017081947622,tully-fisher,43454.02357727487,3.989549901973323e-07
320099,36.0675,-3.916,0.37989,10.7107,0,225.79015185878717,tully-fisher,25490.596338207084,1.9908490695269363e-07
500057,214.473,53.8417,0.38052,9.102,0,89.43963035775013,tully-fisher,3999.7237392654893,-4.00332990658418e-08
110425,132.012,44.4493,0.38083,9.563,0,116.62186858459631,tully-fisher,6800.330116081424,-8.872350644358079e-09
1299785,53.9115,-28.3193,0.38131,10.185,0,166.8322456482086,tully-fisher,13916.499094012108,7.030570747745789e-08
000011,149.976,2.4119,0.3816,11.5,0,355.6558820077846,tully-fisher,63245.55320336759,6.191654556759216e-07
040150,162.098,57.1482,0.38174,8.413,0,60.15614474808436,tully-fisher,1809.3808754762388,-6.440415016755933e-08
580275,54.1391,-28.6139,0.3825,11.33,0,322.5002054675483,tully-fisher,52003.19126330543,4.940773092480692e-07
1343401,34.5721,-5.6549,0.38284,10.74,0,229.63072429937657,tully-fisher,26365.134771128138,2.0881545931680017e-07
1281886,41.7252,-1.0099,0.38394,9.727,0,128.1681145800034,tully-fisher,8213.532797496437,6.851649782557295e-09
360139,185.739,47.5675,0.38594,11.022,0,270.1033655710079,tully-fisher,36477.91404639276,3.2133530359161074e-07
1338170,6.6699,-42.9641,0.38677,9.889,0,140.695431471002,tully-fisher,9897.602218405707,2.5589449138286148e-08
550218,332.927,0.9013,0.38735,9.1626,0,92.61471522142602,tully-fisher,4288.742737772921,-3.681752901694326e-08
050251,214.327,53.9783,0.38772,11.401,0,335.95413872079644,tully-fisher,56432.59166181606,5.43361035264937e-07
420352,35.1822,-3.9625,0.38886,9.185,0,93.81666610229549,tully-fisher,4400.7834192748,-3.557090831140974e-08
1290779,54.7233,-27.9051,0.38951,7.0,0,26.67042864326648,tully-fisher,355.65588200778444,-8.057902212225155e-08
120086,150.789,2.1434,0.39262,11.029,0,271.19394933250453,tully-fisher,36773.07907728051,3.2461945747323397e-07
1291794,55.1693,-28.7119,0.39512,10.935,0,256.90940047574975,tully-fisher,33001.22002640458,2.826518656293994e-07
1296273,41.0798,-0.4504,0.39698,8.564,0,65.61905862262381,tully-fisher,2152.9304272596696,-6.058164588706903e-08
1333438,52.3525,-28.9967,0.39946,10.682,0,222.09050706672807,tully-fisher,24662.096664578195,1.8986660486965773e-07
05D4ff,334.084,-18.0426,0.40048,10.543,0,205.01233668884908,tully-fisher,21015.029097311006,1.49287505538146e-07
110734,131.069,45.3442,0.40212,11.404,0,336.53481221409345,tully-fisher,56627.83991598756,5.4553346507442e-07
580312,35.2534,-4.8171,0.40286,10.527,0,203.13277228842327,tully-fisher,20631.46158879021,1.4501974143958593e-07
1329615,35.4427,-5.6398,0.40361,10.908,0,252.9472694942302,tully-fisher,31991.16057229335,2.7141343854705596e-07
06D3ed,214.699,52.7566,0.40454,9.512,0,113.2478578076507,tully-fisher,6412.538649010936,-1.3187112620089021e-08
350050,161.08,58.0762,0.40472,10.504,0,200.46104761557987,tully-fisher,20092.31580556789,1.3902093558035205e-07
05D4dt,333.608,-17.6711,0.40547,10.429,0,191.99061318043212,tully-fisher,18430.197774699154,1.2052737837821376e-07
1308314,53.4156,-28.9407,0.40648,7.522,0,36.01886268883843,tully-fisher,648.6792346986987,-7.73186976242859e-08
1341370,8.9639,-44.6767,0.409,8.648,0,68.86998615266768,tully-fisher,2371.5374963343183,-5.814931421047278e-08
1306390,43.3164,-0.0301,0.40911,10.29,0,177.22704473189987,tully-fisher,15704.712692201414,9.020226708006963e-08
450339,36.2874,-3.3534,0.40927,10.546,0,205.36668633361725,tully-fisher,21087.737927825165,1.5009650038161773e-07
06D4cq,334.231,-17.712,0.40947,9.107,0,89.69742913151762,tully-fisher,4022.8143964018127,-3.977638085627135e-08
020090,212.879,53.5796,0.40995,11.32,0,320.64907813800835,tully-fisher,51407.915655377285,4.874539748627832e-07
1307277,41.7388,-0.2355,0.41114,10.612,0,213.3192242460516,tully-fisher,22752.54571646862,1.6861998517514413e-07
530251,334.634,1.1149,0.41131,9.3809,0,105.01588476123047,tully-fisher,5514.1680260920175,-2.318283385956561e-08
520071,215.504,53.6193,0.41152,10.641,0,216.91021042677758,tully-fisher,23525.01969369446,1.7721491731574707e-07
1315296,40.3016,-0.7644,0.41258,9.821,0,135.29445441500303,tully-fisher,9152.294697726664,1.7296784591678934e-08
04D2fp,149.867,2.321,0.41664,10.235,0,171.70383517416656,tully-fisher,14741.103506758676,7.94806689381032e-08
05D2dw,149.634,2.0322,0.41864,8.815,0,75.81933931013617,tully-fisher,2874.28610671278,-5.255548151528804e-08
440162,353.266,-0.9127,0.41927,11.5,0,355.6558820077846,tully-fisher,63245.55320336759,6.191654556759216e-07
550137,334.754,0.0297,0.41931,10.086,0,157.5904862902661,tully-fisher,12417.380684601274,5.362576565483813e-08
1289600,52.0477,-27.8629,0.41962,9.712,0,127.06618637034872,tully-fisher,8072.907859352096,5.286986329468926e-09
05D3cf,214.223,52.3451,0.41956,9.609,0,119.7512335262656,tully-fisher,7170.178965531098,-4.757227213642627e-09
1340454,54.7539,-27.8432,0.41997,9.909,0,142.32460778429729,tully-fisher,10128.146990477026,2.8154605673966358e-08
550202,351.8,-0.7829,0.42027,9.751,0,129.95111066106867,tully-fisher,8443.645581022656,9.41199979744832e-09
1306626,54.8773,-27.239,0.4209,9.031,0,85.8578473750782,tully-fisher,3685.7849779411104,-4.352633886969154e-08
110430,132.249,44.8657,0.42085,9.14,0,91.41763792297503,tully-fisher,4178.592261708081,-3.804311835062202e-08
1306991,8.4681,-42.0948,0.42199,10.919,0,254.55404093462198,tully-fisher,32398.8798780726,2.759499276313502e-07
04D4gg,334.039,-17.2944,0.42245,10.057,0,154.98154843819913,tully-fisher,12009.64017815093,4.9089040681265076e-08
1345594,33.8987,-5.5998,0.42242,11.19,0,297.5294748159003,tully-fisher,44261.89419211272,4.079437630461664e-07
490037,149.957,0.8166,0.42355,11.417,0,339.06268409337065,tully-fisher,57481.75187230042,5.550345169349834e-07
160200,242.608,54.1496,0.42349,10.867,0,247.04723392966707,tully-fisher,30516.167896149822,2.5500193170915823e-07
1302523,36.3176,-4.6598,0.42392,10.498,0,199.76987398730094,tully-fisher,19954.001276451043,1.3748197889460315e-07
1312274,42.611,-0.3617,0.42451,10.494,0,199.31041602695365,tully-fisher,19862.320968418666,1.3646189789589078e-07
1295027,35.4327,-6.9406,0.42562,10.091,0,158.04472155443872,tully-fisher,12489.067005610033,5.442338354572487e-08
1258940,42.7148,-0.5251,0.42594,11.223,0,303.23546687444167,tully-fisher,45975.8741852803,4.2701436240089334e-07
050003,242.219,55.0048,0.42689,8.371,0,58.71918183032727,tully-fisher,1723.971157411518,-6.535446144348168e-08
110542,131.82,45.2976,0.42694,10.595,0,211.2418662434938,tully-fisher,22311.563027017062,1.6371339103377464e-07
110719,129.923,43.9644,0.42784,11.348,0,325.8592065279446,tully-fisher,53092.111239510814,5.061931779736976e-07
05D2cb,149.852,2.3282,0.42865,9.534,0,114.69117330919293,tully-fisher,6577.032617519665,-1.1356870387271823e-08
440236,37.1019,-4.4246,0.42888,11.413,0,338.2828615598022,tully-fisher,57217.64721254414,5.52095956290165e-07
1306029,40.8416,-1.9578,0.42895,7.0,0,26.67042864326648,tully-fisher,355.65588200778444,-8.057902212225155e-08
100101,132.141,43.9852,0.42967,11.5,0,355.6558820077846,tully-fisher,63245.55320336759,6.191654556759216e-07
080723,34.9864,-3.9606,0.43013,9.753,0,130.10080856268596,tully-fisher,8463.110194332328,9.628572828349006e-09
04D1rh,36.9464,-4.2538,0.43487,9.888,0,140.6144639767667,tully-fisher,9886.21373973671,2.546273522399189e-08
06D4co,333.861,-17.8692,0.43544,10.627,0,215.16914575210245,tully-fisher,23148.88064184475,1.7302980594450173e-07
000142,162.309,58.4672,0.43673,11.5,0,355.6558820077846,tully-fisher,63245.55320336759,6.191654556759216e-07
1336008,10.3212,-43.8862,0.43765,9.833,0,136.2322707704934,tully-fisher,9279.615799642512,1.8713422903513702e-08
1333246,41.384,-0.0616,0.43774,10.905,0,252.51082200271867,tully-fisher,31880.857614244334,2.7018615262249476e-07
1310338,35.042,-6.3767,0.43883,7.0,0,26.67042864326648,tully-fisher,355.65588200778444,-8.057902212225155e-08
560027,35.8506,-3.0839,0.43883,11.5,0,355.6558820077846,tully-fisher,63245.55320336759,6.191654556759216e-07
050607,213.514,53.3622,0.43926,9.458,0,109.78171112140896,tully-fisher,6026.012048372243,-1.7487801058757584e-08
040166,214.12,54.0536,0.44004,8.798,0,75.08099089441681,tully-fisher,2818.5775968437497,-5.3175322281572434e-08
510266,214.033,51.7321,0.44059,11.5,0,355.6558820077846,tully-fisher,63245.55320336759,6.191654556759216e-07
1328105,8.1871,-43.5769,0.44154,11.204,0,299.9369671004748,tully-fisher,44981.09211671565,4.159459191573973e-07
1295256,53.7194,-27.8328,0.44246,8.803,0,75.29740264956845,tully-fisher,2834.8494228856184,-5.299427379999665e-08
06D3df,215.572,52.9577,0.44254,10.46,0,195.44744419116225,tully-fisher,19099.851720428742,1.2797828338073928e-07
06D2gb,150.198,1.9854,0.44368,10.905,0,252.51082200271867,tully-fisher,31880.857614244334,2.7018615262249476e-07
1291080,35.6846,-6.0636,0.44384,8.582,0,66.30251396236864,tully-fisher,2198.0116788650435,-6.008004931581217e-08
040137,214.46,52.801,0.44756,8.743,0,72.74112201526547,tully-fisher,2645.635416019869,-5.50995635534497e-08
1328066,7.3173,-42.0522,0.4489,9.902,0,141.75226129023645,tully-fisher,10046.851790447732,2.7250074585271523e-08
1320166,9.3464,-43.8719,0.44896,7.0,0,26.67042864326648,tully-fisher,355.65588200778444,-8.057902212225155e-08
050580,212.991,52.0718,0.4506,10.422,0,191.21853900396277,tully-fisher,18282.26482940501,1.1888140237947668e-07
520016,185.338,46.9708,0.451,10.011,0,150.9315373443112,tully-fisher,11390.164482558603,4.2196444007018494e-08
04D2gb,150.594,1.8942,0.45169,10.246,0,172.79453213687833,tully-fisher,14928.975168201336,8.157102308445382e-08
120094,150.526,2.0878,0.45169,11.5,0,355.6558820077846,tully-fisher,63245.55320336759,6.191654556759216e-07
04D3gt,215.636,52.6469,0.45155,11.34,0,324.36201947178597,tully-fisher,52605.35983790762,5.007773382309178e-07
1290127,6.6908,-43.434,0.45223,2.0,0,1.4997884186649117,tully-fisher,1.1246826503806984,-8.452371371062926e-08
1253101,7.4651,-43.1378,0.45333,8.526,0,64.1992560842138,tully-fisher,2060.772240883231,-6.160704399944448e-08
1253039,54.4186,-27.5274,0.45347,10.795,0,237.01727224638694,tully-fisher,28088.59367155895,2.2799152573850467e-07
1334302,7.3673,-43.3882,0.45463,10.519,0,202.19946197753075,tully-fisher,20442.311212001445,1.4291515966622008e-07
1306360,53.6767,-26.487,0.45478,10.646,0,217.53542752620004,tully-fisher,23660.831114503315,1.78726023165504e-07
1345582,33.7065,-4.6747,0.45878,9.914,0,142.73484102449484,tully-fisher,10186.617421143907,2.88051769535562e-08
380199,215.233,53.0089,0.46055,10.683,0,222.21838944342025,tully-fisher,24690.506303413793,1.9018270473208665e-07
510597,185.821,47.8228,0.46098,9.9066,0,142.12811483592066,tully-fisher,10100.200513406324,2.784365918117418e-08
05D3lc,215.596,52.4789,0.46156,10.777,0,234.57406593869717,tully-fisher,27512.496205506126,2.2158157695954444e-07
03D4au,334.041,-18.0776,0.46641,9.464,0,110.1615392810807,tully-fisher,6067.782368388543,-1.702304356968245e-08
000215,150.81,3.1442,0.4666,8.707,0,71.24920054134479,tully-fisher,2538.224288890383,-5.6294673519663746e-08
04D4jr,333.56,-17.3502,0.4684,8.024,0,48.087256000138645,tully-fisher,1156.1920948114348,-7.167185550176223e-08
1339149,35.555,-5.8717,0.4688,9.94,0,144.887192014998,tully-fisher,10496.149204995449,3.224918252008415e-08
04D4ju,334.261,-17.3328,0.47039,9.239,0,96.77874715389338,tully-fisher,4683.062950338613,-3.243012495080034e-08
05D3mx,215.538,52.2192,0.47057,10.788,0,236.06412713034595,tully-fisher,27863.136058906064,2.254829714849452e-07
370367,149.222,1.9779,0.4717,9.631,0,121.27743291778812,tully-fisher,7354.107867564298,-2.7107421820714127e-09
1316437,42.5626,-0.745,0.47196,9.413,0,106.97443359283952,tully-fisher,5721.764721254416,-2.087300911447572e-08
05D2bv,150.571,2.2406,0.47572,8.838,0,76.82985183575178,tully-fisher,2951.4130665517855,-5.169732835340688e-08
370329,151.309,1.7007,0.47793,9.642,0,122.04781132893261,tully-fisher,7447.834125091364,-1.6678969251595634e-09
310146,52.4866,-28.7419,0.47943,9.3245,0,101.66114473115113,tully-fisher,5167.494174024027,-2.704010066892334e-08
1306537,55.041,-27.5592,0.47948,9.666,0,123.74566551064694,tully-fisher,7656.494866336457,6.537669292658606e-10
560054,353.296,-0.3364,0.4798,10.84,0,243.23720012927356,tully-fisher,29582.16776336413,2.4460977870817736e-07
05D3dd,215.627,52.6068,0.48056,11.222,0,303.0609607397403,tully-fisher,45922.9729622472,4.264257569131625e-07
05D2ac,149.747,2.4895,0.48071,11.153,0,291.25943027411796,tully-fisher,42416.027861801886,3.874057302872881e-07
120044,148.792,1.7302,0.48171,8.7828,0,74.42691120077421,tully-fisher,2769.6825554439647,-5.371935298711459e-08
05D1ix,36.0832,-4.67,0.48881,7.466,0,34.87626714931677,tully-fisher,608.1770051352557,-7.776934570422651e-08
1292145,53.6305,-29.6489,0.49246,9.218,0,95.61587322982372,tully-fisher,4571.19760675086,-3.367479475893404e-08
1343208,52.8465,-28.5442,0.49501,10.385,0,187.1888583899284,tully-fisher,17519.834352662336,1.1039821925262945e-07
1305504,36.0584,-5.1646,0.4956,10.953,0,259.58524047210767,tully-fisher,33692.24853548098,2.903405947229845e-07
03D1ax,36.0972,-4.7207,0.49572,11.5,0,355.6558820077846,tully-fisher,63245.55320336759,6.191654556759216e-07
05D4af,334.138,-18.0049,0.49737,8.986,0,83.66233773029913,tully-fisher,3499.6933772493157,-4.5596887169099866e-08
06D2bk,149.679,2.172,0.50073,8.617,0,67.65189959837011,tully-fisher,2288.389759633975,-5.907445754947647e-08
350374,131.336,44.239,0.5009,10.9632,0,261.1139025382199,tully-fisher,34090.235049369505,2.9476879189285096e-07
1337272,34.1284,-5.6806,0.50276,8.602,0,67.07026089011215,tully-fisher,2249.2099479338535,-5.951039174631956e-08
030006,162.525,58.7774,0.50276,9.524,0,114.03285445614944,tully-fisher,6501.745947708679,-1.2194547561124668e-08
510457,186.389,48.1369,0.503,8.9025,0,79.73610105494954,tully-fisher,3178.922905722563,-4.916594000034574e-08
03D1au,36.0432,-4.0375,0.50309,9.517,0,113.57428087936765,tully-fisher,6449.558638632747,-1.2775209684810897e-08
1335472,9.5553,-44.0495,0.50598,10.125,0,161.16843755229635,tully-fisher,12987.632631524224,5.997067426192319e-08
1343759,51.979,-28.5644,0.50617,9.74,0,129.13084580693112,tully-fisher,8337.38766940671,8.229721084292084e-09
310091,353.126,-0.1047,0.50716,9.066,0,87.60522223407212,tully-fisher,3837.3374813405817,-4.1840089855666656e-08
05D4av,333.544,-17.9119,0.50737,10.285,0,176.71767768255748,tully-fisher,15614.568802758136,8.91992810436501e-08
090201,353.328,-0.9507,0.50817,8.684,0,70.3120881056596,tully-fisher,2471.8948668890184,-5.703268787074197e-08
180313,244.319,55.3794,0.51006,8.8262,0,76.30974383410411,tully-fisher,2911.5885020132946,-5.214043639306752e-08
110484,129.186,44.5547,0.51087,8.86,0,77.80902899885609,tully-fisher,3027.1224968724136,-5.0854947334506547e-08
05D2dy,150.242,2.1831,0.51175,7.738,0,40.7877731921723,tully-fisher,831.8212209880446,-7.528096821117978e-08
04D1pg,36.7673,-4.1753,0.5138,9.808,0,134.28577058519048,tully-fisher,9016.334090829203,1.5784018822823495e-08
04D4in,333.786,-17.261,0.51435,9.101,0,89.38815958375493,tully-fisher,3995.121536885418,-4.008450547320336e-08
04D2mj,150.152,2.5771,0.51475,9.548,0,115.61920948114361,tully-fisher,6683.900800522282,-1.0167801489189719e-08
1338430,40.6393,-1.2547,0.51718,10.781,0,235.11481500758697,tully-fisher,27639.488118025918,2.2299455254537948e-07
1334470,35.0537,-4.9472,0.51876,7.0,0,26.67042864326648,tully-fisher,355.65588200778444,-8.057902212225155e-08
310260,36.1689,-5.1043,0.51879,8.7967,0,75.02482579195839,tully-fisher,2814.362242556852,-5.322222442340847e-08
450175,53.2864,-28.0844,0.51943,7.0,0,26.67042864326648,tully-fisher,355.65588200778444,-8.057902212225155e-08
06D3el,214.255,52.2324,0.5196,9.554,0,116.01923450454082,tully-fisher,6730.231387509818,-9.652304187102933e-09
04D2gc,150.414,1.8831,0.52277,9.326,0,101.74896392893822,tully-fisher,5176.425830306185,-2.6940722590293393e-08
1295921,42.6149,-0.8718,0.52393,9.097,0,89.1825725216928,tully-fisher,3976.765620793498,-4.0288742583889266e-08
1322229,35.9264,-4.0189,0.52613,9.746,0,129.577619053756,tully-fisher,8395.179679820152,8.872743920551768e-09
050005,211.812,53.9976,0.52851,9.633,0,121.41713912829259,tully-fisher,7371.0608370495775,-2.522114957590703e-09
1322979,52.0693,-28.0637,0.52939,7.861,0,43.78042726644972,tully-fisher,958.3629058164469,-7.387300208400538e-08
330106,130.009,43.7419,0.53091,7.0,0,26.67042864326648,tully-fisher,355.65588200778444,-8.057902212225155e-08
160066,186.588,46.5959,0.53105,8.864,0,77.98839733530872,tully-fisher,3041.095059464994,-5.0699481608988076e-08
1338471,41.2916,-1.5649,0.53117,10.123,0,160.98299230276214,tully-fisher,12957.761905375586,5.963831761068674e-08
1337703,54.8836,-26.7243,0.53226,10.583,0,209.78768746480196,tully-fisher,22005.436905914707,1.603072785757345e-07
06D2ca,149.79,2.3025,0.53277,9.808,0,134.28577058519048,tully-fisher,9016.334090829203,1.5784018822823495e-08
06D2cc,149.862,2.4514,0.53377,10.87,0,247.47423798707038,tully-fisher,30621.749233640567,2.5617668251993115e-07
05D4ek,334.115,-17.7363,0.53433,10.855,0,245.3465727335529,tully-fisher,30097.470376050274,2.503432935170755e-07
05D4be,334.222,-17.2361,0.53532,9.44,0,108.65006629848662,tully-fisher,5902.418453332769,-1.8862965263242974e-08
05D2eb,150.061,2.4074,0.53578,8.676,0,69.98903340567146,tully-fisher,2449.2323985300973,-5.728484183764064e-08
1289656,54.3017,-27.3554,0.53944,8.727,0,72.07422740006761,tully-fisher,2597.347127658328,-5.563684322097172e-08
110426,130.013,44.8943,0.54089,11.017,0,269.32706331676377,tully-fisher,36268.53351741603,3.1900563101858573e-07
1324542,53.8952,-29.048,0.54154,9.182,0,93.65479027472006,tully-fisher,4385.609870700899,-3.573973680812258e-08
520041,184.138,45.962,0.5454,10.672,0,220.8157239804147,tully-fisher,24379.791978497342,1.8672554162173714e-07
04D4bq,333.706,-17.8276,0.54832,8.706,0,71.20819800719141,tully-fisher,2535.3037317156895,-5.6327169100705054e-08
1306980,7.0361,-43.2916,0.54886,10.095,0,158.40905226457718,tully-fisher,12546.713919680771,5.506479196744611e-08
050201,241.703,54.9809,0.55011,10.3896,0,187.68518624740352,tully-fisher,17612.864568361267,1.1143331999975042e-07
06D4bo,333.867,-17.4092,0.55031,9.96,0,146.56490662778089,tully-fisher,10740.635927405063,3.4969464174018375e-08
1339450,53.621,-29.169,0.55048,11.044,0,273.5457651191699,tully-fisher,37413.64280731603,3.317466901745333e-07
04D3hn,215.529,52.2286,0.5526,10.79,0,236.33606250895662,tully-fisher,27927.367221118722,2.2619763954730823e-07
06D2ck,150.367,1.8636,0.5538,11.193,0,298.04373393518966,tully-fisher,44415.03366901506,4.096476695217604e-07
1337117,10.1815,-43.6449,0.55389,8.813,0,75.73209929893166,tully-fisher,2867.6754321116223,-5.262903518994334e-08
05D1ee,36.1948,-4.0005,0.55775,10.973,0,262.5910958906994,tully-fisher,34477.04182053924,2.9907259764909023e-07
05D1kl,36.1397,-4.319,0.55875,8.425,0,60.5731272228793,tully-fisher,1834.5518707795604,-6.412408507420767e-08
04D1hx,36.1771,-4.7903,0.55875,9.645,0,122.25876252966339,tully-fisher,7473.602507642312,-1.3811850022623246e-09
1289555,40.7331,-1.3929,0.56174,9.278,0,98.97602218405723,tully-fisher,4898.126483689494,-3.003722042642086e-08
1303952,35.8718,-6.9219,0.56263,11.137,0,288.58914776686373,tully-fisher,41641.84810440235,3.787918187826263e-07
05D1cc,36.6299,-4.1648,0.56276,9.316,0,101.16493240062286,tully-fisher,5117.171773811296,-2.7600012883097826e-08
1285317,9.4725,-43.3145,0.56441,8.739,0,72.57382207715453,tully-fisher,2633.479825443241,-5.52348127388142e-08
1330903,41.1163,-0.645,0.5643,10.328,0,181.14652017963996,tully-fisher,16407.030886596356,9.801661086367972e-08
1338278,34.43,-4.976,0.56431,9.919,0,143.14625671173368,tully-fisher,10245.425405290778,2.945950402213037e-08
05D1dn,36.111,-4.9916,0.56475,10.234,0,171.6050229445206,tully-fisher,14724.14194989472,7.929194616614882e-08
1317454,8.0244,-42.6662,0.56883,7.0,0,26.67042864326648,tully-fisher,355.65588200778444,-8.057902212225155e-08
1306785,33.7937,-4.5222,0.57535,10.989,0,265.0208213857278,tully-fisher,35118.01788398292,3.062044181782866e-07
05D2dt,150.35,1.8577,0.57583,10.244,0,172.59570955339404,tully-fisher,14894.639478119776,8.118898700951494e-08
050203,242.793,55.1223,0.57609,8.835,0,76.69728588169367,tully-fisher,2941.236830809123,-5.181055424610178e-08
06D3et,215.52,52.3384,0.57661,10.766,0,233.09341016743943,tully-fisher,27166.26893174307,2.177292790039469e-07
1337228,7.5248,-43.0341,0.57741,10.341,0,182.50719722632752,tully-fisher,16654.4385197048,1.0076939203214175e-07
03D4gf,333.596,-17.734,0.57829,7.638,0,38.50614090155366,tully-fisher,741.3614435651517,-7.628746897538158e-08
110721,130.216,44.1143,0.57823,11.5,0,355.6558820077846,tully-fisher,63245.55320336759,6.191654556759216e-07
05D1dx,36.9458,-4.0325,0.57875,9.416,0,107.15933150266834,tully-fisher,5741.561164049382,-2.0652743982620913e-08
1332059,40.8651,-1.2774,0.57884,7.0,0,26.67042864326648,tully-fisher,355.65588200778444,-8.057902212225155e-08
05D3jq,215.439,53.0299,0.57959,8.832,0,76.56494866336456,tully-fisher,2931.095681911825,-5.1923389744992036e-08
05D3gp,215.676,52.7247,0.5806,9.015,0,85.07069789895513,tully-fisher,3618.511820507644,-4.4274853693584036e-08
03D1aw,36.0616,-4.5172,0.58073,9.169,0,92.95654973749281,tully-fisher,4320.4600695494855,-3.6464626107152595e-08
04D1jg,36.5523,-4.1348,0.58294,11.338,0,323.9887987807257,tully-fisher,52484.370867688776,4.994311543859591e-07
05D4ej,333.969,-18.1957,0.58328,10.133,0,161.9123572595343,tully-fisher,13107.805716669533,6.130778016115382e-08
04D1kj,36.9694,-4.1803,0.58375,9.929,0,143.9726490701935,tully-fisher,10364.061840144544,3.0779512381030815e-08
04D1sa,36.984,-4.1761,0.58375,10.623,0,214.6742704495167,tully-fisher,23042.521196516118,1.7184639751643437e-07
1338387,40.4513,-0.3686,0.58382,7.0,0,26.67042864326648,tully-fisher,355.65588200778444,-8.057902212225155e-08
05D1hm,36.9426,-4.7173,0.58575,9.854,0,137.88911863418446,tully-fisher,9506.704518856097,2.12401256651351e-08
05D4bf,334.11,-18.2321,0.58728,10.23,0,171.21034234401898,tully-fisher,14656.49066277809,7.853922408212464e-08
04D1oh,36.2598,-4.2362,0.58873,9.17,0,93.01007523332126,tully-fisher,4325.437047454039,-3.64092497597078e-08
03D4gg,334.168,-18.1645,0.59028,10.162,0,164.63796738427934,tully-fisher,13552.830152213512,6.62593447926862e-08
04D2mh,149.941,2.141,0.59184,9.097,0,89.1825725216928,tully-fisher,3976.765620793498,-4.0288742583889266e-08
05D3lr,215.551,53.1843,0.6006,10.873,0,247.90198009145442,tully-fisher,30727.695866631922,2.5735549779129637e-07
1338233,35.1227,-5.5293,0.60149,10.984,0,264.259126837315,tully-fisher,34916.44305841007,3.039615957685603e-07
05D4ef,333.497,-18.2123,0.60327,10.437,0,192.87680158629337,tully-fisher,18600.730295079185,1.224248085618118e-07
1335564,35.1281,-6.4465,0.6062,9.303,0,100.41070021943099,tully-fisher,5041.154359278218,-2.8445820688510623e-08
03D4dy,333.711,-17.9565,0.60826,7.0,0,26.67042864326648,tully-fisher,355.65588200778444,-8.057902212225155e-08
1302141,7.8305,-42.5014,0.6088,9.429,0,107.96425583999189,tully-fisher,5828.14026954161,-1.9689421516830914e-08
1332413,36.2749,-5.853,0.60873,9.206,0,94.95765818831944,tully-fisher,4508.478424304854,-3.4372639777575895e-08
05D2he,150.361,2.3177,0.60987,9.418,0,107.28277428805926,tully-fisher,5754.796829471334,-2.0505477343884495e-08
04D3do,214.442,52.2676,0.61064,10.485,0,198.28049556121564,tully-fisher,19657.577460000626,1.341838191347113e-07
04D4an,333.988,-17.6955,0.61125,10.541,0,204.77644333086772,tully-fisher,20966.69587162004,1.4874972587540295e-07
1295305,36.2434,-4.2509,0.61171,8.711,0,71.4134469114526,tully-fisher,2549.940199887429,-5.616431642938792e-08
05D1ck,36.1035,-4.7128,0.61571,9.724,0,127.94696709652965,tully-fisher,8185.21319460022,6.536551705058379e-09
1308957,35.1339,-6.624,0.61869,10.078,0,156.86642377639234,tully-fisher,12303.537454197352,5.2359088887935646e-08
1335868,55.0891,-26.5127,0.61942,7.0,0,26.67042864326648,tully-fisher,355.65588200778444,-8.057902212225155e-08
000202,150.539,1.8992,0.61988,9.943,0,145.1376195056123,tully-fisher,10532.464297877945,3.265324242139716e-08
04D3co,214.458,52.9636,0.62063,9.517,0,113.57428087936765,tully-fisher,6449.558638632747,-1.2775209684810897e-08
04D2an,150.218,2.0412,0.62188,7.542,0,36.435941461837395,tully-fisher,663.7889151052207,-7.715057975677322e-08
03D4dh,334.379,-17.6297,0.62523,9.414,0,107.03603075425731,tully-fisher,5728.355939813158,-2.0799671917487257e-08
04D4fx,334.159,-18.0664,0.62723,8.305,0,56.53013149347538,tully-fisher,1597.8278833348081,-6.675799465320407e-08
05D1cb,36.7377,-4.1176,0.63071,10.111,0,159.87479317869685,tully-fisher,12779.974746965545,5.766016869298129e-08
05D2ci,150.008,2.2159,0.63189,10.977,0,263.19643088386397,tully-fisher,34636.18061500229,3.008432555348864e-07
03D4at,333.6,-17.7767,0.63223,8.751,0,73.07687977910307,tully-fisher,2670.115179124741,-5.482718945554155e-08
1330642,37.0406,-4.0471,0.63392,9.27,0,98.52126866991541,tully-fisher,4853.220190164827,-3.0536870326494675e-08
04D1pu,36.8686,-4.7449,0.63771,9.314,0,101.04852898803122,tully-fisher,5105.402605322493,-2.7730962542885528e-08
1343871,43.5025,-0.3703,0.63787,8.743,0,72.74112201526547,tully-fisher,2645.635416019869,-5.50995635534497e-08
05D4ag,333.448,-18.1653,0.63823,8.381,0,59.05817136644427,tully-fisher,1743.933802574149,-6.513234706088988e-08
1337325,35.135,-4.6525,0.63866,7.0,0,26.67042864326648,tully-fisher,355.65588200778444,-8.057902212225155e-08
1334879,52.4089,-28.2164,0.63936,9.666,0,123.74566551064694,tully-fisher,7656.494866336457,6.537669292658606e-10
05D2ec,149.859,2.0136,0.6419,9.997,0,149.72006109592456,tully-fisher,11208.048347283691,4.017012872579951e-08
1308568,33.8732,-5.0525,0.64305,8.873,0,78.39348935547127,tully-fisher,3072.769586663194,-5.0347054964362586e-08
04D3cy,214.552,52.6583,0.64364,9.98,0,148.26204826018355,tully-fisher,10990.817477152497,3.775310932751902e-08
05D3ax,214.823,52.6875,0.64363,8.442,0,61.16880493021102,tully-fisher,1870.8113482951037,-6.372064397730622e-08
05D3lb,214.382,53.1679,0.64763,8.931,0,81.05503462893932,tully-fisher,3284.959319349276,-4.7986125784690866e-08
1338266,34.905,-5.8691,0.64846,8.965,0,82.65706793879657,tully-fisher,3416.0954401194153,-4.6527039663435366e-08
05D3kt,214.974,52.743,0.64863,9.138,0,91.31245004044713,tully-fisher,4168.981766194576,-3.815004953434007e-08
1334707,51.7764,-28.6278,0.64964,9.267,0,98.35127529280763,tully-fisher,4836.486675860817,-3.0723055782777985e-08
04D1sk,36.0949,-4.3536,0.66207,10.416,0,190.5592328047304,tully-fisher,18156.41060356372,1.1748108526510773e-07
05D3hs,215.307,52.9038,0.66463,9.004,0,84.53372285312058,tully-fisher,3572.9751497041,-4.478151748680462e-08
05D3mh,214.749,52.6676,0.67065,10.078,0,156.86642377639234,tully-fisher,12303.537454197352,5.2359088887935646e-08
03D1co,36.5677,-4.9351,0.67767,8.647,0,68.83035281028761,tully-fisher,2368.808733994333,-5.81796757861782e-08
05D2bt,150.418,2.5662,0.68195,7.0,0,26.67042864326648,tully-fisher,355.65588200778444,-8.057902212225155e-08
06D3cc,214.382,52.9125,0.68365,10.083,0,157.31857201910202,tully-fisher,12374.566551064694,5.3149394174044507e-08
04D4ic,333.591,-17.9435,0.68517,9.325,0,101.69040937201872,tully-fisher,5170.469679124377,-2.7006993709756424e-08
05D1ke,36.6929,-4.8625,0.68867,8.851,0,77.40695713034789,tully-fisher,2995.918506089758,-5.120213855544073e-08
1262715,53.37,-28.4427,0.68937,11.052,0,274.80839500250295,tully-fisher,37759.82698192584,3.355985085873781e-07
1262214,53.5027,-28.6602,0.68937,8.864,0,77.98839733530872,tully-fisher,3041.095059464994,-5.0699481608988076e-08
06D3em,214.848,53.023,0.69065,9.459,0,109.84492474688518,tully-fisher,6032.953746324433,-1.7410564252601467e-08
03D4cz,334.174,-17.9263,0.69316,10.389,0,187.6203732740474,tully-fisher,17600.702233746437,1.1129799577684108e-07
04D4ib,334.174,-18.1051,0.69716,10.994,0,265.7847114253312,tully-fisher,35320.756413723284,3.0846018854308506e-07
06D4ba,333.899,-18.2291,0.69816,8.544,0,64.86792346986987,tully-fisher,2103.9237476464464,-6.112691873525558e-08
05D4bj,333.749,-18.1334,0.69916,9.265,0,98.23810935867272,tully-fisher,4825.363065183268,-3.0846822643216916e-08
05D4cq,333.54,-18.2267,0.69916,10.554,0,206.3146158879023,tully-fisher,21282.860364486332,1.522675302825014e-07
1335718,52.3094,-28.3854,0.69933,8.642,0,68.63252795929367,tully-fisher,2355.211947041613,-5.833096044382913e-08
05D2ck,150.188,2.5729,0.69997,10.941,0,257.79826824605766,tully-fisher,33229.97355533314,2.851970918972477e-07
04D1si,36.2033,-4.569,0.70064,10.638,0,216.53594302545991,tully-fisher,23443.90731096261,1.7631242034381474e-07
04D4hu,333.901,-17.8389,0.70115,9.475,0,110.8613073216701,tully-fisher,6145.114730534892,-1.6162604998913502e-08
04D2iu,150.305,2.415,0.70197,7.0,0,26.67042864326648,tully-fisher,355.65588200778444,-8.057902212225155e-08
05D2le,150.479,2.0929,0.70198,8.033,0,48.33703371506489,tully-fisher,1168.2344141856597,-7.153786662849476e-08
05D3gv,215.247,53.1789,0.71565,10.726,0,227.78755637514158,tully-fisher,25943.58541967915,2.0412509022160935e-07
05D3jh,214.356,52.6188,0.71867,10.815,0,239.7618029091698,tully-fisher,28742.86106712779,2.3527123228204192e-07
1331993,35.9718,-4.4593,0.71962,8.931,0,81.05503462893932,tully-fisher,3284.959319349276,-4.7986125784690866e-08
04D1aj,36.4748,-4.9946,0.71964,7.0,0,26.67042864326648,tully-fisher,355.65588200778444,-8.057902212225155e-08
05D4ev,333.377,-17.7008,0.72013,10.883,0,249.33313384077803,tully-fisher,31083.505815431665,2.613144173860611e-07
06D3gh,214.631,52.4429,0.72067,9.3,0,100.23744672545449,tully-fisher,5023.772863019162,-2.8639215916379966e-08
06D3do,214.247,52.8825,0.72667,8.709,0,71.33127645249844,tully-fisher,2544.075500171379,-5.622957001406593e-08
06D3bz,214.292,53.0248,0.72767,10.293,0,177.53336942122513,tully-fisher,15759.048629026594,9.080683591161226e-08
1304127,35.1805,-6.9511,0.72861,9.315,0,101.1067139425298,tully-fisher,5111.283802128273,-2.7665525403329394e-08
06D4bw,333.766,-17.8835,0.73012,9.276,0,98.86213739736706,tully-fisher,4886.861105387942,-3.016256466440773e-08
1329166,52.3035,-28.9116,0.73163,9.996,0,149.6339001022309,tully-fisher,11195.152029902207,4.002663784322557e-08
04D1pp,36.302,-4.7016,0.73362,11.382,0,332.2997355533311,tully-fisher,55211.557124406885,5.297751938000197e-07
04D2gp,149.835,2.5089,0.734,8.834,0,76.6531480800069,tully-fisher,2937.8525552877322,-5.184820938958753e-08
05D2fq,149.785,2.602,0.73501,10.875,0,248.18755215034392,tully-fisher,30798.53052118984,2.5814363961494044e-07
05D1eo,36.3464,-4.6427,0.73562,11.125,0,286.60251404739256,tully-fisher,41070.50052914292,3.724347196662413e-07
05D2ct,150.426,2.1238,0.73602,9.761,0,130.70132661006087,tully-fisher,8541.418388814904,1.0499868998153957e-08
05D3jk,214.198,52.5925,0.73668,9.457,0,109.71853387414916,tully-fisher,6019.078337746408,-1.7564948993922534e-08
04D2ja,149.702,1.7717,0.74202,10.991,0,265.32611358865296,tully-fisher,35198.973276029385,3.0710516839327004e-07
04D3fq,214.241,52.3795,0.74269,9.299,0,100.17976201739349,tully-fisher,5017.992358930796,-2.8703532698359352e-08
05D3jb,215.542,52.8781,0.74566,10.471,0,196.68896528783904,tully-fisher,19343.27453300037,1.306867274412648e-07
04D2kr,150.156,1.7119,0.74613,7.0,0,26.67042864326648,tully-fisher,355.65588200778444,-8.057902212225155e-08
04D4im,333.754,-17.396,0.7491,11.199,0,299.07492029406416,tully-fisher,44722.90397445041,4.1307318864775934e-07
1285160,52.3989,-28.6476,0.74932,7.978,0,46.83062950338607,tully-fisher,1096.5539298417066,-7.233541957772726e-08
04D3ks,215.64,52.1852,0.75068,8.459,0,61.77034054759759,tully-fisher,1907.7874856830892,-6.330922896393234e-08
05D2nt,150.243,2.3727,0.75904,9.054,0,87.0021521261394,tully-fisher,3784.6872372899516,-4.242590282560836e-08
05D3mn,214.689,52.3231,0.76069,10.432,0,192.32245567673297,tully-fisher,18493.963478764454,1.212368675202393e-07
05D4cn,333.381,-17.2888,0.76108,10.461,0,195.5599851728174,tully-fisher,19121.85390039628,1.282230906484811e-07
05D1if,36.1239,-4.5703,0.76159,7.0,0,26.67042864326648,tully-fisher,355.65588200778444,-8.057902212225155e-08
04D1qd,36.6378,-4.1072,0.7656,10.496,0,199.54001276451072,tully-fisher,19908.10834703055,1.3697135118968137e-07
04D1de,36.6496,-4.4226,0.7666,9.64,0,121.90737944803386,tully-fisher,7430.704581943455,-1.858488796596495e-09
05D3hh,214.792,52.9593,0.76668,10.4,0,188.81217525718472,tully-fisher,17825.018762674918,1.1379385376170136e-07
04D4id,334.089,-17.229,0.76707,10.324,0,180.72989474446027,tully-fisher,16331.64742717184,9.717785676013768e-08
04D1pc,36.6037,-4.3994,0.7686,10.418,0,190.7787485683089,tully-fisher,18198.26545264501,1.1794678326687186e-07
1329196,53.0758,-28.9065,0.76933,9.424,0,107.65395650325762,tully-fisher,5794.687175402641,-2.0061637387519828e-08
05D4bi,333.986,-17.9861,0.77308,9.109,0,89.80075658176521,tully-fisher,4032.0879413287234,-3.967319875344392e-08
1325358,52.2841,-28.9516,0.77931,8.223,0,53.92373871363595,tully-fisher,1453.88479842824,-6.83595774681023e-08
05D4cs,334.324,-17.8802,0.78806,8.98,0,83.3738766940671,tully-fisher,3475.6016574987525,-4.586494370240879e-08
03D4fd,334.06,-17.3956,0.78905,10.005,0,150.41113749841193,tully-fisher,11311.75514178309,4.132402243292847e-08
1309749,52.5384,-27.3174,0.78929,9.115,0,90.11145365289997,tully-fisher,4060.0370397193687,-3.936222309453392e-08
04D1ks,36.0396,-4.9787,0.79656,7.966,0,46.508249717467585,tully-fisher,1081.5086458911617,-7.250282093803641e-08
03D1fq,36.7319,-4.3022,0.79858,10.651,0,218.16244673729165,tully-fisher,23797.426583200802,1.802458527245333e-07
Elvis,189.451,62.2265,0.83973,7.0,0,26.67042864326648,tully-fisher,355.65588200778444,-8.057902212225155e-08
Spock,189.277,62.2533,0.83973,8.78,0,74.30704581943448,tully-fisher,2760.7685292057668,-5.381853490505053e-08
Manipogo,189.145,62.2636,0.85474,10.3,0,178.25018762674918,tully-fisher,15886.564694485642,9.222564348541973e-08
Vilas,189.371,62.1911,0.93577,11.1,0,282.5075089245508,tully-fisher,39905.24629937756,3.5946951782558986e-07
Ombo,53.1056,-27.7508,0.97424,9.25,0,97.39350503317262,tully-fisher,4742.747411323308,-3.176604576219882e-08
SCP05D0,35.4253,-3.3648,1.01236,10.0,0,149.97884186649117,tully-fisher,11246.82650380698,4.0601593906092446e-08
Eagle,189.337,62.2282,1.0198,9.77,0,131.38022329525322,tully-fisher,8630.381536555296,1.1489717511354501e-08
Ferguson,189.105,62.2566,1.02081,9.02,0,85.3159037603185,tully-fisher,3639.401717219964,-4.404242224610487e-08
Strolger,189.086,62.1807,1.02781,9.61,0,119.82018772227075,tully-fisher,7178.4386929001,-4.665325352441543e-09
SCP06U4,356.373,-36.546,1.04819,10.0,0,149.97884186649117,tully-fisher,11246.82650380698,4.0601593906092446e-08
Gabi,189.058,62.2021,1.12085,8.54,0,64.71873138592562,tully-fisher,2094.257096101797,-6.123447473908563e-08
SCP06H5,218.626,34.4492,1.23223,10.0,0,149.97884186649117,tully-fisher,11246.82650380698,4.0601593906092446e-08
Lancaster,189.236,62.2148,1.23589,10.7,0,224.40369086039263,tully-fisher,25178.508235883328,1.9561245850725167e-07
Aphrodite,53.1563,-27.7796,1.29912,8.76,0,73.45646009961693,tully-fisher,2697.925765183307,-5.4517754954172073e-08
Thoth,53.1033,-27.7716,1.30412,10.9,0,251.7850823588335,tully-fisher,31697.863849222285,2.681500723934023e-07
Inanna,53.1847,-27.9184,1.30612,10.0,0,149.97884186649117,tully-fisher,11246.82650380698,4.0601593906092446e-08
SCP05D6,35.4437,-3.3823,1.31311,10.0,0,149.97884186649117,tully-fisher,11246.82650380698,4.0601593906092446e-08
washington,53.0869,-27.8282,1.32911,10.0,0,149.97884186649117,tully-fisher,11246.82650380698,4.0601593906092446e-08
Borg,189.288,62.1914,1.34093,9.69,0,125.46713919680758,tully-fisher,7871.001509115544,3.0404752103861087e-09
SCP06G4,217.328,34.6437,1.35134,7.0,0,26.67042864326648,tully-fisher,355.65588200778444,-8.057902212225155e-08
Mcguire,53.0418,-27.8305,1.3561,10.0,0,149.97884186649117,tully-fisher,11246.82650380698,4.0601593906092446e-08
Sasquatch,189.225,62.1397,1.39096,10.9,0,251.7850823588335,tully-fisher,31697.863849222285,2.681500723934023e-07
SCP06K0,219.535,34.2384,1.41631,10.0,0,149.97884186649117,tully-fisher,11246.82650380698,4.0601593906092446e-08
carter,150.061,2.1924,1.54295,10.0,0,149.97884186649117,tully-fisher,11246.82650380698,4.0601593906092446e-08
Primo,53.1584,-27.7775,1.54903,9.46,0,109.90817477152497,tully-fisher,6039.903440804038,-1.733323847307859e-08
rutledge,215.2,53.0728,1.61499,10.0,0,149.97884186649117,tully-fisher,11246.82650380698,4.0601593906092446e-08
geta,322.35,0.1402,1.69702,10.0,0,149.97884186649117,tully-fisher,11246.82650380698,4.0601593906092446e-08
stone,189.32,62.2782,1.80111,10.0,0,149.97884186649117,tully-fisher,11246.82650380698,4.0601593906092446e-08
wilson,34.4431,-5.2566,1.9116,10.0,0,149.97884186649117,tully-fisher,11246.82650380698,4.0601593906092446e-08
colfax,189.157,62.3092,2.2613,10.0,0,149.97884186649117,tully-fisher,11246.82650380698,4.0601593906092446e-08
