sn_name,z,z_frame,mu,mu_source,mu_err,m_b_corr,m_b_corr_err,host_logmass,host_logmass_err,ra,dec,vpec,is_calibrator
2008hj,0.03643,CMB,35.8836,SH0ES,0.185109,16.6306,0.183129,9.9461,0.155,1.008,-11.1687,-111.993,0
ASASSN-15pm,0.04777,CMB,36.3735,SH0ES,0.154741,17.1205,0.152367,10.292,0.097,24.6504,-4.6798,-170.031,0
14871,0.12705,CMB,38.7429,SH0ES,0.159508,19.4899,0.157206,9.14823,0.07,54.2771,0.0094,-40.3573,0
18855,0.12716,CMB,38.7841,SH0ES,0.176913,19.5311,0.174841,9.82915,0.065,48.6323,0.2698,-44.3542,0
ASASSN-16hz,0.02406,CMB,34.8112,SH0ES,0.317595,15.5582,0.316446,9.55271,0.002,348.94,-1.3396,-175.764,0
2003he,0.02404,CMB,35.0862,SH0ES,0.240547,15.8332,0.239027,7.0,,359.738,-2.2481,-252.988,0
2001cj,0.02491,CMB,35.1973,SH0ES,0.228493,15.9443,0.226892,7.0,,200.437,31.2468,-9.2981,0
Gaia16agf,0.02553,CMB,35.2152,SH0ES,0.268527,15.9622,0.267166,8.65931,0.1,98.5373,-25.1846,130.452,0
2007cq,0.02481,CMB,34.8369,SH0ES,0.288042,15.5839,0.286774,9.36898,0.004,333.668,5.0803,-83.9674,0
2003it,0.02413,CMB,35.079,SH0ES,0.205996,15.826,0.204219,10.4235,0.026,1.452,27.4527,-284.915,0
15508,0.13353,CMB,38.8434,SH0ES,0.157696,19.5904,0.155367,9.13587,0.068,27.169,-0.5766,-50.2332,0
15234,0.13514,CMB,39.0775,SH0ES,0.31333,19.8245,0.312165,9.98362,0.061,16.9583,0.8282,-53.924,0
000014,0.13599,CMB,38.9771,SH0ES,0.206627,19.7241,0.204855,9.80415,0.048,35.878,-4.6363,-39.8714,0
17629,0.1364,CMB,38.8475,SH0ES,0.195569,19.5945,0.193696,10.6342,0.056,30.6364,-1.0892,-47.5279,0
19775,0.13687,CMB,39.0095,SH0ES,0.224296,19.7565,0.222665,10.0494,0.104,318.956,0.6513,-33.2285,0
744,0.12694,CMB,38.6849,SH0ES,0.280884,19.4319,0.279584,9.90923,0.075,329.198,0.3175,-41.9263,0
2992,0.12608,CMB,38.4956,SH0ES,0.293348,19.2426,0.292103,9.72723,0.057,55.497,-0.7827,-38.3957,0
17366,0.13811,CMB,38.8857,SH0ES,0.128482,19.6327,0.125613,10.2891,0.056,315.787,-1.0292,-27.9862,0
1995ac,0.04867,CMB,36.3303,SH0ES,0.135835,17.0773,0.133124,10.3844,0.07,341.392,-8.7513,20.1185,0
2561,0.11741,CMB,38.5727,SH0ES,0.239635,19.3197,0.23811,7.0,0.033,46.3434,0.8584,-49.7646,0
2006ac,0.02395,CMB,34.953,SH0ES,0.198064,15.7,0.196215,11.1921,0.098,190.437,35.0686,-107.473,0
ASASSN-15sf,0.02349,CMB,35.2317,SH0ES,0.235205,15.9787,0.23365,8.21725,0.034,2.865,-6.4273,-241.913,0
2005bg,0.02414,CMB,35.0102,SH0ES,0.201948,15.7572,0.200135,9.73321,0.01,184.322,16.3716,-59.0594,0
2009D,0.02476,CMB,35.008,SH0ES,0.162015,15.755,0.159749,10.1971,0.13,58.5951,-19.1817,65.3409,0
490008,0.12067,CMB,38.6348,SH0ES,0.302627,19.3818,0.30142,8.89488,0.429,131.449,44.4206,-51.5834,0
19953,0.1219,CMB,38.5945,SH0ES,0.157915,19.3415,0.15559,9.37542,0.063,332.931,0.5791,-46.2658,0
PS16ccn,0.02395,CMB,35.1784,SH0ES,0.189112,15.9254,0.187175,7.58621,0.013,273.122,31.2799,-183.015,0
PS16el,0.04896,CMB,36.4691,SH0ES,0.176995,17.2161,0.174923,9.98418,0.001,162.802,19.3625,-126.334,0
16021,0.12336,CMB,38.6164,SH0ES,0.162163,19.3634,0.159899,9.49127,0.06,13.8437,-0.3888,-56.0953,0
6406,0.12377,CMB,38.6504,SH0ES,0.145797,19.3974,0.143276,10.0062,0.054,46.0886,-1.063,-44.457,0
19543,0.12384,CMB,38.835,SH0ES,0.221531,19.582,0.21988,8.61533,0.101,357.908,0.2798,-55.7173,0
13044,0.12455,CMB,38.7616,SH0ES,0.12587,19.5086,0.12294,10.0637,0.062,332.543,0.5033,-45.0282,0
18602,0.13696,CMB,38.9616,SH0ES,0.259136,19.7086,0.257725,8.85232,0.106,338.984,0.6092,-45.3089,0
15171,0.13818,CMB,38.9503,SH0ES,0.15974,19.6973,0.157441,9.85121,0.142,304.793,-1.0645,-19.2613,0
ASASSN-17at,0.02643,CMB,35.2513,SH0ES,0.18676,15.9983,0.184798,10.1022,0.0,174.64,25.3971,-204.188,0
14024,0.14759,CMB,39.134,SH0ES,0.188785,19.881,0.186845,10.7329,0.198,318.199,0.9163,-31.2074,0
PS15ahs,0.02522,CMB,35.1974,SH0ES,0.185937,15.9444,0.183966,9.35319,0.015,269.874,43.3901,-36.7715,0
PSNJ0153424,0.02474,CMB,35.1828,SH0ES,0.233724,15.9298,0.23216,10.2733,0.001,28.4267,29.9363,-237.62,0
SN2017hn,0.02492,CMB,35.0621,SH0ES,0.190177,15.8091,0.188251,10.8634,0.001,196.914,6.3376,-189.322,0
13736,0.14882,CMB,39.1606,SH0ES,0.17494,19.9076,0.172844,9.07749,0.08,336.833,1.031,-42.1088,0
2008cf,0.04692,CMB,36.4786,SH0ES,0.148197,17.2256,0.145717,8.91208,0.34,211.886,-26.5518,29.5697,0
SN2017ms,0.02538,CMB,35.1181,SH0ES,0.200181,15.8651,0.198351,8.61119,0.002,156.676,36.6805,-156.121,0
2005M,0.02584,CMB,35.2931,SH0ES,0.179545,16.0401,0.177503,8.67964,,144.385,23.2007,-42.1176,0
PS16aer,0.05668,CMB,37.0393,SH0ES,0.176308,17.7863,0.174228,10.2711,0.012,163.742,14.2716,-71.0523,0
SN2017mf,0.02618,CMB,35.3111,SH0ES,0.17873,16.0581,0.176679,10.508,0.013,214.129,39.5864,59.0114,0
360156,0.04673,CMB,36.5081,SH0ES,0.209562,17.2551,0.207815,9.8038,0.045,150.807,1.8953,46.5044,0
2005lz,0.04541,CMB,36.3247,SH0ES,0.195021,17.0717,0.193143,11.0342,3.553,32.7073,34.9828,-292.459,0
2005ms,0.02595,CMB,35.308,SH0ES,0.179587,16.055,0.177546,8.49436,0.102,132.31,36.13,-217.485,0
1999gp,0.02603,CMB,35.2688,SH0ES,0.183373,16.0158,0.181374,10.9727,0.28089,37.9131,39.3812,-258.629,0
180166,0.14757,CMB,39.161,SH0ES,0.170177,19.908,0.168022,10.0333,0.078,242.843,55.0642,-54.9867,0
13796,0.14729,CMB,38.9672,SH0ES,0.171803,19.7142,0.169668,9.66952,0.055,350.692,0.5329,-47.1324,0
190340,0.13824,CMB,39.0229,SH0ES,0.12425,19.7699,0.121281,10.0088,0.034,334.134,0.4733,-42.3456,0
20084,0.13834,CMB,39.0401,SH0ES,0.319084,19.7871,0.31794,9.92013,0.096,347.975,-0.5781,-46.7375,0
2011dn,0.02443,CMB,34.4583,SH0ES,0.333265,15.2053,0.332169,9.15925,0.013,299.648,2.6045,-205.825,0
2007sw,0.025,CMB,34.9117,SH0ES,0.306484,15.6587,0.305292,8.41811,0.131,183.404,46.4934,-50.8392,0
090275,0.13959,CMB,39.0213,SH0ES,0.145767,19.7683,0.143245,10.184,0.008,54.0721,-28.0515,10.2624,0
1794,0.1407,CMB,39.1775,SH0ES,0.184019,19.9245,0.182028,11.0328,0.076,317.837,-0.4453,-30.0157,0
2012bh,0.025,CMB,35.1989,SH0ES,0.238281,15.9459,0.236747,8.41938,0.003,183.406,46.4835,-50.8392,0
340229,0.14108,CMB,39.0407,SH0ES,0.212429,19.7877,0.210706,9.69378,0.1,35.879,-2.8604,-41.6636,0
PS17akj,0.0478,CMB,36.5627,SH0ES,0.208806,17.3097,0.207053,8.85712,0.005,207.455,-3.08,8.6079,0
2635,0.14311,CMB,39.047,SH0ES,0.160602,19.794,0.158316,9.59628,0.054,52.7043,-1.2381,-35.6881,0
PS15aii,0.04768,CMB,36.5946,SH0ES,0.145385,17.3416,0.142856,10.3823,0.012,191.19,9.7597,-26.3507,0
PS16fa,0.04734,CMB,36.6009,SH0ES,0.161688,17.3479,0.159417,10.2881,0.013,154.819,4.7617,-74.0873,0
17497,0.14388,CMB,39.0756,SH0ES,0.170594,19.8226,0.168444,10.0189,0.052,37.1366,-1.0421,-43.3932,0
8921,0.1441,CMB,39.016,SH0ES,0.24096,19.763,0.239442,9.52063,0.058,325.002,-0.0079,-34.8884,0
AT2017yk,0.04764,CMB,36.7582,SH0ES,0.280677,17.5052,0.279376,10.0803,0.003,146.133,-12.3082,207.291,0
2002bf,0.02494,CMB,34.9063,SH0ES,0.269066,15.6533,0.267708,10.3104,0.031,153.926,55.6685,-91.716,0
5395,0.11635,CMB,38.6302,SH0ES,0.185742,19.3772,0.18377,8.49999,0.075,49.6409,0.1233,-46.6658,0
8719,0.11628,CMB,38.5408,SH0ES,0.159897,19.2878,0.157601,8.80164,0.07,7.7215,-0.7188,-58.0587,0
18612,0.11365,CMB,38.3876,SH0ES,0.194923,19.1346,0.193044,10.2452,0.092,12.2879,0.597,-61.6063,0
2006ot,0.05232,CMB,36.8679,SH0ES,0.208308,17.6149,0.206551,11.3736,0.17,33.7702,-20.7662,85.9349,0
1993B,0.07076,CMB,37.2944,SH0ES,0.277681,18.0414,0.276366,9.39781,,158.717,-34.4417,146.875,0
2008Y,0.07028,CMB,37.2961,SH0ES,0.226908,18.0431,0.225296,10.544,0.004,169.877,54.4628,-79.0466,0
PS16fbb,0.05139,CMB,36.8804,SH0ES,0.16836,17.6274,0.166181,8.77965,0.014,1.7631,-20.6968,91.7398,0
2009cz,0.02315,CMB,34.8582,SH0ES,0.260273,15.6052,0.258869,10.5159,0.001,138.75,29.7353,-82.8904,0
PS15bwh,0.07149,CMB,37.2494,SH0ES,0.16107,17.9964,0.158791,10.6434,0.1,352.644,-18.8915,-27.116,0
ASASSN-15nr,0.02309,CMB,34.8331,SH0ES,0.263771,15.5801,0.262385,9.88465,0.013,261.674,13.9098,-101.959,0
2004bk,0.02405,CMB,34.8391,SH0ES,0.21588,15.5861,0.214185,7.0,,204.37,4.1031,155.85,0
Gaia16aki,0.07398,CMB,37.5535,SH0ES,0.176502,18.3005,0.174425,9.48062,0.013,239.794,14.6416,15.2964,0
2007qe,0.0228,CMB,35.0406,SH0ES,0.206572,15.7876,0.2048,8.34246,,358.554,27.4093,-227.141,0
PS17bii,0.07467,CMB,37.4501,SH0ES,0.192118,18.1971,0.190211,10.167,0.002,171.409,7.3336,58.3422,0
2005ir,0.0749,CMB,37.5656,SH0ES,0.154994,18.3126,0.152624,9.78987,0.09,19.1825,0.7946,-83.8601,0
ATLAS17bas,0.02331,CMB,34.5715,SH0ES,0.261746,15.3185,0.260349,8.18544,0.001,166.898,22.8514,-76.1109,0
ASASSN-16hc,0.05165,CMB,36.5862,SH0ES,0.156832,17.3332,0.154491,10.7547,0.001,209.768,33.139,40.677,0
AT2016htn,0.05229,CMB,36.8411,SH0ES,0.218249,17.5881,0.216572,10.2648,0.001,32.8711,-16.5102,20.9412,0
18650,0.11243,CMB,38.6214,SH0ES,0.163201,19.3684,0.160952,8.53633,0.076,328.447,0.0151,-45.0863,0
SN2016ixf,0.06723,CMB,37.4237,SH0ES,0.194412,18.1707,0.192528,9.99601,0.018,159.936,15.0347,32.3162,0
2008eq,0.0568,CMB,37.0687,SH0ES,0.221323,17.8157,0.21967,10.1809,0.004,255.03,23.1324,-136.253,0
SN2016gmb,0.05708,CMB,36.9545,SH0ES,0.182842,17.7015,0.180838,9.39885,0.003,8.6861,-6.1589,-343.702,0
2001ah,0.05837,CMB,36.9802,SH0ES,0.215566,17.7272,0.213869,10.5719,0.02,167.624,55.1608,-138.06,0
490007,0.05513,CMB,36.8676,SH0ES,0.194374,17.6146,0.19249,9.16275,0.067,184.268,46.6275,-80.9386,0
PS16ayd,0.05485,CMB,36.8581,SH0ES,0.149593,17.6051,0.147136,10.4328,0.024,216.826,-1.6753,45.7329,0
2008bz,0.0613,CMB,37.1631,SH0ES,0.123921,17.9101,0.120944,10.3562,0.0,189.741,11.1295,88.7212,0
2006lu,0.05449,CMB,36.8631,SH0ES,0.133817,17.6101,0.131065,10.0668,0.14,138.824,-25.6001,291.109,0
2010dt,0.05291,CMB,36.8474,SH0ES,0.172204,17.5944,0.170074,10.1659,0.441,250.811,32.6751,-69.1188,0
2006oa,0.06142,CMB,37.0747,SH0ES,0.183316,17.8217,0.181317,8.11091,0.115,320.929,-0.8435,-33.0806,0
1992bs,0.0637,CMB,37.3517,SH0ES,0.206518,18.0987,0.204745,10.5104,0.28089,52.3749,-37.2718,-4.4741,0
PS16evk,0.0532,CMB,36.9144,SH0ES,0.207509,17.6614,0.205745,9.93232,0.001,338.344,-1.357,165.11,0
2007ae,0.06485,CMB,37.0851,SH0ES,0.153034,17.8321,0.150634,10.8837,3.812,255.467,79.0318,-135.085,0
PS15cms,0.06603,CMB,37.3617,SH0ES,0.203312,18.1087,0.201511,10.4286,0.001,149.646,0.743,-69.583,0
6057,0.06652,CMB,37.1627,SH0ES,0.296189,17.9097,0.294956,9.52798,0.049,52.5536,-0.9746,-6.3317,0
ASASSN-15tz,0.0222,CMB,34.9543,SH0ES,0.274039,15.7013,0.272706,10.1999,0.005,40.287,43.6802,-424.049,0
370333,0.07557,CMB,37.6342,SH0ES,0.198325,18.3812,0.196478,7.99137,0.1,164.38,57.2977,-84.0517,0
2010ao,0.02422,CMB,34.943,SH0ES,0.2098,15.69,0.208056,8.813,0.003,205.921,3.9,155.85,0
2006sr,0.02307,CMB,34.9949,SH0ES,0.180801,15.7419,0.178773,10.7951,0.05,0.8959,23.1962,-237.713,0
PS1-14xw,0.02436,CMB,35.1049,SH0ES,0.31033,15.8519,0.309153,9.22547,0.007,253.24,2.3935,74.4935,0
160099,0.10142,CMB,38.2982,SH0ES,0.165557,19.0452,0.16334,9.5937,0.288,214.667,54.1831,-60.6658,0
000190,0.10237,CMB,38.4085,SH0ES,0.187412,19.1555,0.185457,7.0,0.52,148.988,2.2635,44.0736,0
140181,0.10231,CMB,38.2511,SH0ES,0.199553,18.9981,0.197718,9.67327,0.008,183.738,46.845,-41.2939,0
PS15asb,0.04952,CMB,36.4714,SH0ES,0.18553,17.2184,0.183555,10.2884,0.1,215.085,-9.3009,-107.07,0
2000bh,0.02421,CMB,34.8782,SH0ES,0.224067,15.6252,0.222434,9.5093,,185.313,-21.9988,25.4885,0
2007F,0.0242,CMB,34.9421,SH0ES,0.208286,15.6891,0.206529,9.63941,0.003,195.813,50.6188,9.672,0
18697,0.10638,CMB,38.2611,SH0ES,0.195537,19.0081,0.193664,9.67706,0.043,11.2239,-0.9971,-61.7105,0
20625,0.10684,CMB,38.4624,SH0ES,0.151122,19.2094,0.14869,10.0166,0.048,5.6834,-0.479,-62.2616,0
2006cq,0.04928,CMB,36.5828,SH0ES,0.168097,17.3298,0.165914,10.6551,0.401,201.105,30.9563,-44.6685,0
21034,0.10751,CMB,38.4984,SH0ES,0.180059,19.2454,0.178023,10.0033,0.041,28.1414,1.2441,-62.8826,0
500038,0.1081,CMB,38.4017,SH0ES,0.187108,19.1487,0.185149,9.73659,0.104,150.193,2.5513,42.5255,0
020027,0.10988,CMB,38.5701,SH0ES,0.179741,19.3171,0.177701,10.0054,0.107,186.336,46.0152,-37.194,0
iPTF17dz,0.09284,CMB,38.2226,SH0ES,0.493293,18.9696,0.492553,8.80725,0.138,126.107,24.9978,-26.3455,0
300105,0.09181,CMB,38.1602,SH0ES,0.266341,18.9072,0.264969,9.04492,0.059,351.71,-0.7301,-65.6529,0
370066,0.09066,CMB,38.0269,SH0ES,0.167553,18.7739,0.165363,9.12019,0.034,130.349,43.0544,-62.1878,0
2005ag,0.08024,CMB,37.6668,SH0ES,0.119289,18.4138,0.116193,10.69,0.12,224.182,9.3285,42.0914,0
2007kh,0.04944,CMB,36.5403,SH0ES,0.453411,17.2873,0.452607,9.56783,0.063,48.8004,43.1703,-250.684,0
2007hx,0.07849,CMB,38.0942,SH0ES,0.180119,18.8412,0.178084,10.2646,0.11,31.6128,-0.8995,-72.372,0
560033,0.07869,CMB,37.5988,SH0ES,0.503338,18.3458,0.502614,9.07144,0.368,353.599,-0.6831,-74.4184,0
12779,0.07891,CMB,37.7843,SH0ES,0.238199,18.5313,0.236664,10.332,0.083,309.472,1.2211,-40.944,0
PS15bzz,0.07901,CMB,37.53,SH0ES,0.147217,18.277,0.14472,10.4626,0.053,9.4247,1.7628,-83.7337,0
350316,0.07966,CMB,37.6003,SH0ES,0.157805,18.3473,0.155478,8.61131,0.566,131.469,43.8188,-69.2072,0
12950,0.08141,CMB,37.7215,SH0ES,0.219648,18.4685,0.217982,9.42557,0.04,351.667,-0.8403,-71.2932,0
590194,0.09015,CMB,37.9202,SH0ES,0.21704,18.6672,0.215354,9.75408,0.014,130.237,44.5243,-65.5475,0
PS16dnp,0.04998,CMB,36.8583,SH0ES,0.163226,17.6053,0.160978,8.04941,0.285,344.915,2.1498,-70.9704,0
2000ca,0.02454,CMB,34.8993,SH0ES,0.190331,15.6463,0.188406,7.0,0.28089,203.846,-34.1603,185.438,0
SN2016glp,0.08366,CMB,37.9686,SH0ES,0.221594,18.7156,0.219943,10.5245,0.014,354.058,23.696,-121.995,0
3592,0.08544,CMB,37.8406,SH0ES,0.128563,18.5876,0.125696,10.1853,0.057,19.0524,0.7919,-76.2223,0
SN2016grz,0.08656,CMB,37.8484,SH0ES,0.21681,18.5954,0.215122,8.99392,0.027,28.8874,33.8229,-133.261,0
1241,0.08848,CMB,37.7772,SH0ES,0.253181,18.5242,0.251737,9.91509,0.103,337.672,-0.7766,-59.4892,0
2008050,0.04627,CMB,36.2636,SH0ES,0.218105,17.0106,0.216428,9.02736,0.0,204.198,5.1418,6.3868,0
2007bd,0.03141,CMB,35.4957,SH0ES,0.175954,16.2427,0.17387,10.4344,0.002,127.889,-1.1994,62.7014,0
PS16axi,0.04056,CMB,36.1263,SH0ES,0.168835,16.8733,0.166662,10.1805,0.001,162.03,0.1635,-93.2801,0
2006en,0.03081,CMB,35.6847,SH0ES,0.188076,16.4317,0.186128,10.183,0.058,347.521,30.2233,-236.154,0
2008bq,0.03279,CMB,35.7279,SH0ES,0.17805,16.4749,0.175991,10.9133,10.0,100.26,-38.0386,328.616,0
ASASSN-16oz,0.03207,CMB,35.4592,SH0ES,0.276064,16.2062,0.274741,8.01111,0.008,135.056,-13.634,42.8736,0
2006az,0.03158,CMB,35.4896,SH0ES,0.148675,16.2366,0.146203,11.1124,0.021,183.061,56.1794,-124.251,0
010026,0.03174,CMB,35.6746,SH0ES,0.20211,16.4216,0.200299,9.61222,0.01,160.674,58.8438,-178.946,0
AT2017po,0.03201,CMB,35.576,SH0ES,0.196814,16.323,0.194953,8.98827,0.082,240.965,39.9901,-156.239,0
2008fr,0.0379,CMB,36.1141,SH0ES,0.236153,16.8611,0.234604,8.07746,0.075,17.9548,14.6408,-110.971,0
2007ux,0.03183,CMB,35.8808,SH0ES,0.19004,16.6278,0.188113,10.0948,0.01,152.333,14.9924,-233.209,0
2007O,0.03732,CMB,35.8617,SH0ES,0.152703,16.6087,0.150297,10.8351,0.031,224.022,45.4047,-245.945,0
ASASSN-15pr,0.03189,CMB,35.9082,SH0ES,0.198168,16.6552,0.19632,9.55707,0.002,346.664,-12.5728,-217.887,0
2008gb,0.03641,CMB,36.0889,SH0ES,0.198876,16.8359,0.197034,9.17934,4.495,44.488,46.8657,-447.194,0
SN2016hpx,0.0337,CMB,35.6329,SH0ES,0.204026,16.3799,0.202232,9.09468,0.013,90.8194,-26.8986,254.849,0
SN2017cii,0.03337,CMB,35.8381,SH0ES,0.178659,16.5851,0.176607,8.8988,0.002,248.333,23.7313,138.77,0
2006te,0.03212,CMB,35.7248,SH0ES,0.15355,16.4718,0.151157,10.4808,0.076,122.929,41.5547,-227.18,0
2000dn,0.03081,CMB,35.707,SH0ES,0.22057,16.454,0.218912,7.0,,346.274,-3.2003,-192.92,0
CSS160428,0.03081,CMB,35.7017,SH0ES,0.164289,16.4487,0.162055,10.078,0.1,200.78,52.6491,-196.002,0
1999cc,0.03132,CMB,35.5877,SH0ES,0.169094,16.3347,0.166924,11.2896,0.095,240.675,37.3596,46.9799,0
2003fa,0.04015,CMB,36.0818,SH0ES,0.14498,16.8288,0.142444,10.3091,4.257,266.032,40.881,-119.777,0
PS15cze,0.03891,CMB,36.5486,SH0ES,0.234635,17.2956,0.233076,10.4136,0.013,56.8476,0.8772,-414.188,0
2008dr,0.03996,CMB,36.284,SH0ES,0.147901,17.031,0.145415,11.3888,,332.715,2.1082,-51.0533,0
2008gg,0.03107,CMB,35.67,SH0ES,0.236835,16.417,0.235291,10.9334,,21.346,-18.1724,-18.6955,0
2013fn,0.02724,CMB,35.2892,SH0ES,0.298907,16.0362,0.297685,7.2614,0.036,315.099,-14.4978,-18.0539,0
ATLAS17axb,0.03264,CMB,35.5602,SH0ES,0.185563,16.3072,0.183588,9.60754,0.002,205.847,-19.9437,351.466,0
ASASSN-15np,0.03832,CMB,36.026,SH0ES,0.219507,16.773,0.21784,10.1408,0.001,226.511,7.5615,-150.196,0
2008051,0.03835,CMB,36.0125,SH0ES,0.17035,16.7595,0.168197,8.26419,0.0,229.995,4.9046,-109.175,0
2009bv,0.03748,CMB,36.2564,SH0ES,0.149974,17.0034,0.147524,10.123,0.342,196.835,35.7844,-287.734,0
ASASSN-15hg,0.03107,CMB,35.6461,SH0ES,0.196214,16.3931,0.194347,10.2789,0.006,148.452,9.1939,-105.007,0
2004as,0.0325,CMB,35.7324,SH0ES,0.22019,16.4794,0.218528,8.76504,,171.413,22.8304,-136.074,0
2007jg,0.03652,CMB,36.2185,SH0ES,0.171341,16.9655,0.169201,8.21426,10.0,52.4617,0.0568,-297.735,0
PTSS-16efw,0.03542,CMB,36.234,SH0ES,0.188455,16.981,0.186511,9.96056,0.006,263.908,8.809,-76.0813,0
ASASSN-15jl,0.03492,CMB,35.8816,SH0ES,0.169326,16.6286,0.167159,8.79586,0.142,230.671,50.9766,-56.2292,0
1992bg,0.03574,CMB,35.8937,SH0ES,0.211664,16.6407,0.209934,10.4968,0.28089,115.486,-62.5194,169.302,0
2001eh,0.03627,CMB,36.0067,SH0ES,0.135213,16.7537,0.13249,11.1794,,24.5504,41.6552,-283.424,0
2000cf,0.03646,CMB,36.0475,SH0ES,0.166339,16.7945,0.164133,9.49238,0.28089,238.234,65.9369,-178.209,0
2002hu,0.03591,CMB,35.9637,SH0ES,0.166565,16.7107,0.164362,10.099,4.71,34.5836,37.4663,-326.811,0
ASASSN-15tg,0.03445,CMB,35.861,SH0ES,0.1686,16.608,0.166424,10.227,0.004,5.171,25.229,-241.332,0
2016fbk,0.03495,CMB,35.9591,SH0ES,0.225173,16.7061,0.223548,10.765,0.002,26.0272,34.3827,-233.258,0
2003kc,0.0341,CMB,35.8566,SH0ES,0.205773,16.6036,0.203994,10.3635,0.045,146.643,30.6553,-200.587,0
1994T,0.03564,CMB,35.9325,SH0ES,0.204232,16.6795,0.202439,10.2173,0.19,200.378,-2.149,-55.0583,0
ASASSN-15mi,0.03501,CMB,35.5515,SH0ES,0.204326,16.2985,0.202534,9.51083,0.297,210.815,41.6041,-241.958,0
ASASSN-15ss,0.03592,CMB,35.9909,SH0ES,0.187185,16.7379,0.185228,10.7564,0.104,93.1391,-14.2575,-19.5249,0
2001ck,0.03544,CMB,35.8586,SH0ES,0.223482,16.6056,0.221845,7.0,,219.459,30.4839,-209.706,0
PS15bbn,0.03602,CMB,36.1845,SH0ES,0.187245,16.9315,0.185288,7.94021,0.012,315.99,13.3684,-64.0261,0
1996bl,0.03481,CMB,35.7348,SH0ES,0.155656,16.4818,0.153296,10.1459,0.16,9.0749,11.3946,63.5454,0
2003gn,0.03316,CMB,36.0229,SH0ES,0.243018,16.7699,0.241513,7.0,,338.465,20.8024,-170.66,0
2008gp,0.03245,CMB,35.7268,SH0ES,0.162633,16.4738,0.160376,10.4696,,50.753,1.3619,-257.669,0
2010ag,0.03336,CMB,35.8159,SH0ES,0.198961,16.5629,0.19712,10.6105,0.461,255.973,31.5017,3.241,0
2005iq,0.03292,CMB,35.8647,SH0ES,0.150987,16.6117,0.148553,10.49,0.28089,359.635,-18.7092,-141.551,0
PS15bsq,0.03309,CMB,35.7797,SH0ES,0.159699,16.5267,0.1574,10.9397,0.013,355.467,-8.6379,-179.377,0
2004L,0.03344,CMB,35.829,SH0ES,0.273673,16.576,0.272338,10.1437,0.047,156.767,16.0187,-83.4708,0
2003cq,0.03323,CMB,35.8276,SH0ES,0.259126,16.5746,0.257715,10.4839,0.037,179.059,60.522,-159.416,0
ASASSN-16db,0.03589,CMB,35.8698,SH0ES,0.18969,16.6168,0.187759,10.678,0.013,167.357,29.5732,-408.932,0
2006S,0.0331,CMB,35.9089,SH0ES,0.177213,16.6559,0.175145,10.2024,0.087,191.413,35.0868,-240.121,0
ASASSN-15bc,0.03639,CMB,35.949,SH0ES,0.262609,16.696,0.261217,8.86694,0.011,61.561,-8.8856,-330.399,0
2006gr,0.03352,CMB,35.9188,SH0ES,0.207416,16.6658,0.205651,10.0957,,338.095,30.8287,-220.637,0
ASASSN-16dw,0.03565,CMB,35.7837,SH0ES,0.217075,16.5307,0.215389,10.1423,0.001,202.503,-27.9739,371.74,0
AT2016hns,0.03704,CMB,35.9789,SH0ES,0.163683,16.7259,0.16144,10.4701,0.017,324.921,24.4065,-105.312,0
1990O,0.03093,CMB,35.4926,SH0ES,0.166476,16.2396,0.164272,10.4738,,258.901,16.322,6.1158,0
2005hj,0.05631,CMB,36.9903,SH0ES,0.171451,17.7373,0.169312,9.22407,0.13,21.7017,-1.2381,-217.878,0
ASASSN-16hr,0.0298,CMB,35.4648,SH0ES,0.278746,16.2118,0.277436,9.46113,0.003,336.382,38.9844,-300.269,0
1992bh,0.0451,CMB,36.551,SH0ES,0.270525,17.298,0.269174,10.1363,0.3,74.8628,-58.8304,202.276,0
2005eq,0.02831,CMB,35.558,SH0ES,0.160985,16.305,0.158705,10.3697,0.478,47.2055,-7.0332,23.0788,0
2009ad,0.02834,CMB,35.372,SH0ES,0.160301,16.119,0.158011,10.4871,3.5,75.8891,6.6599,-30.4927,0
2008ar,0.02732,CMB,35.4368,SH0ES,0.180322,16.1838,0.178289,9.98914,,186.158,10.8382,-342.801,0
AT2016cvv,0.04404,CMB,36.5469,SH0ES,0.231201,17.2939,0.229619,11.4594,0.034,290.12,54.2087,-97.4435,0
ASASSN-15fs,0.0285,CMB,35.2391,SH0ES,0.185823,15.9861,0.183851,10.0517,0.001,284.67,43.4689,-196.215,0
2007is,0.02953,CMB,35.3449,SH0ES,0.211378,16.0919,0.209647,10.7887,0.067,251.811,40.2436,253.015,0
ASASSN-15mg,0.04307,CMB,36.3298,SH0ES,0.181208,17.0768,0.179185,9.84386,0.029,233.094,41.8504,-289.796,0
1998ab,0.02806,CMB,34.9487,SH0ES,0.227749,15.6957,0.226143,10.3527,0.18,192.197,41.9245,-194.196,0
MASTERJ0134,0.04391,CMB,36.2594,SH0ES,0.177777,17.0064,0.175714,9.19675,0.002,23.5627,-17.8121,60.6481,0
ASASSN-15la,0.02845,CMB,35.0558,SH0ES,0.218663,15.8028,0.21699,10.5989,0.125,213.213,35.7112,-166.734,0
1996C,0.02875,CMB,35.5152,SH0ES,0.250819,16.2622,0.249362,9.36646,0.19,207.702,49.3186,-112.455,0
2011hb,0.02775,CMB,35.2874,SH0ES,0.292934,16.0344,0.291687,11.031,0.004,351.981,8.7794,-131.722,0
2009aa,0.02827,CMB,35.3174,SH0ES,0.173415,16.0644,0.171301,9.29935,0.02,170.926,-22.2707,25.3172,0
PSNJ0252467,0.02748,CMB,35.3613,SH0ES,0.190628,16.1083,0.188706,7.0,0.083,43.1946,46.9464,-197.78,0
2010ii,0.02704,CMB,35.1306,SH0ES,0.184771,15.8776,0.182787,7.97988,0.002,339.555,35.4917,-294.382,0
PSNJ1204051,0.04502,CMB,36.4541,SH0ES,0.196266,17.2011,0.1944,10.0939,0.002,181.021,14.0681,-123.442,0
2005hc,0.04496,CMB,36.4634,SH0ES,0.173532,17.2104,0.171419,7.0,0.161,29.1998,-0.2137,-228.691,0
2005na,0.02717,CMB,35.1117,SH0ES,0.170295,15.8587,0.168141,8.83614,,105.403,14.1333,-88.8817,0
1992P,0.02643,CMB,35.313,SH0ES,0.220137,16.06,0.218475,10.1744,,190.704,10.3601,-272.653,0
2007co,0.02655,CMB,35.227,SH0ES,0.261645,15.974,0.260248,9.81719,3.818,275.765,29.8971,-221.823,0
2002eb,0.02633,CMB,35.2673,SH0ES,0.172357,16.0143,0.170229,7.0,,334.772,24.5944,-284.347,0
PS16cvc,0.02844,CMB,35.6948,SH0ES,0.183345,16.4418,0.181346,7.95752,0.258,318.097,14.7793,-206.273,0
2005ku,0.04397,CMB,36.2916,SH0ES,0.249078,17.0386,0.247611,9.64568,0.61,344.927,-0.0137,-120.6,0
2004ef,0.02978,CMB,35.4761,SH0ES,0.233488,16.2231,0.231922,10.3255,0.049,340.542,19.9946,-99.5544,0
Gaia16bba,0.02934,CMB,35.4354,SH0ES,0.185335,16.1824,0.183358,7.97207,0.023,15.398,17.1013,-161.216,0
1992bl,0.0428,CMB,36.2101,SH0ES,0.208042,16.9571,0.206282,10.8343,0.28089,348.805,-44.7433,167.011,0
ASASSN-16hh,0.02935,CMB,35.5015,SH0ES,0.190369,16.2485,0.188445,7.0,,31.1559,21.5861,-126.591,0
2007kk,0.0413,CMB,36.2521,SH0ES,0.175538,16.9991,0.17345,10.8891,0.002,55.5969,39.2418,-446.686,0
AT2016htm,0.04265,CMB,36.2018,SH0ES,0.162522,16.9488,0.160264,9.40838,0.014,38.0109,-26.6659,-67.4911,0
2001az,0.04059,CMB,36.3153,SH0ES,0.150794,17.0623,0.148357,10.239,0.059,248.615,76.0297,-120.833,0
2002de,0.0305,CMB,35.3638,SH0ES,0.283742,16.1108,0.282455,9.07466,,244.127,35.7084,289.982,0
2000cw,0.02896,CMB,35.6079,SH0ES,0.224233,16.3549,0.222602,7.0,,356.855,28.3877,-153.644,0
LSQ12gdj,0.02886,CMB,35.0939,SH0ES,0.272694,15.8409,0.271354,8.87386,0.083,358.681,-25.6761,-175.715,0
PSNJ0859349,0.02874,CMB,35.472,SH0ES,0.225755,16.219,0.224134,10.2177,0.01,134.895,45.9259,-185.72,0
2009do,0.04027,CMB,36.0403,SH0ES,0.147245,16.7873,0.144749,10.4649,0.02,188.743,50.8512,-206.576,0
AT2017lm,0.03002,CMB,35.5542,SH0ES,0.216273,16.3012,0.214581,9.52589,0.013,45.3849,-15.016,-83.3033,0
2014bj,0.04239,CMB,36.5106,SH0ES,0.426487,17.2576,0.425631,7.87303,,290.663,43.8908,-53.1604,0
2006cf,0.04223,CMB,36.2931,SH0ES,0.151018,17.0401,0.148584,10.9479,0.01,163.511,46.0267,-129.538,0
110716,0.31577,CMB,41.2033,SH0ES,0.233304,21.9503,0.231736,7.0,1.0,128.986,43.4945,-23.4387,0
7475,0.32265,CMB,40.9316,SH0ES,0.211904,21.6786,0.210177,7.0,,4.7535,-0.2815,-25.4046,0
05D2ab,0.32454,CMB,41.0699,SH0ES,0.126468,21.8169,0.123552,10.098,0.08,150.462,2.1063,17.7948,0
15213,0.31053,CMB,40.9962,SH0ES,0.221391,21.7432,0.219739,10.721,0.089,53.0191,-0.1001,-19.6778,0
14456,0.32794,CMB,41.0002,SH0ES,0.171833,21.7472,0.169699,11.095,0.176,343.551,1.0507,-23.4,0
1283878,0.31287,CMB,41.0195,SH0ES,0.203499,21.7665,0.2017,11.409,0.1955,37.1332,-4.0413,-20.3147,0
530112,0.31444,CMB,41.1251,SH0ES,0.155711,21.8721,0.153352,10.678,0.1275,333.569,0.9209,-21.6633,0
100163,0.31773,CMB,41.0738,SH0ES,0.195921,21.8208,0.194052,10.434,0.358,35.4423,-5.1516,-19.4378,0
050303,0.32829,CMB,41.3079,SH0ES,0.308428,22.0549,0.307244,11.248,0.022,241.437,56.0744,-28.7618,0
1300516,0.31043,CMB,40.6197,SH0ES,0.336421,21.3667,0.335336,9.557,0.0975,34.5464,-5.0101,-20.1323,0
19632,0.31377,CMB,41.0228,SH0ES,0.214434,21.7698,0.212727,11.113,0.108,40.2865,0.1444,-23.1219,0
500100,0.31077,CMB,41.046,SH0ES,0.182638,21.793,0.180631,10.898,0.069,131.639,45.3562,-24.3872,0
21042,0.30955,CMB,40.72,SH0ES,0.257177,21.467,0.255756,9.374,0.062,315.012,0.8276,-15.6226,0
15776,0.31582,CMB,40.933,SH0ES,0.227638,21.68,0.226031,11.211,0.101,32.8294,-0.9983,-23.52,0
530219,0.32838,CMB,41.351,SH0ES,0.278699,22.098,0.277388,11.1019,0.1,351.529,-0.3194,-23.6845,0
16211,0.30939,CMB,41.0177,SH0ES,0.300429,21.7647,0.299213,11.5,0.093,348.164,0.2669,-24.8395,0
5844,0.3093,CMB,40.9757,SH0ES,0.270379,21.7227,0.269028,7.0,,327.786,-0.8429,-18.7703,0
580104,0.32214,CMB,40.8628,SH0ES,0.158186,21.6098,0.155864,11.5,0.016,36.1196,-4.9673,-19.2699,0
120085,0.32214,CMB,40.7271,SH0ES,0.199265,21.4741,0.197428,10.9,0.115,150.471,2.0426,17.9774,0
1338128,0.31185,CMB,41.0377,SH0ES,0.210925,21.7847,0.209189,9.265,0.0255,8.0837,-43.7408,13.7419,0
000420,0.31152,CMB,41.0123,SH0ES,0.141744,21.7593,0.139148,9.742,0.708,149.82,1.6135,18.6456,0
500301,0.3255,CMB,41.2625,SH0ES,0.255286,22.0095,0.253854,10.1963,0.1,215.548,52.6318,-22.3311,0
170078,0.32089,CMB,41.2315,SH0ES,0.207296,21.9785,0.20553,10.419,0.045,186.183,47.6681,-16.9551,0
15383,0.31495,CMB,41.0194,SH0ES,0.227804,21.7664,0.226199,10.786,0.162,34.1495,-0.1552,-24.0543,0
1305626,0.32573,CMB,41.0478,SH0ES,0.141716,21.7948,0.13912,9.283,0.032,35.6546,-4.1333,-19.8576,0
18617,0.3257,CMB,41.1639,SH0ES,0.271274,21.9109,0.269927,10.076,0.15,345.762,0.8492,-23.8098,0
310188,0.31893,CMB,41.141,SH0ES,0.177674,21.888,0.17561,11.264,0.071,35.2776,-4.5196,-19.9471,0
1308326,0.32622,CMB,41.0504,SH0ES,0.157201,21.7974,0.154865,9.665,0.015,42.2701,0.5823,-22.2701,0
330128,0.32095,CMB,40.9546,SH0ES,0.156373,21.7016,0.154025,10.812,0.024,36.8228,-3.8213,-20.1508,0
1261579,0.32214,CMB,40.8774,SH0ES,0.138773,21.6244,0.136121,11.163,0.072,36.1196,-4.9673,-19.2699,0
550059,0.31839,CMB,41.3345,SH0ES,0.327925,22.0815,0.326812,10.2438,0.1,351.303,-1.0245,-23.6889,0
20142,0.31259,CMB,40.6239,SH0ES,0.2062,21.3709,0.204424,9.365,0.13,23.0082,-0.4297,-25.5244,0
1345553,0.31795,CMB,41.0772,SH0ES,0.167213,21.8242,0.165019,10.034,0.1035,35.3447,-4.668,-19.8667,0
1266657,0.32108,CMB,41.1921,SH0ES,0.293444,21.9391,0.292199,2.0,2.0,43.2731,0.5575,-22.2994,0
080646,0.31813,CMB,41.0199,SH0ES,0.153489,21.7669,0.151096,10.768,0.023,334.622,0.9415,-21.779,0
6649,0.31509,CMB,40.8837,SH0ES,0.219964,21.6307,0.218301,7.0,,34.2759,0.5348,-24.5629,0
1294743,0.31258,CMB,41.0352,SH0ES,0.279475,21.7822,0.278167,10.263,0.0945,36.1025,-4.6749,-20.0068,0
1263369,0.31252,CMB,40.9565,SH0ES,0.149709,21.7035,0.147254,10.845,0.085,43.2295,-0.5418,-21.9244,0
1337838,0.31195,CMB,40.9503,SH0ES,0.160446,21.6973,0.158158,8.424,0.4435,35.496,-6.4982,-18.5736,0
440509,0.31892,CMB,40.8941,SH0ES,0.203876,21.6411,0.20208,11.5,0.1,34.8496,-5.4304,-19.2548,0
1341894,0.31294,CMB,41.0061,SH0ES,0.176794,21.7531,0.174721,10.003,0.009,35.3025,-4.6502,-20.1526,0
050291,0.32535,CMB,41.2273,SH0ES,0.193265,21.9743,0.19137,11.169,0.036,244.566,55.3847,-29.1603,0
6100,0.31613,CMB,41.1979,SH0ES,0.274091,21.9449,0.272758,10.194,0.117,333.483,1.0865,-21.6793,0
2011fe,0.00122,CMB,28.9987,SH0ES,1.51645,9.74571,1.51621,10.677,,210.774,54.2737,0.0,1
6699,0.30915,CMB,41.046,SH0ES,0.250639,21.793,0.24918,10.655,0.14,322.815,-1.057,-16.9341,0
1303883,0.25911,CMB,40.5418,SH0ES,0.163699,21.2888,0.161457,10.894,0.014,8.8633,-44.9171,17.2789,0
3451,0.24835,CMB,40.203,SH0ES,0.17717,20.95,0.175101,10.839,0.115,334.069,0.7081,-26.3738,0
1334645,0.24701,CMB,40.1983,SH0ES,0.137434,20.9453,0.134755,10.453,0.132,36.3796,-5.879,-23.0108,0
05D3mq,0.24649,CMB,40.3907,SH0ES,0.15515,21.1377,0.152782,10.723,0.0765,214.752,52.3851,-27.8154,0
12977,0.24643,CMB,40.2829,SH0ES,0.214739,21.0299,0.213035,9.614,0.095,13.6956,-0.2509,-31.9665,0
15219,0.24637,CMB,40.378,SH0ES,0.17135,21.125,0.16921,11.081,0.078,34.6111,0.2267,-29.7731,0
13835,0.24604,CMB,40.3473,SH0ES,0.149416,21.0943,0.146956,10.507,0.06,6.0596,-0.2483,-31.9454,0
000010,0.24594,CMB,40.4318,SH0ES,0.167359,21.1788,0.165167,10.786,0.225,149.749,3.1575,21.086,0
20039,0.24539,CMB,40.3582,SH0ES,0.219468,21.1052,0.217801,11.428,0.133,9.8786,1.0243,-33.4001,0
420407,0.24512,CMB,40.4957,SH0ES,0.181643,21.2427,0.179625,10.504,0.158,333.949,-0.3155,-25.5814,0
000174,0.24497,CMB,40.3336,SH0ES,0.209543,21.0806,0.207796,10.532,0.1,162.029,56.8502,-33.1773,0
3377,0.24449,CMB,40.1263,SH0ES,0.186144,20.8733,0.184175,9.666,0.194,54.1562,1.0792,-24.7739,0
15466,0.24436,CMB,40.2064,SH0ES,0.221704,20.9534,0.220053,10.622,0.073,317.645,-0.1232,-19.2918,0
19023,0.24405,CMB,40.2956,SH0ES,0.242814,21.0426,0.241308,7.0,,307.117,0.0062,-14.362,0
13506,0.24341,CMB,40.538,SH0ES,0.306318,21.285,0.305126,10.19,0.081,25.2433,-0.7278,-30.8525,0
20088,0.24316,CMB,40.2516,SH0ES,0.143114,20.9986,0.140544,11.383,0.098,13.2052,0.6315,-33.2258,0
480064,0.24271,CMB,40.5734,SH0ES,0.259119,21.3204,0.257709,8.867,0.462,128.796,44.4482,-30.1347,0
20111,0.24267,CMB,40.4217,SH0ES,0.219858,21.1687,0.218194,10.934,0.119,354.394,0.2481,-31.5667,0
14481,0.24207,CMB,40.564,SH0ES,0.221356,21.311,0.219703,11.215,0.112,2.6817,0.2013,-32.6534,0
17223,0.24151,CMB,40.172,SH0ES,0.261675,20.919,0.260278,7.0,,26.3614,-0.0194,-31.6453,0
460064,0.24153,CMB,40.1214,SH0ES,0.184136,20.8684,0.182146,9.381,0.55,53.7742,-26.7649,5.021,0
510550,0.24106,CMB,40.3291,SH0ES,0.130654,21.0761,0.127834,10.6566,0.1,243.275,55.6117,-37.2784,0
580300,0.24072,CMB,40.4016,SH0ES,0.166736,21.1486,0.164535,9.477,0.585,130.334,44.7877,-30.1183,0
510251,0.24004,CMB,40.3847,SH0ES,0.264226,21.1317,0.262843,11.5,0.133,244.494,55.7428,-37.8445,0
18486,0.23971,CMB,40.13,SH0ES,0.180786,20.877,0.178758,7.0,,55.18,1.0031,-24.6991,0
470008,0.23954,CMB,39.9059,SH0ES,0.208409,20.6529,0.206653,10.3869,0.1,53.0828,-29.0138,7.3128,0
17884,0.23776,CMB,40.2317,SH0ES,0.172272,20.9787,0.170143,10.453,0.083,27.5998,1.1721,-33.0914,0
20768,0.23735,CMB,40.7365,SH0ES,0.305716,21.4835,0.304522,11.024,0.092,40.6259,-0.9712,-27.8916,0
420087,0.24848,CMB,40.4912,SH0ES,0.215929,21.2382,0.214234,7.0,99.0,352.767,0.1062,-30.5351,0
450082,0.24848,CMB,40.4276,SH0ES,0.195634,21.1746,0.193762,10.292,0.082,353.356,0.3105,-30.8406,0
560152,0.24851,CMB,40.3657,SH0ES,0.261564,21.1127,0.260166,11.416,0.056,334.8,1.1602,-27.0203,0
9032,0.25249,CMB,40.4066,SH0ES,0.259149,21.1536,0.257739,9.252,0.149,337.885,-0.4936,-26.021,0
550041,0.25847,CMB,40.4663,SH0ES,0.209281,21.2133,0.207532,7.4,0.1,352.54,-0.8664,-28.5996,0
6108,0.258,CMB,40.528,SH0ES,0.231214,21.275,0.229632,9.323,0.119,1.8066,0.349,-31.0302,0
8046,0.2576,CMB,40.6088,SH0ES,0.22531,21.3558,0.223687,11.335,0.082,39.1168,0.5113,-27.9004,0
18325,0.25723,CMB,40.4941,SH0ES,0.193606,21.2411,0.191714,11.5,0.138,8.9057,0.37,-31.4794,0
19207,0.25721,CMB,40.5776,SH0ES,0.249962,21.3246,0.248499,10.626,0.066,333.464,-0.9203,-23.8102,0
9457,0.25672,CMB,40.5023,SH0ES,0.251739,21.2493,0.250287,11.129,0.134,335.814,0.253,-25.7586,0
17340,0.25625,CMB,40.3729,SH0ES,0.207312,21.1199,0.205546,11.443,0.105,41.2121,0.3648,-27.3453,0
1112,0.25609,CMB,40.5593,SH0ES,0.271675,21.3063,0.27033,11.351,0.059,339.018,-0.3752,-26.1527,0
1336480,0.25605,CMB,40.6458,SH0ES,0.194176,21.3928,0.192289,10.476,0.5175,41.7246,-1.1646,-25.7023,0
5736,0.25394,CMB,40.4546,SH0ES,0.167762,21.2016,0.165575,10.474,0.179,22.8627,-0.6316,-30.164,0
17464,0.25345,CMB,40.0303,SH0ES,0.262822,20.7773,0.261432,9.285,0.142,6.6408,0.042,-31.4743,0
000034,0.25319,CMB,40.3688,SH0ES,0.15705,21.1158,0.154711,8.938,0.669,36.0664,-3.1865,-25.3984,0
310161,0.25247,CMB,40.4622,SH0ES,0.166497,21.2092,0.164293,9.577,0.348,352.966,-0.6604,-29.432,0
15161,0.24853,CMB,40.3256,SH0ES,0.178325,21.0726,0.176269,11.065,0.068,35.8429,0.819,-29.8694,0
17552,0.25191,CMB,40.4698,SH0ES,0.207347,21.2168,0.205582,10.693,0.104,322.321,-1.0032,-19.9476,0
16213,0.25077,CMB,40.3873,SH0ES,0.202604,21.1343,0.200797,7.0,,8.9711,0.2584,-32.0388,0
500004,0.25052,CMB,40.3009,SH0ES,0.188277,21.0479,0.186331,9.155,0.296,213.023,51.6739,-26.5164,0
5717,0.25037,CMB,40.5692,SH0ES,0.188725,21.3162,0.186783,9.431,0.116,17.896,-0.0059,-31.6171,0
13689,0.2503,CMB,40.4145,SH0ES,0.179616,21.1615,0.177575,10.45,0.07,4.0161,0.8076,-32.4272,0
390449,0.25008,CMB,40.3764,SH0ES,0.218218,21.1234,0.216542,7.0,,242.951,54.4558,-35.0899,0
520077,0.25004,CMB,40.5965,SH0ES,0.224495,21.3435,0.222865,11.3931,0.1,244.663,55.6842,-36.5638,0
15868,0.24974,CMB,40.3915,SH0ES,0.163714,21.1385,0.161473,10.387,0.094,38.0998,-0.7136,-27.6808,0
16106,0.24973,CMB,40.2961,SH0ES,0.206796,21.0431,0.205026,11.035,0.108,332.089,-1.1488,-23.6997,0
3199,0.24961,CMB,40.6733,SH0ES,0.220606,21.4203,0.218948,7.0,,333.293,1.0505,-26.3118,0
120585,0.24899,CMB,40.3167,SH0ES,0.167358,21.0637,0.165166,9.363,0.274,35.7735,-3.6103,-25.3474,0
19990,0.24883,CMB,40.427,SH0ES,0.180619,21.174,0.178589,10.628,0.154,34.8064,-0.3848,-28.9042,0
1317277,0.23711,CMB,40.2245,SH0ES,0.203948,20.9715,0.202153,10.05,0.0115,35.9031,-5.4815,-24.3726,0
16350,0.23684,CMB,40.2279,SH0ES,0.210237,20.9749,0.208496,10.79,0.088,323.639,-0.8858,-21.6765,0
12881,0.23671,CMB,40.119,SH0ES,0.236651,20.866,0.235106,9.679,0.113,10.1623,-0.0736,-33.3162,0
19230,0.22005,CMB,39.9228,SH0ES,0.242946,20.6698,0.241441,10.516,0.102,332.891,0.7648,-28.7501,0
030066,0.22552,CMB,40.1491,SH0ES,0.174035,20.8961,0.171928,9.134,0.243,150.183,3.404,22.5747,0
1292560,0.22482,CMB,40.1126,SH0ES,0.160616,20.8596,0.158331,8.646,0.106,35.0558,-5.3611,-25.8085,0
550096,0.22451,CMB,39.9449,SH0ES,0.245775,20.6919,0.244287,10.175,0.278,52.7766,-26.3979,4.5348,0
1304442,0.22451,CMB,40.1293,SH0ES,0.19721,20.8763,0.195353,9.568,0.0135,52.1631,-28.1083,6.3321,0
330083,0.22373,CMB,40.0162,SH0ES,0.172818,20.7632,0.170696,8.78,0.241,129.496,43.2977,-30.8366,0
14846,0.22335,CMB,40.1511,SH0ES,0.167278,20.8981,0.165084,11.075,0.059,7.6632,0.1416,-35.1216,0
13025,0.22287,CMB,40.3257,SH0ES,0.281229,21.0727,0.27993,10.836,0.052,341.567,0.4159,-31.0353,0
1331123,0.22157,CMB,40.1937,SH0ES,0.166162,20.9407,0.163954,11.23,0.0,8.0363,-42.5542,16.8468,0
480464,0.22141,CMB,40.0588,SH0ES,0.204756,20.8058,0.202968,10.917,0.028,149.8,3.2216,22.9813,0
370098,0.22141,CMB,40.0441,SH0ES,0.143254,20.7911,0.140687,10.491,0.134,150.006,2.4311,23.9549,0
15354,0.22069,CMB,40.0798,SH0ES,0.266821,20.8268,0.265452,10.783,0.081,6.7737,-0.126,-35.1349,0
7512,0.22055,CMB,40.1876,SH0ES,0.225274,20.9346,0.22365,7.0,,52.0903,-0.3261,-26.2724,0
14331,0.21976,CMB,40.2387,SH0ES,0.220195,20.9857,0.218533,9.696,0.095,7.8887,-0.1358,-35.3067,0
15229,0.22536,CMB,40.1856,SH0ES,0.197444,20.9326,0.19559,9.165,0.109,4.832,1.0907,-35.735,0
18466,0.21967,CMB,40.0882,SH0ES,0.173376,20.8352,0.171261,10.917,0.062,48.4185,0.63,-28.8799,0
000220,0.21982,CMB,40.0616,SH0ES,0.124319,20.8086,0.121352,11.335,0.122,150.537,2.7186,23.9857,0
15433,0.21935,CMB,40.1098,SH0ES,0.160031,20.8568,0.157737,10.806,0.088,14.8796,-0.2565,-35.2083,0
1302187,0.21943,CMB,40.0048,SH0ES,0.208962,20.7518,0.20721,10.95,0.873,52.1619,-27.1421,5.2945,0
1342255,0.21886,CMB,40.0296,SH0ES,0.130815,20.7766,0.127998,10.024,0.0665,40.7435,-0.2674,-30.6372,0
5533,0.21887,CMB,40.1292,SH0ES,0.218822,20.8762,0.21715,9.959,0.08,328.67,0.4134,-26.8368,0
9467,0.21885,CMB,40.1925,SH0ES,0.240729,20.9395,0.23921,10.93,0.072,328.951,1.1808,-27.8066,0
1304678,0.21884,CMB,40.1416,SH0ES,0.247596,20.8886,0.24612,11.23,0.0265,54.8701,-27.6439,6.9199,0
1290816,0.21848,CMB,40.2216,SH0ES,0.204417,20.9686,0.202626,8.859,0.009,54.1725,-27.84,6.8899,0
13641,0.21781,CMB,39.9942,SH0ES,0.174837,20.7412,0.17274,7.0,,345.219,-0.9811,-31.1376,0
20364,0.21729,CMB,40.1395,SH0ES,0.269611,20.8865,0.268256,10.389,0.079,25.7566,-0.9455,-33.6053,0
7473,0.21677,CMB,40.0932,SH0ES,0.185301,20.8402,0.183323,8.954,0.275,4.3264,-0.2573,-35.4047,0
13727,0.22534,CMB,40.1329,SH0ES,0.188923,20.8799,0.186984,9.953,0.084,317.588,0.9326,-21.7516,0
020096,0.22563,CMB,39.9865,SH0ES,0.175963,20.7335,0.17388,9.059,0.642,161.314,58.1927,-37.0486,0
13511,0.23653,CMB,40.4674,SH0ES,0.193131,21.2144,0.191234,11.411,0.122,40.6124,-0.7941,-28.1862,0
1275946,0.23212,CMB,40.2045,SH0ES,0.159507,20.9515,0.157205,8.458,0.4345,10.404,-43.6378,17.4259,0
310574,0.23649,CMB,40.2636,SH0ES,0.156727,21.0106,0.154383,10.234,0.143,352.986,0.5363,-32.328,0
15287,0.2363,CMB,40.3805,SH0ES,0.155735,21.1275,0.153376,10.621,0.152,323.96,-1.0574,-21.6713,0
19341,0.23543,CMB,40.2336,SH0ES,0.214202,20.9806,0.212494,11.015,0.083,15.8603,0.3314,-33.745,0
1298281,0.23508,CMB,40.1629,SH0ES,0.275154,20.9099,0.273826,9.297,0.0785,40.2679,-0.9553,-28.2728,0
1319366,0.23483,CMB,40.158,SH0ES,0.183242,20.905,0.181242,9.611,0.02,41.4955,-1.0881,-27.7729,0
1279500,0.23471,CMB,40.2784,SH0ES,0.167703,21.0254,0.165515,9.699,0.0695,36.9257,-4.3149,-25.5726,0
110536,0.23475,CMB,40.1912,SH0ES,0.32799,20.9382,0.326877,10.577,0.198,54.3325,-26.9017,5.4879,0
12971,0.23381,CMB,40.1389,SH0ES,0.214099,20.8859,0.21239,11.5,0.099,6.6485,-0.3021,-33.2941,0
1336687,0.23381,CMB,40.1788,SH0ES,0.292139,20.9258,0.290889,8.58,0.016,35.6058,-6.1499,-23.9821,0
350047,0.23364,CMB,40.4148,SH0ES,0.19637,21.1618,0.194504,10.491,0.02,163.262,58.1363,-35.6575,0
1292336,0.23356,CMB,40.1857,SH0ES,0.255059,20.9327,0.253626,9.099,0.015,40.9988,-0.9061,-28.2712,0
15369,0.23269,CMB,39.8341,SH0ES,0.180906,20.5811,0.17888,9.078,0.267,348.833,-0.5626,-30.7499,0
1302648,0.23171,CMB,40.0875,SH0ES,0.237265,20.8345,0.235724,10.131,0.013,10.0026,-44.0541,17.9512,0
19992,0.22632,CMB,40.3912,SH0ES,0.201078,21.1382,0.199257,10.628,54.33,357.104,-1.185,-32.3218,0
430004,0.2315,CMB,40.201,SH0ES,0.226906,20.948,0.225294,10.51,0.012,351.113,-0.7542,-31.2039,0
17875,0.23111,CMB,40.3169,SH0ES,0.189753,21.0639,0.187823,10.702,0.11,20.9834,1.255,-34.8366,0
360140,0.23083,CMB,40.2958,SH0ES,0.226289,21.0428,0.224673,8.834,1.377,185.618,47.7162,-22.3994,0
19008,0.23075,CMB,40.1049,SH0ES,0.204707,20.8519,0.202919,10.401,0.071,331.963,-1.0699,-25.3551,0
040780,0.23066,CMB,40.0717,SH0ES,0.296847,20.8187,0.295617,10.963,0.021,243.62,54.7258,-37.9823,0
000006,0.23044,CMB,40.3062,SH0ES,0.260109,21.0532,0.258704,10.793,0.055,53.3665,-28.3715,6.9244,0
21033,0.23006,CMB,40.1283,SH0ES,0.227444,20.8753,0.225836,7.0,,28.8137,0.6431,-33.1961,0
3452,0.22967,CMB,40.1351,SH0ES,0.188066,20.8821,0.186118,9.23,0.082,334.672,0.6392,-28.2734,0
13072,0.22917,CMB,40.2229,SH0ES,0.202405,20.9699,0.200596,10.874,54.96,334.96,0.0244,-27.7702,0
180561,0.22853,CMB,40.1604,SH0ES,0.308241,20.9074,0.307057,8.444,0.724,334.462,1.4684,-29.1911,0
1315259,0.22806,CMB,40.2236,SH0ES,0.183395,20.9706,0.181397,11.5,0.044,40.8641,-1.6036,-28.0938,0
1315192,0.22714,CMB,40.097,SH0ES,0.228488,20.844,0.226887,10.654,0.028,42.9859,-0.5231,-28.7223,0
1297026,0.25855,CMB,40.51,SH0ES,0.149785,21.257,0.147331,10.607,0.163,35.821,-5.1821,-23.0112,0
1289664,0.25908,CMB,40.2879,SH0ES,0.178603,21.0349,0.176551,7.0,2.0,40.8968,-1.1299,-25.7409,0
1319821,0.30881,CMB,40.9954,SH0ES,0.152417,21.7424,0.150006,10.417,0.0095,53.3579,-29.4719,6.408,0
1335694,0.25912,CMB,40.4255,SH0ES,0.162943,21.1725,0.16069,10.969,1.111,42.845,-0.6485,-25.6258,0
1119,0.29639,CMB,40.9938,SH0ES,0.366054,21.7408,0.365057,10.804,0.066,320.414,0.8947,-18.3441,0
580270,0.29576,CMB,40.9989,SH0ES,0.165779,21.7459,0.163566,9.851,0.1865,130.2,44.5906,-25.2656,0
19794,0.29568,CMB,41.0209,SH0ES,0.307913,21.7679,0.306727,11.367,0.108,359.319,0.2494,-27.3763,0
1303004,0.29496,CMB,40.762,SH0ES,0.173778,21.509,0.171668,9.369,0.2945,35.2946,-6.4631,-19.5348,0
6249,0.29354,CMB,40.857,SH0ES,0.204834,21.604,0.203047,10.047,0.107,3.2656,-0.6201,-27.1083,0
130755,0.29291,CMB,40.8268,SH0ES,0.203556,21.5738,0.201757,8.952,0.821,183.732,46.5759,-17.345,0
150509,0.2928,CMB,40.7458,SH0ES,0.174302,21.4928,0.172198,10.78,0.004,241.234,54.8781,-30.7233,0
420414,0.29246,CMB,40.6952,SH0ES,0.224836,21.4422,0.223209,11.004,0.032,334.276,0.0287,-22.4746,0
21006,0.29241,CMB,40.6378,SH0ES,0.228825,21.3848,0.227227,7.0,,47.9418,0.0919,-22.4349,0
390264,0.29208,CMB,40.4229,SH0ES,0.292471,21.1699,0.291222,9.619,0.515,243.373,53.9909,-30.5734,0
12841,0.29208,CMB,40.7505,SH0ES,0.483728,21.4975,0.482974,10.12,0.133,321.347,-1.0337,-17.2315,0
1263715,0.29186,CMB,40.7653,SH0ES,0.172199,21.5123,0.170069,8.977,0.106,41.6099,-1.5799,-22.7176,0
1291090,0.29199,CMB,40.7606,SH0ES,0.177707,21.5076,0.175644,9.711,0.0445,9.4631,-43.7215,14.4744,0
19027,0.29114,CMB,40.484,SH0ES,0.219145,21.231,0.217476,9.592,0.127,328.884,-0.372,-20.517,0
19596,0.29036,CMB,40.7861,SH0ES,0.23085,21.5331,0.229265,9.959,0.161,53.8843,0.7034,-21.2044,0
570056,0.28998,CMB,40.7298,SH0ES,0.234493,21.4768,0.232933,10.819,0.19,37.0067,-3.495,-22.1744,0
1289288,0.29001,CMB,40.7393,SH0ES,0.271437,21.4863,0.270091,10.645,0.0235,10.1789,-43.9483,14.7816,0
350180,0.28952,CMB,40.9765,SH0ES,0.256114,21.7235,0.254687,8.885,0.558,53.4627,-28.1376,5.5244,0
1310395,0.28899,CMB,40.702,SH0ES,0.277224,21.449,0.275906,7.0,2.0,36.5343,-6.76,-19.34,0
1334597,0.28896,CMB,40.6763,SH0ES,0.168052,21.4233,0.165869,8.88,0.1735,35.8313,-4.0678,-21.9705,0
2789,0.2889,CMB,40.7428,SH0ES,0.228497,21.4898,0.226897,11.224,0.16,344.202,0.4011,-25.5839,0
2165,0.28882,CMB,40.9433,SH0ES,0.226038,21.6903,0.22442,9.485,0.186,17.0917,-0.0962,-28.0052,0
091869,0.28843,CMB,40.7458,SH0ES,0.165419,21.4928,0.1632,10.347,0.444,351.908,-1.7625,-25.1756,0
1313594,0.28835,CMB,40.749,SH0ES,0.137848,21.496,0.135178,10.379,0.1885,34.8329,-5.7894,-20.6221,0
1334644,0.28806,CMB,40.7075,SH0ES,0.188011,21.4545,0.186062,11.217,0.056,35.1072,-5.7725,-20.6153,0
19128,0.28763,CMB,40.8753,SH0ES,0.227224,21.6223,0.225614,7.0,,354.204,-0.7822,-26.4438,0
17809,0.28746,CMB,40.5379,SH0ES,0.238886,21.2849,0.237355,9.84,0.117,6.3646,-0.8396,-27.547,0
13610,0.29683,CMB,40.6595,SH0ES,0.202621,21.4065,0.200814,10.471,0.094,326.015,0.7263,-20.197,0
1293319,0.29687,CMB,40.7505,SH0ES,0.210501,21.4975,0.208762,9.229,0.016,36.0024,-6.4977,-19.2715,0
420196,0.29842,CMB,41.2705,SH0ES,0.232731,22.0175,0.23116,10.315,0.867,351.761,-1.0284,-25.0995,0
1287626,0.30396,CMB,40.719,SH0ES,0.22209,21.466,0.220442,8.203,0.226,35.9318,-5.9612,-19.3855,0
5966,0.30822,CMB,40.9533,SH0ES,0.254065,21.7003,0.252626,11.011,0.154,16.1904,0.5139,-27.0975,0
520062,0.30805,CMB,41.2018,SH0ES,0.139651,21.9488,0.137016,10.6357,0.1,244.451,54.6334,-29.9491,0
1281668,0.30697,CMB,40.9573,SH0ES,0.150058,21.7043,0.147609,10.251,0.0185,9.4105,-43.9203,14.0764,0
340334,0.30668,CMB,41.16,SH0ES,0.239095,21.907,0.237566,7.0,,163.263,57.8064,-28.1379,0
560087,0.30641,CMB,40.8959,SH0ES,0.201565,21.6429,0.199749,11.27,0.015,352.676,-1.556,-24.2248,0
350027,0.30568,CMB,40.9451,SH0ES,0.165493,21.6921,0.163275,11.059,0.025,163.119,57.8072,-28.1975,0
440005,0.30551,CMB,41.0041,SH0ES,0.226225,21.7511,0.224608,11.388,0.025,52.9893,-28.8836,5.8299,0
350630,0.30525,CMB,40.9054,SH0ES,0.133839,21.6524,0.131087,11.149,0.01,162.404,58.9533,-29.2357,0
12883,0.30519,CMB,40.5924,SH0ES,0.306711,21.3394,0.30552,11.099,0.105,312.626,0.3987,-14.5058,0
1259412,0.30477,CMB,40.9018,SH0ES,0.140115,21.6488,0.137489,10.514,0.0055,36.3454,-5.3241,-19.8076,0
1335717,0.30478,CMB,41.0411,SH0ES,0.242802,21.7881,0.241296,9.773,0.0025,52.8599,-28.3531,5.3199,0
19818,0.30395,CMB,40.7052,SH0ES,0.182517,21.4522,0.180508,10.154,0.103,35.2667,0.4964,-25.1184,0
7143,0.30354,CMB,41.0778,SH0ES,0.197526,21.8248,0.195672,10.28,0.108,345.262,-0.2074,-24.2496,0
570025,0.29845,CMB,40.6539,SH0ES,0.272883,21.4009,0.271544,9.973,0.4035,335.06,0.3776,-22.619,0
150457,0.30339,CMB,40.9204,SH0ES,0.142521,21.6674,0.139941,11.454,0.01,161.353,57.2179,-28.1506,0
1339002,0.30296,CMB,40.8204,SH0ES,0.274703,21.5674,0.273372,10.871,0.017,35.8305,-6.5263,-18.9311,0
460037,0.30254,CMB,40.8894,SH0ES,0.22475,21.6364,0.223122,9.655,0.309,54.727,-27.5411,5.1414,0
570022,0.30141,CMB,41.1086,SH0ES,0.206046,21.8556,0.20427,9.499,0.145,351.124,-0.4843,-25.2375,0
350192,0.3015,CMB,40.8585,SH0ES,0.191702,21.6055,0.189791,8.553,7.88,148.716,1.9617,18.5041,0
350078,0.30078,CMB,41.1729,SH0ES,0.294726,21.9199,0.293486,9.341,1.214,130.663,43.7841,-24.1181,0
430003,0.32843,CMB,40.934,SH0ES,0.295651,21.681,0.294415,7.0,1.088,333.38,-0.4529,-19.7589,0
170428,0.30007,CMB,40.9837,SH0ES,0.198158,21.7307,0.196309,9.1073,0.1,243.619,54.003,-29.9852,0
14735,0.29936,CMB,40.7335,SH0ES,0.186464,21.4805,0.184499,10.326,0.109,35.158,0.3484,-25.3192,0
120444,0.29947,CMB,41.0213,SH0ES,0.195981,21.7683,0.194112,9.389,0.1,51.682,-27.9362,4.6863,0
10550,0.29923,CMB,41.0113,SH0ES,0.341681,21.7583,0.340612,10.289,0.096,349.675,-1.2049,-24.5249,0
6137,0.29888,CMB,40.9195,SH0ES,0.25505,21.6665,0.253616,7.0,,307.936,0.2448,-12.6796,0
20245,0.28723,CMB,40.5691,SH0ES,0.250397,21.3161,0.248937,11.5,0.084,341.706,0.7563,-25.4386,0
20040,0.28655,CMB,40.6389,SH0ES,0.217509,21.3859,0.215826,10.257,0.138,328.879,0.8151,-21.8296,0
350080,0.28577,CMB,40.671,SH0ES,0.173206,21.418,0.171088,11.229,0.142,130.635,43.9989,-25.3726,0
04D3ez,0.26348,CMB,40.3997,SH0ES,0.177345,21.1467,0.175278,10.29,0.012,214.783,53.072,-26.9722,0
520023,0.26804,CMB,40.4623,SH0ES,0.232043,21.2093,0.230467,11.324,0.013,245.239,55.1548,-34.265,0
1309288,0.26794,CMB,40.5103,SH0ES,0.202065,21.2573,0.200253,10.961,0.0265,54.6449,-29.1944,7.3346,0
18463,0.26687,CMB,40.5463,SH0ES,0.204902,21.2933,0.203116,10.244,0.096,17.566,0.472,-30.4419,0
1334087,0.26629,CMB,40.2901,SH0ES,0.264978,21.0371,0.263599,10.951,0.0565,41.0084,-0.4674,-25.7366,0
6315,0.26576,CMB,40.3244,SH0ES,0.206109,21.0714,0.204333,9.72,0.229,310.483,1.092,-15.9698,0
2422,0.2657,CMB,40.6087,SH0ES,0.219728,21.3557,0.218063,9.371,0.189,1.9945,0.6382,-30.5341,0
13099,0.26451,CMB,40.6719,SH0ES,0.256474,21.4189,0.255049,10.86,0.08,359.819,-1.2504,-28.6335,0
110478,0.26462,CMB,40.5153,SH0ES,0.197965,21.2623,0.196115,9.468,0.394,53.5803,-27.5689,5.409,0
2943,0.26405,CMB,40.5074,SH0ES,0.238455,21.2544,0.236921,7.0,,17.7049,1.0079,-31.1986,0
12983,0.26395,CMB,40.6342,SH0ES,0.381046,21.3812,0.380088,10.418,0.089,16.4588,0.1448,-30.4516,0
330022,0.26386,CMB,40.3035,SH0ES,0.205843,21.0505,0.204064,10.979,0.085,35.3241,-2.9491,-24.9341,0
350235,0.26384,CMB,40.5588,SH0ES,0.167704,21.3058,0.165516,10.127,0.406,184.35,48.3462,-20.7396,0
520019,0.26309,CMB,40.6388,SH0ES,0.170092,21.3858,0.167936,11.266,0.108,241.861,54.4578,-33.3957,0
06D3fp,0.26848,CMB,40.4553,SH0ES,0.240404,21.2023,0.238883,9.55,0.2595,215.077,52.8972,-26.4385,0
13956,0.2629,CMB,41.2641,SH0ES,0.514634,22.0111,0.513925,10.757,0.175,20.9418,0.8167,-30.8714,0
18945,0.26187,CMB,40.7216,SH0ES,0.216893,21.4686,0.215206,7.0,,10.0784,-1.0374,-29.6558,0
13655,0.26173,CMB,40.6935,SH0ES,0.249126,21.4405,0.247658,11.238,0.132,39.0202,-0.9942,-26.1401,0
1253,0.26166,CMB,40.392,SH0ES,0.226027,21.139,0.224408,11.153,0.093,323.799,0.1631,-21.0453,0
19702,0.26162,CMB,40.681,SH0ES,0.233293,21.428,0.231725,9.896,0.124,47.7548,0.3568,-24.9331,0
2017,0.26162,CMB,40.6874,SH0ES,0.258941,21.4344,0.25753,10.547,0.076,328.943,0.5935,-23.3933,0
1337649,0.26151,CMB,40.4182,SH0ES,0.225542,21.1652,0.22392,8.682,0.0315,43.4044,0.5102,-26.4056,0
15440,0.2613,CMB,40.447,SH0ES,0.207526,21.194,0.205762,10.852,0.12,39.7207,0.0901,-27.0082,0
370498,0.26086,CMB,40.6128,SH0ES,0.185932,21.3598,0.183961,11.5,0.1,186.266,46.8062,-19.2409,0
020176,0.26051,CMB,40.5033,SH0ES,0.171288,21.2503,0.169147,8.7022,0.1,211.862,53.3429,-27.1561,0
1330426,0.25954,CMB,40.442,SH0ES,0.169977,21.189,0.167819,7.0,2.0,53.9704,-28.6924,6.7971,0
12972,0.25935,CMB,40.5238,SH0ES,0.233841,21.2708,0.232277,9.177,0.114,7.9586,-0.383,-30.5118,0
530037,0.2685,CMB,40.579,SH0ES,0.191142,21.326,0.189225,10.9792,0.1,333.671,-1.0504,-22.917,0
14298,0.26879,CMB,40.6039,SH0ES,0.217156,21.3509,0.215471,7.0,,314.895,1.2233,-17.8962,0
440050,0.28547,CMB,40.7046,SH0ES,0.185989,21.4516,0.184018,11.03,0.035,333.867,1.5495,-24.1293,0
1297465,0.27784,CMB,40.9187,SH0ES,0.17803,21.6657,0.175971,10.068,0.001,51.7953,-27.8221,4.9113,0
17791,0.28468,CMB,41.1135,SH0ES,0.351325,21.8605,0.350286,9.385,0.168,332.373,0.7379,-23.0285,0
16072,0.28434,CMB,40.6919,SH0ES,0.20709,21.4389,0.205322,10.943,0.106,3.1244,-0.9773,-27.51,0
14261,0.28436,CMB,40.5431,SH0ES,0.186562,21.2901,0.184598,9.135,0.076,328.24,0.2538,-21.2863,0
310238,0.28395,CMB,40.5735,SH0ES,0.154134,21.3205,0.151751,9.906,0.167,35.5268,-3.2333,-23.1205,0
15584,0.28333,CMB,40.6596,SH0ES,0.184378,21.4066,0.18239,10.9,0.124,43.4955,0.987,-25.0795,0
06D3dt,0.28256,CMB,40.744,SH0ES,0.297355,21.491,0.296127,9.589,0.069,214.34,52.4528,-24.8416,0
1317286,0.28198,CMB,40.5986,SH0ES,0.166629,21.3456,0.164427,7.0,2.0,36.0079,-6.8106,-19.8077,0
18485,0.28122,CMB,40.6224,SH0ES,0.174763,21.3694,0.172665,10.908,0.084,47.9591,-0.6924,-22.4393,0
520188,0.28049,CMB,40.6663,SH0ES,0.153096,21.4133,0.150697,8.406,0.199,215.524,52.5446,-25.2345,0
040201,0.27987,CMB,40.5664,SH0ES,0.153331,21.3134,0.150935,9.2773,0.1,184.46,47.4468,-18.8469,0
6196,0.2798,CMB,40.5056,SH0ES,0.19932,21.2526,0.197483,11.406,0.14,337.631,-0.5027,-23.8001,0
5957,0.27924,CMB,40.7037,SH0ES,0.164335,21.4507,0.162102,10.463,0.078,34.7606,-0.2728,-26.3513,0
4046,0.27764,CMB,40.6186,SH0ES,0.24474,21.3656,0.243246,9.359,0.302,354.498,0.6421,-28.6065,0
510638,0.27006,CMB,40.6363,SH0ES,0.197002,21.3833,0.195143,8.6546,0.1,243.469,56.0842,-34.3481,0
4000,0.27656,CMB,40.8504,SH0ES,0.272235,21.5974,0.270893,10.919,0.072,31.016,-0.3658,-27.1952,0
19051,0.27619,CMB,40.6749,SH0ES,0.180061,21.4219,0.178025,11.292,0.088,351.375,0.4231,-28.0519,0
20227,0.27574,CMB,40.6631,SH0ES,0.213576,21.4101,0.211862,11.046,0.149,349.12,-0.0985,-27.1641,0
150254,0.27508,CMB,40.5286,SH0ES,0.241865,21.2756,0.240354,9.355,0.439,183.211,47.1458,-18.8776,0
100213,0.27511,CMB,40.7769,SH0ES,0.239421,21.5239,0.237894,9.414,0.36,53.0671,-27.1943,4.7106,0
420258,0.27444,CMB,40.7399,SH0ES,0.293068,21.4869,0.291821,11.463,0.013,352.428,0.7054,-28.6259,0
15356,0.2734,CMB,40.4721,SH0ES,0.208686,21.2191,0.206932,10.743,0.166,335.053,0.4099,-24.3597,0
1292332,0.27265,CMB,40.5415,SH0ES,0.173203,21.2885,0.171085,10.269,0.1885,41.1435,-1.2851,-24.4277,0
380378,0.27129,CMB,40.5677,SH0ES,0.123404,21.3147,0.120414,10.364,0.514,213.525,53.4648,-26.5618,0
160039,0.27085,CMB,40.4887,SH0ES,0.166124,21.2357,0.163916,7.0,1.0,184.975,48.1403,-20.0605,0
310051,0.27045,CMB,40.5139,SH0ES,0.20931,21.2609,0.207561,10.435,0.103,353.412,-0.5525,-27.9427,0
19002,0.2701,CMB,40.5089,SH0ES,0.164866,21.2559,0.16264,10.716,0.08,42.6154,-0.5512,-24.9279,0
5391,0.30022,CMB,40.8795,SH0ES,0.247188,21.6265,0.245709,9.299,0.089,52.342,-1.0947,-19.5758,0
1346966,0.33513,CMB,41.0242,SH0ES,0.177927,21.7712,0.175867,9.557,0.084,55.3407,-29.1493,6.2291,0
1337687,0.3287,CMB,41.0716,SH0ES,0.150485,21.8186,0.148043,8.4,0.136,55.0471,-26.9756,4.4059,0
05D1hm,0.58575,CMB,42.707,SH0ES,0.37297,23.454,0.371991,9.854,0.177,36.9426,-4.7173,-11.8408,0
04D1sa,0.58375,CMB,42.6489,SH0ES,0.184752,23.3959,0.182769,10.623,0.064,36.984,-4.1761,-12.1454,0
04D1kj,0.58375,CMB,42.4765,SH0ES,0.198486,23.2235,0.196641,9.929,0.1075,36.9694,-4.1803,-12.145,0
05D4ej,0.58328,CMB,42.7974,SH0ES,0.186201,23.5444,0.184233,10.133,0.156,333.969,-18.1957,-3.1579,0
04D1jg,0.58294,CMB,42.5408,SH0ES,0.168029,23.2878,0.165845,11.338,0.1505,36.5523,-4.1348,-12.2293,0
03D1aw,0.58073,CMB,42.7061,SH0ES,0.239821,23.4531,0.238297,9.169,0.088,36.0616,-4.5172,-12.1333,0
05D3gp,0.5806,CMB,42.573,SH0ES,0.262496,23.32,0.261104,9.015,0.185,215.676,52.7247,-13.9769,0
05D3jq,0.57959,CMB,42.3923,SH0ES,0.23116,23.1393,0.229578,8.832,0.4195,215.439,53.0299,-14.1387,0
1332059,0.57884,CMB,42.5317,SH0ES,0.231686,23.2787,0.230108,7.0,2.0,40.8651,-1.2774,-13.2065,0
05D1dx,0.57875,CMB,42.4272,SH0ES,0.214391,23.1742,0.212684,9.416,0.113,36.9458,-4.0325,-12.3103,0
110721,0.57823,CMB,42.4512,SH0ES,0.241176,23.1982,0.23966,11.5,0.115,130.216,44.1143,-14.3522,0
03D4gf,0.57829,CMB,42.4174,SH0ES,0.24485,23.1644,0.243357,7.638,0.2905,333.596,-17.734,-3.3719,0
1337228,0.57741,CMB,42.645,SH0ES,0.290949,23.392,0.289693,10.341,1.789,7.5248,-43.0341,7.9124,0
06D3et,0.57661,CMB,42.4263,SH0ES,0.166843,23.1733,0.164644,10.766,0.09,215.52,52.3384,-13.8444,0
050203,0.57609,CMB,42.4887,SH0ES,0.202103,23.2357,0.200291,8.835,1.294,242.793,55.1223,-17.9288,0
05D2dt,0.57583,CMB,42.5915,SH0ES,0.213158,23.3385,0.211441,10.244,0.096,150.35,1.8577,11.2366,0
1306785,0.57535,CMB,42.1912,SH0ES,0.452867,22.9382,0.452062,10.989,0.0835,33.7937,-4.5222,-12.4743,0
1317454,0.56883,CMB,42.2407,SH0ES,0.262337,22.9877,0.260944,7.0,2.0,8.0244,-42.6662,7.7916,0
05D1dn,0.56475,CMB,42.4873,SH0ES,0.19275,23.2343,0.190849,10.234,0.047,36.111,-4.9916,-12.1498,0
1338278,0.56431,CMB,42.3969,SH0ES,0.296515,23.1439,0.295284,9.919,0.058,34.43,-4.976,-12.3542,0
1330903,0.5643,CMB,42.4881,SH0ES,0.207587,23.2351,0.205824,10.328,0.172,41.1163,-0.645,-13.758,0
1285317,0.56441,CMB,42.3928,SH0ES,0.221111,23.1398,0.219457,8.739,0.166,9.4725,-43.3145,8.1968,0
05D1cc,0.56276,CMB,42.4296,SH0ES,0.234712,23.1766,0.233154,9.316,0.2025,36.6299,-4.1648,-12.558,0
1303952,0.56263,CMB,42.6016,SH0ES,0.265242,23.3486,0.263864,11.137,0.1215,35.8718,-6.9219,-11.1778,0
1338387,0.58382,CMB,42.4199,SH0ES,0.199369,23.1669,0.197532,7.0,2.0,40.4513,-0.3686,-13.6248,0
05D4bf,0.58728,CMB,42.6241,SH0ES,0.203038,23.3711,0.201234,10.23,0.084,334.11,-18.2321,-3.1439,0
1330642,0.63392,CMB,42.5972,SH0ES,0.147609,23.3442,0.145119,9.27,0.036,37.0406,-4.0471,-11.4411,0
04D1oh,0.58873,CMB,42.5021,SH0ES,0.220032,23.2491,0.218369,9.17,0.1525,36.2598,-4.2362,-12.116,0
05D2ci,0.63189,CMB,42.3111,SH0ES,0.32695,23.0581,0.325833,10.977,0.159,150.008,2.2159,10.2207,0
05D1cb,0.63071,CMB,42.6632,SH0ES,0.202856,23.4102,0.201051,10.111,0.0795,36.7377,-4.1176,-11.4887,0
04D4fx,0.62723,CMB,42.585,SH0ES,0.244041,23.332,0.242543,8.305,0.6555,334.159,-18.0664,-3.0767,0
03D4dh,0.62523,CMB,42.6577,SH0ES,0.215148,23.4047,0.213447,9.414,0.1625,334.379,-17.6297,-3.3411,0
04D2an,0.62188,CMB,42.5894,SH0ES,0.275623,23.3364,0.274297,7.542,0.574,150.218,2.0412,10.4686,0
04D3co,0.62063,CMB,42.6988,SH0ES,0.268136,23.4458,0.266773,9.517,0.243,214.458,52.9636,-13.2979,0
000202,0.61988,CMB,42.7557,SH0ES,0.154862,23.5027,0.15249,9.943,7.309,150.539,1.8992,10.6183,0
1335868,0.61942,CMB,42.6948,SH0ES,0.2753,23.4418,0.273973,7.0,2.0,55.0891,-26.5127,2.4006,0
1308957,0.61869,CMB,42.7164,SH0ES,0.388756,23.4634,0.387817,10.078,0.2735,35.1339,-6.624,-10.6003,0
05D1ck,0.61571,CMB,42.7085,SH0ES,0.347272,23.4555,0.346221,9.724,0.172,36.1035,-4.7128,-11.4802,0
1295305,0.61171,CMB,42.701,SH0ES,0.16444,23.448,0.162208,8.711,0.1325,36.2434,-4.2509,-11.7517,0
04D4an,0.61125,CMB,42.9049,SH0ES,0.247686,23.6519,0.24621,10.541,0.154,333.988,-17.6955,-3.3066,0
04D3do,0.61064,CMB,42.6686,SH0ES,0.184238,23.4156,0.182249,10.485,0.071,214.442,52.2676,-13.1278,0
05D2he,0.60987,CMB,42.6876,SH0ES,0.321483,23.4346,0.320347,9.418,0.185,150.361,2.3177,10.5186,0
1332413,0.60873,CMB,42.6179,SH0ES,0.230751,23.3649,0.229166,9.206,0.686,36.2749,-5.853,-10.9969,0
1302141,0.6088,CMB,42.4282,SH0ES,0.350327,23.1752,0.349285,9.429,1.76,7.8305,-42.5014,7.3014,0
03D4dy,0.60826,CMB,42.5904,SH0ES,0.228388,23.3374,0.226786,7.0,52.8705,333.711,-17.9565,-3.1413,0
1335564,0.6062,CMB,42.6158,SH0ES,0.275076,23.3628,0.273748,9.303,0.2385,35.1281,-6.4465,-10.8627,0
05D4ef,0.60327,CMB,42.7503,SH0ES,0.2001,23.4973,0.19827,10.437,0.131,333.497,-18.2123,-2.9922,0
1338233,0.60149,CMB,42.7562,SH0ES,0.394779,23.5032,0.393855,10.984,0.024,35.1227,-5.5293,-11.3947,0
05D3lr,0.6006,CMB,42.6116,SH0ES,0.278838,23.3586,0.277528,10.873,0.051,215.551,53.1843,-13.8209,0
04D2mh,0.59184,CMB,42.4508,SH0ES,0.255828,23.1978,0.254399,9.097,0.418,149.941,2.141,10.7878,0
03D4gg,0.59028,CMB,42.5156,SH0ES,0.248253,23.2626,0.246781,10.162,0.0055,334.168,-18.1645,-3.1755,0
1289555,0.56174,CMB,42.2937,SH0ES,0.227829,23.0407,0.226224,9.278,0.1075,40.7331,-1.3929,-13.4764,0
04D1hx,0.55875,CMB,42.2975,SH0ES,0.356215,23.0445,0.35519,9.645,0.1335,36.1771,-4.7903,-12.3489,0
05D1kl,0.55875,CMB,42.7331,SH0ES,0.3833,23.4801,0.382347,8.425,0.2825,36.1397,-4.319,-12.6048,0
05D1ee,0.55775,CMB,42.4389,SH0ES,0.195189,23.1859,0.193312,10.973,0.0875,36.1948,-4.0005,-12.7907,0
06D3el,0.5196,CMB,42.2905,SH0ES,0.196455,23.0375,0.194591,9.554,0.0975,214.255,52.2324,-14.8923,0
450175,0.51943,CMB,42.2438,SH0ES,0.315111,22.9908,0.313952,7.0,,53.2864,-28.0844,3.3468,0
310260,0.51879,CMB,42.1824,SH0ES,0.209558,22.9294,0.207812,8.7967,0.1,36.1689,-5.1043,-12.9231,0
1334470,0.51876,CMB,42.1949,SH0ES,0.250421,22.9419,0.248961,7.0,2.0,35.0537,-4.9472,-13.1533,0
1338430,0.51718,CMB,42.0932,SH0ES,0.190441,22.8402,0.188517,10.781,0.0375,40.6393,-1.2547,-14.4937,0
04D2mj,0.51475,CMB,42.3259,SH0ES,0.402924,23.0729,0.402018,9.548,0.123,150.152,2.5771,11.8555,0
04D4in,0.51435,CMB,42.2259,SH0ES,0.196162,22.9729,0.194295,9.101,0.1015,333.786,-17.261,-4.0197,0
04D1pg,0.5138,CMB,42.2567,SH0ES,0.35966,23.0037,0.358645,9.808,0.161,36.7673,-4.1753,-13.4748,0
05D2dy,0.51175,CMB,42.3885,SH0ES,0.227281,23.1355,0.225672,7.738,0.8285,150.242,2.1831,12.1525,0
110484,0.51087,CMB,42.0583,SH0ES,0.239085,22.8053,0.237556,8.86,1.13,129.186,44.5547,-16.2585,0
180313,0.51006,CMB,42.0945,SH0ES,0.144405,22.8415,0.141859,8.8262,0.1,244.319,55.3794,-20.0876,0
090201,0.50817,CMB,42.0193,SH0ES,0.184312,22.7663,0.182324,8.684,7.083,353.328,-0.9507,-16.3584,0
05D4av,0.50737,CMB,42.2419,SH0ES,0.288822,22.9889,0.287557,10.285,0.1175,333.544,-17.9119,-3.6266,0
310091,0.50716,CMB,42.2358,SH0ES,0.180974,22.9828,0.178949,9.066,1.297,353.126,-0.1047,-16.844,0
1343759,0.50617,CMB,42.1043,SH0ES,0.151709,22.8513,0.149287,9.74,0.036,51.979,-28.5644,3.4698,0
1335472,0.50598,CMB,42.079,SH0ES,0.166703,22.826,0.164502,10.125,0.05,9.5553,-44.0495,9.4013,0
03D1au,0.50309,CMB,42.1444,SH0ES,0.228687,22.8914,0.227088,9.517,0.1105,36.0432,-4.0375,-13.8917,0
510457,0.503,CMB,42.1484,SH0ES,0.311282,22.8954,0.310109,8.9025,0.1,186.389,48.1369,-11.9863,0
030006,0.50276,CMB,42.0703,SH0ES,0.312874,22.8173,0.311707,9.524,1.084,162.525,58.7774,-19.2695,0
1337272,0.50276,CMB,42.161,SH0ES,0.218549,22.908,0.216875,8.602,0.135,34.1284,-5.6806,-13.1794,0
350374,0.5009,CMB,42.1165,SH0ES,0.283133,22.8635,0.281843,10.9632,0.1,131.336,44.239,-15.9374,0
06D2bk,0.50073,CMB,42.257,SH0ES,0.253816,23.004,0.252376,8.617,0.0855,149.679,2.172,12.2608,0
05D4af,0.49737,CMB,42.1268,SH0ES,0.225856,22.8738,0.224236,8.986,0.0885,334.138,-18.0049,-3.7348,0
04D2gc,0.52277,CMB,42.3496,SH0ES,0.273927,23.0966,0.272593,9.326,0.2025,150.414,1.8831,12.1413,0
1295921,0.52393,CMB,42.1774,SH0ES,0.369236,22.9244,0.368248,9.097,0.298,42.6149,-0.8718,-14.2458,0
1322229,0.52613,CMB,42.1702,SH0ES,0.223271,22.9172,0.221632,9.746,0.017,35.9264,-4.0189,-13.4257,0
110426,0.54089,CMB,42.2791,SH0ES,0.233447,23.0261,0.23188,11.017,0.313,130.013,44.8943,-15.5387,0
1337117,0.55389,CMB,42.0827,SH0ES,0.177409,22.8297,0.175342,8.813,0.21,10.1815,-43.6449,8.5115,0
06D2ck,0.5538,CMB,42.49,SH0ES,0.207133,23.237,0.205365,11.193,0.066,150.367,1.8636,11.5972,0
04D3hn,0.5526,CMB,42.1938,SH0ES,0.244151,22.9408,0.242653,10.79,0.022,215.529,52.2286,-14.2705,0
1339450,0.55048,CMB,42.4104,SH0ES,0.376261,23.1574,0.375291,11.044,0.093,53.621,-29.169,3.8599,0
06D4bo,0.55031,CMB,42.3728,SH0ES,0.208456,23.1198,0.2067,9.96,0.2225,333.867,-17.4092,-3.7347,0
050201,0.55011,CMB,42.3253,SH0ES,0.19588,23.0723,0.19401,10.3896,0.1,241.703,54.9809,-18.4016,0
1306980,0.54886,CMB,42.1695,SH0ES,0.378555,22.9165,0.377591,10.095,0.017,7.0361,-43.2916,8.397,0
04D4bq,0.54832,CMB,42.0235,SH0ES,0.363222,22.7705,0.362217,8.706,0.7525,333.706,-17.8276,-3.4805,0
520041,0.5454,CMB,42.5633,SH0ES,0.191404,23.3103,0.18949,10.672,0.272,184.138,45.962,-10.0344,0
1324542,0.54154,CMB,42.53,SH0ES,0.24247,23.277,0.240962,9.182,0.157,53.8952,-29.048,3.8897,0
1289656,0.53944,CMB,42.3338,SH0ES,0.244476,23.0808,0.24298,8.727,0.1705,54.3017,-27.3554,3.0122,0
050005,0.52851,CMB,42.0855,SH0ES,0.188829,22.8325,0.186889,9.633,0.557,211.812,53.9976,-15.4905,0
05D2eb,0.53578,CMB,42.2134,SH0ES,0.209507,22.9604,0.20776,8.676,0.3275,150.061,2.4074,11.5501,0
05D4be,0.53532,CMB,42.3205,SH0ES,0.204703,23.0675,0.202915,9.44,0.1355,334.222,-17.2361,-3.9797,0
05D4ek,0.53433,CMB,42.1433,SH0ES,0.225295,22.8903,0.223672,10.855,0.1075,334.115,-17.7363,-3.6787,0
06D2cc,0.53377,CMB,42.1649,SH0ES,0.273819,22.9119,0.272484,10.87,0.1085,149.862,2.4514,11.5203,0
06D2ca,0.53277,CMB,42.2472,SH0ES,0.294354,22.9942,0.293113,9.808,0.2895,149.79,2.3025,11.6088,0
1337703,0.53226,CMB,41.9821,SH0ES,0.221979,22.7291,0.220331,10.583,0.1245,54.8836,-26.7243,2.7906,0
1338471,0.53117,CMB,42.5253,SH0ES,0.38093,23.2723,0.379971,10.123,0.0905,41.2916,-1.5649,-13.9257,0
160066,0.53105,CMB,42.5109,SH0ES,0.289268,23.2579,0.288005,8.864,7.167,186.588,46.5959,-10.5749,0
330106,0.53091,CMB,41.8802,SH0ES,0.23431,22.6272,0.232749,7.0,1.0,130.009,43.7419,-15.2167,0
1322979,0.52939,CMB,42.2913,SH0ES,0.141023,23.0383,0.138414,7.861,0.355,52.0693,-28.0637,3.07,0
03D4at,0.63223,CMB,42.8493,SH0ES,0.323662,23.5963,0.322534,8.751,0.0775,333.6,-17.7767,-3.1201,0
04D1pu,0.63771,CMB,42.5298,SH0ES,0.442879,23.2768,0.442055,9.314,0.2395,36.8686,-4.7449,-11.0695,0
1306073,0.32859,CMB,41.1,SH0ES,0.144172,21.847,0.141621,10.4,0.151,36.8506,-3.7494,-19.8064,0
Vilas,0.93577,CMB,43.5331,SH0ES,0.239939,24.2801,0.238415,11.1,0.13,189.371,62.1911,-12.4372,0
Spock,0.83973,CMB,43.2012,SH0ES,0.390423,23.9482,0.389488,8.78,0.05,189.277,62.2533,-13.4829,0
Elvis,0.83973,CMB,43.36,SH0ES,0.211845,24.107,0.210118,7.0,,189.451,62.2265,-13.4728,0
03D1fq,0.79858,CMB,43.4338,SH0ES,0.288144,24.1808,0.286876,10.651,0.127,36.7319,-4.3022,-9.5211,0
04D1ks,0.79656,CMB,42.9026,SH0ES,0.372096,23.6496,0.371115,7.966,0.719,36.0396,-4.9787,-9.3244,0
1309749,0.78929,CMB,43.1995,SH0ES,0.165559,23.9465,0.163342,9.115,0.082,52.5384,-27.3174,1.9947,0
03D4fd,0.78905,CMB,43.3837,SH0ES,0.271177,24.1307,0.269829,10.005,0.2195,334.06,-17.3956,-2.8574,0
05D4cs,0.78806,CMB,43.3042,SH0ES,0.232049,24.0512,0.230473,8.98,0.6325,334.324,-17.8802,-2.6845,0
1325358,0.77931,CMB,43.0395,SH0ES,0.311092,23.7865,0.309918,8.223,0.3945,52.2841,-28.9516,2.6823,0
05D4bi,0.77308,CMB,43.3568,SH0ES,0.295081,24.1038,0.293843,9.109,0.218,333.986,-17.9861,-2.6333,0
1329196,0.76933,CMB,43.2168,SH0ES,0.162741,23.9638,0.160486,9.424,1.2185,53.0758,-28.9065,2.7927,0
04D1pc,0.7686,CMB,43.2929,SH0ES,0.311675,24.0399,0.310504,10.418,0.1795,36.6037,-4.3994,-9.7699,0
04D4id,0.76707,CMB,43.5587,SH0ES,0.25715,24.3057,0.255729,10.324,0.196,334.089,-17.229,-2.9948,0
05D3hh,0.76668,CMB,43.3623,SH0ES,0.27025,24.1093,0.268898,10.4,0.1605,214.792,52.9593,-11.3197,0
04D1de,0.7666,CMB,43.4224,SH0ES,0.250162,24.1694,0.2487,9.64,0.1665,36.6496,-4.4226,-9.7697,0
04D1qd,0.7656,CMB,43.2369,SH0ES,0.225434,23.9839,0.223812,10.496,0.0645,36.6378,-4.1072,-9.9162,0
05D1if,0.76159,CMB,43.131,SH0ES,0.239872,23.878,0.238347,7.0,5.0,36.1239,-4.5703,-9.8073,0
05D4cn,0.76108,CMB,43.1767,SH0ES,0.236628,23.9237,0.235082,10.461,0.3055,333.381,-17.2888,-2.8934,0
05D3mn,0.76069,CMB,43.0667,SH0ES,0.201161,23.8137,0.199341,10.432,0.1145,214.689,52.3231,-11.1181,0
05D2nt,0.75904,CMB,43.2469,SH0ES,0.233153,23.9939,0.231584,9.054,0.355,150.243,2.3727,8.8506,0
04D3ks,0.75068,CMB,42.9012,SH0ES,0.318716,23.6482,0.317571,8.459,0.226,215.64,52.1852,-11.2276,0
1285160,0.74932,CMB,43.1772,SH0ES,0.163225,23.9242,0.160977,7.978,0.345,52.3989,-28.6476,2.6428,0
04D4im,0.7491,CMB,42.9396,SH0ES,0.262488,23.6866,0.261096,11.199,0.1025,333.754,-17.396,-2.9305,0
04D2kr,0.74613,CMB,42.9817,SH0ES,0.25474,23.7287,0.253305,7.0,5.0,150.156,1.7119,9.2285,0
Manipogo,0.85474,CMB,43.6168,SH0ES,0.299913,24.3638,0.298695,10.3,0.03,189.145,62.2636,-13.3104,0
Ombo,0.97424,CMB,44.1111,SH0ES,0.201519,24.8581,0.199702,9.25,0.04,53.1056,-27.7508,1.9331,0
1343871,0.63787,CMB,42.8637,SH0ES,0.31082,23.6107,0.309645,8.743,0.9285,43.5025,-0.3703,-12.3025,0
SCP05D0,1.01236,CMB,44.1177,SH0ES,0.367085,24.8647,0.36609,10.0,0.1,35.4253,-3.3648,-8.4391,0
wilson,1.9116,CMB,45.4233,SH0ES,0.358642,26.1703,0.357624,10.0,0.18,34.4431,-5.2566,-5.2911,0
stone,1.80111,CMB,45.4865,SH0ES,0.281981,26.2335,0.280685,10.0,0.31,189.32,62.2782,-8.1955,0
geta,1.69702,CMB,45.2863,SH0ES,0.38048,26.0333,0.379521,10.0,99.0,322.35,0.1402,-5.0291,0
rutledge,1.61499,CMB,45.1595,SH0ES,0.333024,25.9065,0.331927,10.0,,215.2,53.0728,-6.8872,0
Primo,1.54903,CMB,45.293,SH0ES,0.233771,26.04,0.232206,9.46,0.23,53.1584,-27.7775,1.4385,0
carter,1.54295,CMB,45.0902,SH0ES,0.371014,25.8372,0.370031,10.0,0.13,150.061,2.1924,5.4869,0
SCP06K0,1.41631,CMB,44.4579,SH0ES,0.735776,25.2049,0.735281,10.0,,219.535,34.2384,-2.3837,0
Sasquatch,1.39096,CMB,44.7944,SH0ES,0.374345,25.5414,0.37337,10.9,0.07,189.225,62.1397,-9.5207,0
Mcguire,1.3561,CMB,44.8094,SH0ES,0.238282,25.5564,0.236747,10.0,99.0,53.0418,-27.8305,1.5666,0
SCP06G4,1.35134,CMB,44.5492,SH0ES,0.31846,25.2962,0.317314,7.0,0.1,217.328,34.6437,-2.4497,0
Borg,1.34093,CMB,44.7541,SH0ES,0.306395,25.5011,0.305203,9.69,0.04,189.288,62.1914,-9.7576,0
washington,1.32911,CMB,44.8745,SH0ES,0.238344,25.6215,0.23681,10.0,99.0,53.0869,-27.8282,1.5904,0
SCP05D6,1.31311,CMB,44.7867,SH0ES,0.316349,25.5337,0.315195,10.0,0.1,35.4437,-3.3823,-7.0868,0
Inanna,1.30612,CMB,45.0197,SH0ES,0.445162,25.7667,0.444343,10.0,,53.1847,-27.9184,1.6442,0
Thoth,1.30412,CMB,44.7206,SH0ES,0.316517,25.4676,0.315363,10.9,0.06,53.1033,-27.7716,1.5944,0
Aphrodite,1.29912,CMB,44.8641,SH0ES,0.275291,25.6111,0.273963,8.76,0.09,53.1563,-27.7796,1.6056,0
Lancaster,1.23589,CMB,44.905,SH0ES,0.273735,25.652,0.2724,10.7,0.03,189.236,62.2148,-10.2917,0
SCP06H5,1.23223,CMB,44.3207,SH0ES,0.610496,25.0677,0.609899,10.0,,218.626,34.4492,-2.6146,0
Gabi,1.12085,CMB,44.4405,SH0ES,0.22363,25.1875,0.221994,8.54,0.18,189.058,62.2021,-10.9769,0
SCP06U4,1.04819,CMB,44.4229,SH0ES,0.488758,25.1699,0.488011,10.0,,356.373,-36.546,2.9791,0
Strolger,1.02781,CMB,44.5364,SH0ES,0.353385,25.2834,0.352352,9.61,0.02,189.086,62.1807,-11.6431,0
Ferguson,1.02081,CMB,43.9706,SH0ES,0.47547,24.7176,0.474703,9.02,0.04,189.105,62.2566,-11.7205,0
Eagle,1.0198,CMB,44.2757,SH0ES,0.225903,25.0227,0.224284,9.77,0.04,189.337,62.2282,-11.7178,0
05D3jb,0.74566,CMB,43.1675,SH0ES,0.195179,23.9145,0.193302,10.471,0.0465,215.542,52.8781,-11.5666,0
04D3fq,0.74269,CMB,43.0825,SH0ES,0.327179,23.8295,0.326063,9.299,0.0455,214.241,52.3795,-11.327,0
04D2ja,0.74202,CMB,43.4813,SH0ES,0.32514,24.2283,0.324017,10.991,0.0945,149.702,1.7717,9.1688,0
05D3jk,0.73668,CMB,42.992,SH0ES,0.21489,23.739,0.213187,9.457,0.3105,214.198,52.5925,-11.4807,0
03D4cz,0.69316,CMB,42.9162,SH0ES,0.318024,23.6632,0.316876,10.389,0.245,334.174,-17.9263,-2.916,0
06D3em,0.69065,CMB,42.9143,SH0ES,0.425857,23.6613,0.425,9.459,0.2445,214.848,53.023,-12.2919,0
1262214,0.68937,CMB,43.0444,SH0ES,0.271991,23.7914,0.270648,8.864,0.0575,53.5027,-28.6602,2.9794,0
1262715,0.68937,CMB,42.8535,SH0ES,0.15677,23.6005,0.154427,11.052,0.3255,53.37,-28.4427,2.8583,0
05D1ke,0.68867,CMB,42.8137,SH0ES,0.226508,23.5607,0.224893,8.851,0.3325,36.6929,-4.8625,-10.3943,0
04D4ic,0.68517,CMB,43.0166,SH0ES,0.366173,23.7636,0.365177,9.325,0.155,333.591,-17.9435,-2.8509,0
06D3cc,0.68365,CMB,43.1716,SH0ES,0.407734,23.9186,0.406839,10.083,0.127,214.382,52.9125,-12.3107,0
05D2bt,0.68195,CMB,42.8376,SH0ES,0.239367,23.5846,0.23784,7.0,5.0,150.418,2.5662,9.5415,0
03D1co,0.67767,CMB,43.2251,SH0ES,0.311797,23.9721,0.310626,8.647,0.284,36.5677,-4.9351,-10.5042,0
05D3mh,0.67065,CMB,43.0677,SH0ES,0.274795,23.8147,0.273465,10.078,0.2765,214.749,52.6676,-12.4066,0
05D3hs,0.66463,CMB,42.8698,SH0ES,0.233989,23.6168,0.232426,9.004,0.13,215.307,52.9038,-12.6268,0
04D1sk,0.66207,CMB,42.9793,SH0ES,0.279772,23.7263,0.278466,10.416,0.15,36.0949,-4.3536,-11.0185,0
1334707,0.64964,CMB,42.7805,SH0ES,0.149571,23.5275,0.147114,9.267,0.2315,51.7764,-28.6278,2.8487,0
05D3kt,0.64863,CMB,42.7335,SH0ES,0.310678,23.4805,0.309502,9.138,0.1745,214.974,52.743,-12.7764,0
1338266,0.64846,CMB,43.0397,SH0ES,0.272369,23.7867,0.271027,8.965,0.3485,34.905,-5.8691,-10.6006,0
05D3lb,0.64763,CMB,42.819,SH0ES,0.288435,23.566,0.287168,8.931,0.23,214.382,53.1679,-12.9571,0
05D3ax,0.64363,CMB,42.8034,SH0ES,0.316528,23.5504,0.315374,8.442,0.39,214.823,52.6875,-12.8139,0
04D3cy,0.64364,CMB,42.7992,SH0ES,0.309841,23.5462,0.308662,9.98,0.212,214.552,52.6583,-12.7833,0
1308568,0.64305,CMB,42.3609,SH0ES,0.407842,23.1079,0.406947,8.873,0.2085,33.8732,-5.0525,-11.1669,0
05D2ec,0.6419,CMB,42.8476,SH0ES,0.256941,23.5946,0.255519,9.997,0.0565,149.859,2.0136,10.1652,0
1334879,0.63936,CMB,42.79,SH0ES,0.171844,23.537,0.16971,9.666,0.025,52.4089,-28.2164,2.7727,0
1337325,0.63866,CMB,42.7804,SH0ES,0.261646,23.5274,0.26025,7.0,2.0,35.135,-4.6525,-11.2937,0
05D4ag,0.63823,CMB,42.6594,SH0ES,0.367516,23.4064,0.366523,8.381,0.3925,333.448,-18.1653,-2.8787,0
04D4ib,0.69716,CMB,42.9692,SH0ES,0.212738,23.7162,0.211018,10.994,0.118,334.174,-18.1051,-2.8183,0
06D4ba,0.69816,CMB,42.9671,SH0ES,0.342807,23.7141,0.341743,8.544,0.424,333.899,-18.2291,-2.72,0
05D4bj,0.69916,CMB,42.9402,SH0ES,0.338462,23.6872,0.337384,9.265,0.0965,333.749,-18.1334,-2.7401,0
06D3gh,0.72067,CMB,43.0459,SH0ES,0.305174,23.7929,0.303977,9.3,0.2445,214.631,52.4429,-11.6381,0
05D2ct,0.73602,CMB,43.1675,SH0ES,0.425639,23.9145,0.424782,9.761,0.0685,150.426,2.1238,9.1907,0
05D1eo,0.73562,CMB,43.1807,SH0ES,0.25711,23.9277,0.255688,11.125,0.177,36.3464,-4.6427,-10.013,0
05D2fq,0.73501,CMB,43.2537,SH0ES,0.224615,24.0007,0.222986,10.875,0.1345,149.785,2.602,8.8986,0
04D2gp,0.734,CMB,43.22,SH0ES,0.388289,23.967,0.387349,8.834,0.23,149.835,2.5089,8.9586,0
04D1pp,0.73362,CMB,42.9845,SH0ES,0.195902,23.7315,0.194032,11.382,0.0895,36.302,-4.7016,-10.014,0
1329166,0.73163,CMB,43.1799,SH0ES,0.196424,23.9269,0.194559,9.996,0.9185,52.3035,-28.9116,2.7973,0
06D4bw,0.73012,CMB,42.9186,SH0ES,0.321961,23.6656,0.320827,9.276,0.1495,333.766,-17.8835,-2.767,0
1304127,0.72861,CMB,43.005,SH0ES,0.283498,23.752,0.282209,9.315,0.7895,35.1805,-6.9511,-9.1909,0
06D3bz,0.72767,CMB,43.008,SH0ES,0.257091,23.755,0.25567,10.293,0.062,214.292,53.0248,-11.7796,0
06D3do,0.72667,CMB,43.0811,SH0ES,0.248363,23.8281,0.246891,8.709,0.183,214.247,52.8825,-11.7255,0
05D4ev,0.72013,CMB,43.1612,SH0ES,0.243162,23.9082,0.241658,10.883,0.0615,333.377,-17.7008,-2.8268,0
05D4cq,0.69916,CMB,43.0691,SH0ES,0.215345,23.8161,0.213646,10.554,0.1595,333.54,-18.2267,-2.6674,0
04D1aj,0.71964,CMB,42.97,SH0ES,0.342226,23.717,0.34116,7.0,5.0,36.4748,-4.9946,-10.0174,0
1331993,0.71962,CMB,43.1638,SH0ES,0.204549,23.9108,0.202759,8.931,0.0265,35.9718,-4.4593,-10.3024,0
05D3jh,0.71867,CMB,42.8739,SH0ES,0.18843,23.6209,0.186486,10.815,0.1385,214.356,52.6188,-11.715,0
05D3gv,0.71565,CMB,42.9944,SH0ES,0.245932,23.7414,0.244445,10.726,0.113,215.247,53.1789,-12.0502,0
05D2le,0.70198,CMB,43.0433,SH0ES,0.252753,23.7903,0.251306,8.033,0.69,150.479,2.0929,9.5476,0
04D2iu,0.70197,CMB,42.8962,SH0ES,0.462713,23.6432,0.461925,7.0,5.0,150.305,2.415,9.3797,0
04D4hu,0.70115,CMB,43.0968,SH0ES,0.261582,23.8438,0.260185,9.475,0.222,333.901,-17.8389,-2.8928,0
04D1si,0.70064,CMB,42.917,SH0ES,0.223194,23.664,0.221555,10.638,0.127,36.2033,-4.569,-10.4416,0
05D2ck,0.69997,CMB,43.1147,SH0ES,0.29538,23.8617,0.294144,10.941,0.095,150.188,2.5729,9.3137,0
1335718,0.69933,CMB,43.1107,SH0ES,0.155898,23.8577,0.153542,8.642,0.5365,52.3094,-28.3854,2.6513,0
03D1ax,0.49572,CMB,42.0817,SH0ES,0.153945,22.8287,0.151559,11.5,0.1125,36.0972,-4.7207,-13.6507,0
1305504,0.4956,CMB,42.1453,SH0ES,0.120919,22.8923,0.117866,10.953,0.0735,36.0584,-5.1646,-13.3948,0
1343208,0.49501,CMB,42.0821,SH0ES,0.165011,22.8291,0.162788,10.385,0.031,52.8465,-28.5442,3.6797,0
1343533,0.36844,CMB,41.5479,SH0ES,0.336428,22.2949,0.335343,10.759,0.1305,7.3584,-42.2673,10.7923,0
350083,0.3678,CMB,41.2627,SH0ES,0.165575,22.0097,0.163359,9.755,0.426,130.138,44.3739,-20.9228,0
1308582,0.36705,CMB,41.2088,SH0ES,0.151911,21.9558,0.149493,10.698,0.01,37.1372,-4.3728,-17.5331,0
190209,0.36648,CMB,41.2327,SH0ES,0.155657,21.9797,0.153297,11.5,0.093,333.082,1.0359,-19.0332,0
100358,0.36613,CMB,41.136,SH0ES,0.226225,21.883,0.224608,9.553,0.972,352.444,0.5905,-22.4201,0
560121,0.36491,CMB,41.4626,SH0ES,0.291566,22.2096,0.290313,8.461,0.1,36.3388,-4.3953,-17.7473,0
1346137,0.36326,CMB,41.364,SH0ES,0.215101,22.111,0.2134,10.093,0.101,53.2592,-26.8541,3.5115,0
1294014,0.36272,CMB,41.2452,SH0ES,0.209997,21.9922,0.208254,9.451,0.622,42.8035,-0.6691,-19.3605,0
420417,0.36138,CMB,41.1159,SH0ES,0.288022,21.8629,0.286753,10.934,0.067,333.495,-0.1916,-18.4619,0
470244,0.36081,CMB,41.4328,SH0ES,0.197529,22.1798,0.195675,9.115,0.901,130.408,43.7715,-20.7789,0
160126,0.36023,CMB,41.0791,SH0ES,0.230289,21.8261,0.2287,10.914,0.088,163.283,57.2013,-24.1796,0
050293,0.36005,CMB,41.187,SH0ES,0.191161,21.934,0.189244,8.555,8.052,244.449,55.3023,-26.7242,0
1307830,0.35949,CMB,41.4213,SH0ES,0.15447,22.1683,0.152092,10.399,0.063,53.2945,-27.9578,4.4292,0
160070,0.35897,CMB,41.4429,SH0ES,0.171109,22.1899,0.168965,11.119,0.008,243.192,54.8737,-26.2898,0
1280217,0.35901,CMB,41.1532,SH0ES,0.305677,21.9002,0.304482,8.92,0.1485,40.8943,-1.5184,-19.309,0
04D2fs,0.35858,CMB,41.1484,SH0ES,0.288995,21.8954,0.287731,8.386,0.294,150.092,1.7654,16.5283,0
04D3fk,0.35833,CMB,41.2423,SH0ES,0.215992,21.9893,0.214298,10.189,0.0765,214.609,52.5285,-20.4581,0
1334423,0.35791,CMB,41.3539,SH0ES,0.215252,22.1009,0.213552,9.499,0.0825,42.2137,-0.1522,-20.1008,0
1688,0.35767,CMB,41.3574,SH0ES,0.291964,22.1044,0.290713,10.379,0.125,321.358,0.3245,-15.5707,0
05D2mp,0.35527,CMB,41.4647,SH0ES,0.223042,22.2117,0.221402,8.657,0.1825,149.786,2.204,16.245,0
160197,0.35361,CMB,41.3657,SH0ES,0.191944,22.1127,0.190035,10.158,0.073,241.617,53.8718,-25.6572,0
120400,0.35156,CMB,41.3343,SH0ES,0.138963,22.0813,0.136315,9.83,0.04,149.628,2.8718,15.8428,0
05D2hc,0.35157,CMB,41.4798,SH0ES,0.209505,22.2268,0.207758,10.977,0.092,150.019,1.886,16.7029,0
050296,0.35087,CMB,41.2532,SH0ES,0.161378,22.0002,0.159103,10.905,0.029,243.451,55.6085,-27.2996,0
04D1hd,0.36791,CMB,41.4699,SH0ES,0.158375,22.2169,0.156057,8.199,0.0905,36.5368,-4.1096,-17.8129,0
1283936,0.36862,CMB,41.463,SH0ES,0.345551,22.21,0.344494,9.65,0.0185,8.8776,-44.3713,12.4563,0
1292145,0.49246,CMB,42.2783,SH0ES,0.335403,23.0253,0.334315,9.218,0.3125,53.6305,-29.6489,4.5164,0
15704,0.36952,CMB,41.4498,SH0ES,0.244353,22.1968,0.242857,10.933,0.115,40.2107,0.6588,-20.5501,0
040150,0.38174,CMB,41.5615,SH0ES,0.198898,22.3085,0.197057,8.413,0.738,162.098,57.1482,-23.1195,0
000011,0.3816,CMB,41.6775,SH0ES,0.218983,22.4245,0.217312,11.5,0.1,149.976,2.4119,15.2154,0
1299785,0.38131,CMB,41.4549,SH0ES,0.20413,22.2019,0.202337,10.185,0.0105,53.9115,-28.3193,4.6369,0
110425,0.38083,CMB,41.4511,SH0ES,0.201434,22.1981,0.199616,9.563,0.342,132.012,44.4493,-19.918,0
500057,0.38052,CMB,41.4614,SH0ES,0.188044,22.2084,0.186096,9.102,8.025,214.473,53.8417,-20.381,0
320099,0.37989,CMB,41.4154,SH0ES,0.163795,22.1624,0.161555,10.7107,0.1,36.0675,-3.916,-17.5651,0
7779,0.37986,CMB,41.2959,SH0ES,0.219919,22.0429,0.218255,11.174,0.153,310.08,-0.0072,-10.9475,0
590031,0.37859,CMB,41.4271,SH0ES,0.182401,22.1741,0.180392,10.283,0.147,149.073,2.0023,15.3693,0
1282736,0.37798,CMB,41.3598,SH0ES,0.223183,22.1068,0.221544,10.603,0.0155,35.8093,-6.2681,-15.9435,0
1299643,0.37678,CMB,41.4155,SH0ES,0.15471,22.1625,0.152336,9.253,0.028,55.1026,-26.7221,3.7503,0
16232,0.37426,CMB,41.4722,SH0ES,0.234786,22.2192,0.233228,10.651,0.173,17.2054,-0.9896,-21.9358,0
05D4cw,0.37351,CMB,41.3114,SH0ES,0.133039,22.0584,0.13027,10.503,0.0725,333.709,-17.7388,-4.8316,0
05D4fo,0.3715,CMB,41.4289,SH0ES,0.165418,22.1759,0.1632,8.381,0.3655,333.837,-17.2681,-5.2531,0
000199,0.3716,CMB,41.3842,SH0ES,0.116639,22.1312,0.11347,10.475,0.379,151.231,2.5909,15.7583,0
1291957,0.37143,CMB,41.334,SH0ES,0.168104,22.081,0.165922,7.0,2.0,7.2,-43.5623,11.7592,0
320469,0.37087,CMB,41.4098,SH0ES,0.39052,22.1568,0.389586,11.5,0.199,34.4183,-4.8371,-17.5088,0
390471,0.37053,CMB,41.0698,SH0ES,0.135854,21.8168,0.133144,10.504,0.209,214.52,53.014,-20.2286,0
05D3jr,0.37053,CMB,41.273,SH0ES,0.282407,22.02,0.281113,8.008,0.833,214.87,52.8648,-20.1544,0
13136,0.37046,CMB,41.6395,SH0ES,0.256631,22.3865,0.255207,11.433,0.093,6.1407,-0.2791,-22.6729,0
05D4bm,0.37051,CMB,41.3833,SH0ES,0.160025,22.1303,0.157731,9.047,0.077,334.269,-17.6776,-5.0388,0
04D2cf,0.37059,CMB,41.3759,SH0ES,0.163241,22.1229,0.160993,10.809,0.1575,150.484,1.8795,16.1049,0
510578,0.37012,CMB,41.3794,SH0ES,0.188778,22.1264,0.186837,9.8142,0.1,241.233,53.9121,-24.6625,0
18091,0.36977,CMB,41.2185,SH0ES,0.255045,21.9655,0.253612,10.972,0.086,23.3675,0.5247,-22.8517,0
000196,0.35066,CMB,41.2342,SH0ES,0.163121,21.9812,0.160871,9.66,0.254,150.115,2.694,16.1341,0
1248677,0.35017,CMB,41.1867,SH0ES,0.147015,21.9337,0.144515,9.845,0.014,53.6462,-28.127,4.7492,0
20186,0.34957,CMB,41.4873,SH0ES,0.287684,22.2343,0.286414,7.0,,357.295,0.7979,-24.0098,0
440185,0.34952,CMB,41.1526,SH0ES,0.205831,21.8996,0.204053,7.0,99.0,54.3495,-28.44,5.1868,0
100206,0.21653,CMB,39.8253,SH0ES,0.141535,20.5723,0.138936,11.5,0.013,52.5182,-28.2567,6.832,0
500511,0.3349,CMB,41.0251,SH0ES,0.171864,21.7721,0.16973,9.633,0.836,184.696,47.6473,-16.3906,0
16093,0.33439,CMB,41.1204,SH0ES,0.23572,21.8674,0.234169,10.215,0.123,350.362,1.1325,-24.2804,0
1346956,0.33353,CMB,41.0366,SH0ES,0.176123,21.7836,0.174041,7.0,2.0,54.3435,-28.8264,5.7196,0
1309492,0.33353,CMB,41.0025,SH0ES,0.141896,21.7495,0.139304,9.562,0.0665,53.3008,-28.0249,4.7713,0
130862,0.3329,CMB,41.3299,SH0ES,0.201675,22.0769,0.199859,9.5892,0.1,184.002,47.9204,-16.7148,0
1306141,0.3324,CMB,40.977,SH0ES,0.159233,21.724,0.156927,9.678,0.075,54.8978,-28.9108,5.9536,0
470041,0.33179,CMB,41.0149,SH0ES,0.143999,21.7619,0.141445,11.162,0.018,131.337,44.7548,-22.7415,0
370344,0.33155,CMB,41.1012,SH0ES,0.166036,21.8482,0.163826,9.538,0.1,150.174,1.8316,17.633,0
20106,0.33137,CMB,41.2335,SH0ES,0.285481,21.9805,0.284201,10.277,0.198,346.554,0.329,-23.214,0
580235,0.33154,CMB,41.0301,SH0ES,0.218692,21.7771,0.217018,9.2832,0.1,150.235,2.5796,17.0512,0
03D1fc,0.33094,CMB,41.0098,SH0ES,0.137116,21.7568,0.134432,10.391,0.036,36.4316,-4.1441,-19.4532,0
370394,0.3308,CMB,40.996,SH0ES,0.212048,21.743,0.210322,10.291,6.456,132.379,45.0022,-22.7043,0
480184,0.3308,CMB,41.1586,SH0ES,0.239453,21.9056,0.237926,11.073,0.04,129.736,43.3139,-22.2102,0
4241,0.33052,CMB,41.1689,SH0ES,0.23109,21.9159,0.229507,9.261,0.21,12.2377,-0.9057,-24.5151,0
1338675,0.33048,CMB,41.1674,SH0ES,0.214426,21.9144,0.21272,9.507,0.017,36.7437,-4.9677,-18.7455,0
120369,0.33055,CMB,41.2306,SH0ES,0.131607,21.9776,0.128807,10.563,0.166,150.995,2.2624,17.5466,0
13830,0.32985,CMB,40.8444,SH0ES,0.209813,21.5914,0.208068,11.174,0.075,351.562,-0.3823,-23.573,0
1301933,0.3296,CMB,41.1031,SH0ES,0.114803,21.8501,0.111583,10.006,0.0995,36.6637,-4.9708,-18.7847,0
540163,0.32943,CMB,41.2391,SH0ES,0.162498,21.9861,0.16024,10.359,0.374,36.0723,-3.3093,-20.2573,0
13934,0.32931,CMB,41.4109,SH0ES,0.310571,22.1579,0.309396,10.791,0.119,342.111,-0.4353,-21.8579,0
1316465,0.3291,CMB,41.0566,SH0ES,0.165152,21.8036,0.16293,9.316,0.0565,52.7975,-27.9593,4.6372,0
6924,0.3286,CMB,40.9276,SH0ES,0.222195,21.6746,0.220549,7.0,,358.969,0.877,-25.5238,0
1314897,0.33663,CMB,41.0367,SH0ES,0.18424,21.7837,0.182251,11.148,0.0,36.6066,-4.1552,-19.1161,0
470015,0.33752,CMB,41.1678,SH0ES,0.278653,21.9148,0.277342,11.5,0.064,54.1486,-28.6251,5.4459,0
040782,0.33739,CMB,41.0098,SH0ES,0.23724,21.7568,0.235699,10.152,0.358,242.077,54.9081,-27.4723,0
470110,0.34547,CMB,41.2033,SH0ES,0.23021,21.9503,0.228622,10.57,0.018,52.0706,-28.6233,4.8209,0
05D2ie,0.34956,CMB,41.3756,SH0ES,0.171432,22.1226,0.169292,9.287,0.0525,150.262,2.6581,16.2452,0
04D2mc,0.34957,CMB,41.005,SH0ES,0.226318,21.752,0.224702,10.96,0.118,150.148,1.7842,16.8833,0
380279,0.34946,CMB,41.2033,SH0ES,0.168604,21.9503,0.166428,10.971,0.026,149.827,2.9349,15.9341,0
070955,0.3492,CMB,41.1406,SH0ES,0.157954,21.8876,0.155629,9.513,0.464,241.475,55.1978,-26.7751,0
1258906,0.34918,CMB,41.282,SH0ES,0.206036,22.029,0.204259,9.195,0.017,10.262,-44.3941,13.0328,0
160198,0.34899,CMB,41.2499,SH0ES,0.158604,21.9969,0.156289,9.881,0.717,242.905,53.9703,-26.2462,0
330089,0.34872,CMB,41.3721,SH0ES,0.218415,22.1191,0.21674,9.651,0.264,36.1903,-4.8221,-18.1298,0
050301,0.34704,CMB,41.1174,SH0ES,0.244272,21.8644,0.242775,10.5212,0.1,244.724,55.7829,-27.9114,0
310090,0.34686,CMB,41.4163,SH0ES,0.370346,22.1633,0.36936,11.5,0.017,351.308,-0.6051,-22.3822,0
03D1bp,0.34594,CMB,41.3318,SH0ES,0.136683,22.0788,0.13399,10.821,0.1235,36.6572,-4.8388,-18.1542,0
1329312,0.34479,CMB,41.2333,SH0ES,0.171671,21.9803,0.169534,11.115,0.0305,36.2633,-5.5418,-17.7164,0
04D3kr,0.33753,CMB,41.1477,SH0ES,0.176101,21.8947,0.174019,9.287,0.0665,214.15,52.4789,-21.4147,0
350606,0.3445,CMB,41.2914,SH0ES,0.299203,22.0384,0.297982,10.6991,0.1,54.2033,-26.7605,3.8351,0
1346387,0.34448,CMB,41.3081,SH0ES,0.152468,22.0551,0.150058,10.812,0.0525,52.695,-28.6493,5.0032,0
1336009,0.34176,CMB,41.2122,SH0ES,0.321008,21.9592,0.319871,9.634,0.081,8.9162,-44.8937,13.6972,0
2533,0.34101,CMB,41.0641,SH0ES,0.255103,21.8111,0.25367,9.755,0.188,31.2207,-0.3265,-22.8416,0
320258,0.3409,CMB,41.0587,SH0ES,0.1943,21.8057,0.192415,10.956,0.045,34.748,-4.8807,-18.6863,0
04D3nh,0.34051,CMB,41.1737,SH0ES,0.192422,21.9207,0.190519,9.356,0.0205,215.611,52.3334,-21.3099,0
1343337,0.339,CMB,41.0555,SH0ES,0.356511,21.8025,0.355487,9.832,0.0825,54.5592,-28.7099,5.6006,0
580276,0.33851,CMB,41.1131,SH0ES,0.200412,21.8601,0.198585,10.421,0.108,53.5214,-28.8077,5.421,0
380318,0.33825,CMB,41.145,SH0ES,0.211242,21.892,0.20951,11.443,0.016,150.413,3.2498,16.289,0
1300912,0.3378,CMB,41.1537,SH0ES,0.233862,21.9007,0.232298,9.744,0.0145,52.0379,-27.5329,3.9852,0
580275,0.3825,CMB,41.3726,SH0ES,0.265174,22.1196,0.263796,11.33,0.127,54.1391,-28.6139,4.8943,0
1343401,0.38284,CMB,41.3678,SH0ES,0.206585,22.1148,0.204813,10.74,0.073,34.5721,-5.6549,-16.4318,0
1281886,0.38394,CMB,41.5182,SH0ES,0.20184,22.2652,0.200026,9.727,0.1685,41.7252,-1.0099,-18.4519,0
100101,0.42967,CMB,41.9219,SH0ES,0.19807,22.6689,0.196222,11.5,0.16,132.141,43.9852,-17.7323,0
04D3gt,0.45155,CMB,41.7162,SH0ES,0.305385,22.4632,0.304189,11.34,0.0945,215.636,52.6469,-17.0711,0
120094,0.45169,CMB,41.9923,SH0ES,0.154715,22.7393,0.152341,11.5,7.62,150.526,2.0878,13.5622,0
04D2gb,0.45169,CMB,41.5892,SH0ES,0.225346,22.3362,0.223723,10.246,0.09,150.594,1.8942,13.6972,0
520016,0.451,CMB,41.9281,SH0ES,0.213431,22.6751,0.211716,10.011,0.385,185.338,46.9708,-12.3378,0
050580,0.4506,CMB,41.6446,SH0ES,0.157686,22.3916,0.155357,10.422,0.14,212.991,52.0718,-16.5137,0
1320166,0.44896,CMB,41.9875,SH0ES,0.215648,22.7345,0.213951,7.0,2.0,9.3464,-43.8719,10.2428,0
1328066,0.4489,CMB,41.8853,SH0ES,0.221814,22.6323,0.220164,9.902,0.0275,7.3173,-42.0522,9.0248,0
040137,0.44756,CMB,41.8552,SH0ES,0.223954,22.6022,0.222321,8.743,0.953,214.46,52.801,-17.1789,0
1291080,0.44384,CMB,41.8069,SH0ES,0.290347,22.5539,0.289089,8.582,0.172,35.6846,-6.0636,-14.1164,0
06D2gb,0.44368,CMB,41.793,SH0ES,0.182219,22.54,0.180208,10.905,0.1245,150.198,1.9854,13.7614,0
06D3df,0.44254,CMB,41.9039,SH0ES,0.139699,22.6509,0.137065,10.46,0.032,215.572,52.9577,-17.5421,0
1295256,0.44246,CMB,41.8523,SH0ES,0.172891,22.5993,0.17077,8.803,0.3025,53.7194,-27.8328,3.7359,0
1328105,0.44154,CMB,41.6823,SH0ES,0.183572,22.4293,0.181576,11.204,0.0815,8.1871,-43.5769,10.1861,0
510266,0.44059,CMB,41.6364,SH0ES,0.160177,22.3834,0.157885,11.5,0.111,214.033,51.7321,-16.6931,0
040166,0.44004,CMB,42.1401,SH0ES,0.441915,22.8871,0.44109,8.798,1.167,214.12,54.0536,-18.1848,0
050607,0.43926,CMB,41.8262,SH0ES,0.202784,22.5732,0.200978,9.458,0.394,213.514,53.3622,-17.722,0
560027,0.43883,CMB,41.6682,SH0ES,0.279961,22.4152,0.278656,11.5,0.1,35.8506,-3.0839,-16.1653,0
1310338,0.43883,CMB,41.4679,SH0ES,0.211194,22.2149,0.209461,7.0,2.0,35.042,-6.3767,-14.1438,0
1333246,0.43774,CMB,41.882,SH0ES,0.356877,22.629,0.355854,10.905,0.03,41.384,-0.0616,-17.2231,0
1336008,0.43765,CMB,41.6253,SH0ES,0.16614,22.3723,0.163932,9.833,0.0105,10.3212,-43.8862,10.4642,0
000142,0.43673,CMB,42.0051,SH0ES,0.1818,22.7521,0.179784,11.5,0.051,162.309,58.4672,-21.4403,0
06D4co,0.43544,CMB,41.5839,SH0ES,0.13365,22.3309,0.130894,10.627,0.1515,333.861,-17.8692,-4.2012,0
04D1rh,0.43487,CMB,41.7828,SH0ES,0.183674,22.5298,0.181679,9.888,0.132,36.9464,-4.2538,-15.3671,0
1290127,0.45223,CMB,41.9959,SH0ES,0.320076,22.7429,0.318935,2.0,2.0,6.6908,-43.434,9.914,0
1253101,0.45333,CMB,41.7953,SH0ES,0.207786,22.5423,0.206024,8.526,0.194,7.4651,-43.1378,9.6902,0
1253039,0.45347,CMB,41.8863,SH0ES,0.14411,22.6333,0.141558,10.795,0.1395,54.4186,-27.5274,3.6033,0
370367,0.4717,CMB,41.9798,SH0ES,0.210913,22.7268,0.209178,9.631,0.1,149.222,1.9779,12.879,0
05D1ix,0.48881,CMB,42.0842,SH0ES,0.199732,22.8312,0.197899,7.466,0.7095,36.0832,-4.67,-13.8353,0
120044,0.48171,CMB,42.3055,SH0ES,0.210887,23.0525,0.209151,8.7828,0.1,148.792,1.7302,12.7201,0
05D2ac,0.48071,CMB,41.9748,SH0ES,0.139221,22.7218,0.136578,11.153,0.0585,149.747,2.4895,12.4914,0
05D3dd,0.48056,CMB,42.0041,SH0ES,0.160362,22.7511,0.158073,11.222,0.097,215.627,52.6068,-16.1868,0
560054,0.4798,CMB,41.8956,SH0ES,0.237796,22.6426,0.236258,10.84,0.03,353.296,-0.3364,-17.5064,0
1306537,0.47948,CMB,42.0107,SH0ES,0.198987,22.7577,0.197147,9.666,0.2915,55.041,-27.5592,3.5873,0
310146,0.47943,CMB,41.8695,SH0ES,0.203883,22.6165,0.202088,9.3245,0.1,52.4866,-28.7419,3.8301,0
370329,0.47793,CMB,42.2269,SH0ES,0.228278,22.9739,0.226675,9.642,0.091,151.309,1.7007,13.352,0
05D2bv,0.47572,CMB,41.938,SH0ES,0.177112,22.685,0.175042,8.838,0.111,150.571,2.2406,12.9185,0
1316437,0.47196,CMB,42.0374,SH0ES,0.25691,22.7844,0.255487,9.413,0.112,42.5626,-0.745,-15.594,0
05D3mx,0.47057,CMB,42.0135,SH0ES,0.180637,22.7605,0.178608,10.788,0.066,215.538,52.2192,-16.2357,0
1334302,0.45463,CMB,41.7873,SH0ES,0.209236,22.5343,0.207487,10.519,0.033,7.3673,-43.3882,9.8291,0
04D4ju,0.47039,CMB,42.2151,SH0ES,0.404516,22.9621,0.403614,9.239,0.177,334.261,-17.3328,-4.362,0
1339149,0.4688,CMB,41.7631,SH0ES,0.234035,22.5101,0.232472,9.94,0.002,35.555,-5.8717,-13.6455,0
04D4jr,0.4684,CMB,41.9733,SH0ES,0.206146,22.7203,0.20437,8.024,0.6755,333.56,-17.3502,-4.2357,0
000215,0.4666,CMB,42.048,SH0ES,0.135922,22.795,0.133213,8.707,8.177,150.81,3.1442,12.6398,0
03D4au,0.46641,CMB,42.3424,SH0ES,0.396492,23.0894,0.395571,9.464,0.1065,334.041,-18.0776,-3.8702,0
05D3lc,0.46156,CMB,41.9839,SH0ES,0.138441,22.7309,0.135783,10.777,0.054,215.596,52.4789,-16.6572,0
510597,0.46098,CMB,42.0162,SH0ES,0.230251,22.7632,0.228663,9.9066,0.1,185.821,47.8228,-12.673,0
380199,0.46055,CMB,42.0021,SH0ES,0.190943,22.7491,0.189025,10.683,0.434,215.233,53.0089,-16.984,0
1345582,0.45878,CMB,41.9679,SH0ES,0.252185,22.7149,0.250735,9.914,0.43,33.7065,-4.6747,-14.8792,0
1306360,0.45478,CMB,41.8839,SH0ES,0.284149,22.631,0.282863,10.646,0.274,53.6767,-26.487,2.7631,0
080723,0.43013,CMB,41.8354,SH0ES,0.165783,22.5824,0.163569,9.753,0.323,34.9864,-3.9606,-15.9915,0
1306029,0.42895,CMB,41.8266,SH0ES,0.250757,22.5736,0.249299,7.0,2.0,40.8416,-1.9578,-16.3933,0
360139,0.38594,CMB,41.5217,SH0ES,0.152114,22.2687,0.149698,11.022,0.286,185.739,47.5675,-14.4648,0
440236,0.42888,CMB,41.6443,SH0ES,0.193398,22.3913,0.191504,11.413,0.184,37.1019,-4.4246,-15.4038,0
1307277,0.41114,CMB,41.662,SH0ES,0.318089,22.409,0.316941,10.612,0.013,41.7388,-0.2355,-17.9482,0
020090,0.40995,CMB,41.6836,SH0ES,0.279968,22.4306,0.278663,11.32,0.273,212.879,53.5796,-18.8531,0
06D4cq,0.40947,CMB,41.6784,SH0ES,0.172193,22.4254,0.170063,9.107,0.088,334.231,-17.712,-4.6097,0
450339,0.40927,CMB,41.7061,SH0ES,0.274957,22.4531,0.273629,10.546,0.197,36.2874,-3.3534,-16.8624,0
1306390,0.40911,CMB,41.7405,SH0ES,0.363654,22.4875,0.36265,10.29,0.073,43.3164,-0.0301,-17.8427,0
1341370,0.409,CMB,41.7002,SH0ES,0.240024,22.4472,0.2385,8.648,0.0555,8.9639,-44.6767,11.6538,0
1308314,0.40648,CMB,41.6914,SH0ES,0.168815,22.4384,0.166642,7.522,0.1385,53.4156,-28.9407,4.7308,0
05D4dt,0.40547,CMB,41.7807,SH0ES,0.135518,22.5277,0.132801,10.429,0.115,333.608,-17.6711,-4.5444,0
350050,0.40472,CMB,41.3373,SH0ES,0.202033,22.0843,0.200221,10.504,0.336,161.08,58.0762,-22.7096,0
06D3ed,0.40454,CMB,41.6747,SH0ES,0.166047,22.4217,0.163837,9.512,0.205,214.699,52.7566,-18.6561,0
1329615,0.40361,CMB,41.616,SH0ES,0.213828,22.363,0.212116,10.908,0.0845,35.4427,-5.6398,-15.6076,0
580312,0.40286,CMB,41.5478,SH0ES,0.290402,22.2948,0.289144,10.527,0.1,35.2534,-4.8171,-16.2303,0
110734,0.40212,CMB,41.4795,SH0ES,0.199524,22.2265,0.197688,11.404,0.019,131.069,45.3442,-19.8015,0
05D4ff,0.40048,CMB,41.4918,SH0ES,0.158339,22.2388,0.15602,10.543,0.1785,334.084,-18.0426,-4.4182,0
1333438,0.39946,CMB,41.7119,SH0ES,0.28782,22.4589,0.286551,10.682,0.085,52.3525,-28.9967,4.6053,0
1296273,0.39698,CMB,41.259,SH0ES,0.168535,22.006,0.166358,8.564,0.44,41.0798,-0.4504,-18.4469,0
1291794,0.39512,CMB,41.4677,SH0ES,0.203648,22.2147,0.20185,10.935,0.035,55.1693,-28.7119,5.079,0
120086,0.39262,CMB,41.4742,SH0ES,0.237288,22.2212,0.235747,11.029,0.22,150.789,2.1434,15.2528,0
1290779,0.38951,CMB,41.544,SH0ES,0.192176,22.291,0.190269,7.0,2.0,54.7233,-27.9051,4.4344,0
420352,0.38886,CMB,41.383,SH0ES,0.199578,22.13,0.197743,9.185,1.037,35.1822,-3.9625,-17.3298,0
050251,0.38772,CMB,41.6302,SH0ES,0.283892,22.3772,0.282606,11.401,0.015,214.327,53.9783,-20.1373,0
550218,0.38735,CMB,41.5567,SH0ES,0.273474,22.3037,0.272138,9.1626,0.1,332.927,0.9013,-18.0615,0
1338170,0.38677,CMB,41.3791,SH0ES,0.270807,22.1261,0.269458,9.889,0.038,6.6699,-42.9641,10.9184,0
530251,0.41131,CMB,41.8335,SH0ES,0.242677,22.5805,0.241171,9.3809,0.1,334.634,1.1149,-17.7142,0
520071,0.41152,CMB,41.8131,SH0ES,0.149106,22.5601,0.146641,10.641,0.319,215.504,53.6193,-19.0392,0
1315296,0.41258,CMB,41.7893,SH0ES,0.330128,22.5363,0.329022,9.821,0.065,40.3016,-0.7644,-17.8003,0
1345594,0.42242,CMB,41.6796,SH0ES,0.275449,22.4266,0.274122,11.19,0.154,33.8987,-5.5998,-15.2855,0
05D2cb,0.42865,CMB,41.8825,SH0ES,0.403543,22.6295,0.402639,9.534,0.078,149.852,2.3282,13.848,0
110719,0.42784,CMB,42.2757,SH0ES,0.23861,23.0227,0.237078,11.348,0.343,129.923,43.9644,-18.2717,0
110542,0.42694,CMB,41.8348,SH0ES,0.198324,22.5818,0.196477,10.595,0.247,131.82,45.2976,-18.6692,0
050003,0.42689,CMB,41.813,SH0ES,0.229539,22.56,0.227945,8.371,1.435,242.219,55.0048,-22.6864,0
1258940,0.42594,CMB,41.7517,SH0ES,0.175449,22.4987,0.173359,11.223,0.146,42.7148,-0.5251,-17.071,0
1295027,0.42562,CMB,41.7039,SH0ES,0.195468,22.4509,0.193594,10.091,0.0245,35.4327,-6.9406,-14.06,0
1312274,0.42451,CMB,41.7483,SH0ES,0.195831,22.4953,0.193961,10.494,0.1565,42.611,-0.3617,-17.2348,0
1302523,0.42392,CMB,41.7264,SH0ES,0.13417,22.4734,0.131426,10.498,0.0245,36.3176,-4.6598,-15.5093,0
160200,0.42349,CMB,41.8403,SH0ES,0.400817,22.5873,0.399906,10.867,0.145,242.608,54.1496,-22.43,0
490037,0.42355,CMB,41.5955,SH0ES,0.186465,22.3425,0.1845,11.417,0.238,149.957,0.8166,14.999,0
04D4gg,0.42245,CMB,41.6483,SH0ES,0.231707,22.3953,0.230128,10.057,0.3455,334.039,-17.2944,-4.7472,0
04D2fp,0.41664,CMB,41.7295,SH0ES,0.149208,22.4765,0.146745,10.235,0.2175,149.867,2.321,14.1928,0
1306991,0.42199,CMB,41.5336,SH0ES,0.270821,22.2806,0.269472,10.919,0.0015,8.4681,-42.0948,9.5037,0
110430,0.42085,CMB,41.728,SH0ES,0.250117,22.475,0.248656,9.14,0.492,132.249,44.8657,-18.5355,0
1306626,0.4209,CMB,41.6178,SH0ES,0.17643,22.3648,0.174351,9.031,0.0555,54.8773,-27.239,3.7317,0
550202,0.42027,CMB,41.8343,SH0ES,0.344188,22.5813,0.343127,9.751,0.1,351.8,-0.7829,-19.0342,0
1340454,0.41997,CMB,41.4394,SH0ES,0.294415,22.1864,0.293175,9.909,0.019,54.7539,-27.8432,4.133,0
05D3cf,0.41956,CMB,41.7981,SH0ES,0.235757,22.5451,0.234205,9.609,0.138,214.223,52.3451,-17.8067,0
1289600,0.41962,CMB,41.8662,SH0ES,0.224621,22.6132,0.222992,9.712,0.051,52.0477,-27.8629,3.563,0
550137,0.41931,CMB,41.4604,SH0ES,0.22264,22.2074,0.220996,10.086,0.1,334.754,0.0297,-16.7532,0
440162,0.41927,CMB,41.6863,SH0ES,0.192599,22.4333,0.190697,11.5,0.008,353.266,-0.9127,-19.1608,0
05D2dw,0.41864,CMB,41.6174,SH0ES,0.202099,22.3644,0.200288,8.815,0.196,149.634,2.0322,14.2622,0
17435,0.21674,CMB,40.0672,SH0ES,0.190384,20.8142,0.188459,8.818,0.182,20.3446,-0.0148,-35.4351,0
19174,0.16357,CMB,39.2807,SH0ES,0.200998,20.0277,0.199176,11.02,0.054,25.6597,1.0304,-45.2283,0
1316,0.21566,CMB,40.2253,SH0ES,0.258716,20.9723,0.257304,9.835,0.104,334.864,0.4945,-29.7144,0
1992bc,0.01976,CMB,34.5121,SH0ES,0.199486,15.2591,0.197651,9.61338,0.28089,46.3169,-39.5596,-87.8991,0
2008L,0.01734,CMB,34.2464,SH0ES,0.213428,14.9934,0.211714,10.7703,0.446,49.3194,41.3827,-129.753,0
2013gs,0.01748,CMB,34.2221,SH0ES,0.320412,14.9691,0.319272,9.13025,0.025,142.787,46.3848,-82.5995,0
1998V,0.01718,CMB,34.1465,SH0ES,0.231417,14.8935,0.229836,10.5657,3.01,275.656,15.7021,-102.505,0
2006ax,0.01774,CMB,34.3133,SH0ES,0.19782,15.0603,0.195968,10.997,0.02,171.014,-12.2914,81.232,0
2004fz,0.01646,CMB,33.7799,SH0ES,0.330633,14.5269,0.329528,7.0,,30.2767,31.8789,-287.203,0
2008C,0.01709,CMB,34.2669,SH0ES,0.262425,15.0139,0.261032,10.0322,3.158,104.298,20.4371,-83.4081,0
2006ef,0.01694,CMB,34.361,SH0ES,0.220285,15.108,0.218624,7.8489,,31.0813,-8.7284,-118.11,0
2007fb,0.0168,CMB,34.5101,SH0ES,0.231239,15.2571,0.229657,9.6287,3.866,359.218,5.5088,-156.633,0
2000dk,0.01649,CMB,34.1517,SH0ES,0.257136,14.8987,0.255715,10.0012,0.37417,16.848,32.4064,-240.34,0
ASASSN-15kx,0.01697,CMB,34.6084,SH0ES,0.219814,15.3554,0.21815,10.5578,0.028,334.049,37.4738,-70.1331,0
2001da,0.01658,CMB,34.2003,SH0ES,0.325329,14.9473,0.324206,10.1168,0.042,358.387,8.1174,-175.6,0
1997Y,0.01661,CMB,34.1973,SH0ES,0.214463,14.9443,0.212756,10.0796,0.12,191.381,54.7381,-127.659,0
1996bv,0.01673,CMB,34.0755,SH0ES,0.297815,14.8225,0.296588,10.0622,4.0,94.0542,57.0525,-79.1319,0
2009le,0.01739,CMB,34.2939,SH0ES,0.246602,15.0409,0.245119,10.7233,0.17,32.3214,-23.4124,-131.59,0
2000dr,0.01765,CMB,34.2975,SH0ES,0.318912,15.0445,0.317767,7.0,,15.4335,-15.5692,-72.5296,0
2011fs,0.01822,CMB,34.5466,SH0ES,0.215514,15.2936,0.213816,10.877,,334.331,35.5806,-157.597,0
2016W,0.01855,CMB,34.3648,SH0ES,0.295725,15.1118,0.29449,8.45606,0.002,37.6655,42.236,-411.415,0
2007au,0.01992,CMB,34.6865,SH0ES,0.406241,15.4335,0.405343,9.23827,,107.942,49.8537,48.0651,0
2008hs,0.01835,CMB,34.7394,SH0ES,0.433516,15.4863,0.432674,11.0508,3.101,36.3734,41.8431,-411.415,0
2006kf,0.01955,CMB,34.8085,SH0ES,0.195531,15.5555,0.193658,11.0165,0.449,55.4603,8.1569,23.4756,0
ASASSN-16cs,0.01839,CMB,34.4286,SH0ES,0.281407,15.1756,0.280109,9.10557,0.002,102.653,31.1124,-194.645,0
2000cu,0.01902,CMB,34.6066,SH0ES,0.277471,15.3536,0.276155,7.0,,291.087,-25.9846,105.612,0
2007as,0.01791,CMB,34.2661,SH0ES,0.234211,15.0131,0.232649,10.2193,10.0,141.9,-80.1776,-31.2987,0
ATLAS16cpu,0.01851,CMB,34.5716,SH0ES,0.239989,15.3186,0.238466,10.0079,0.012,227.956,46.251,-41.1108,0
2016ffh,0.01851,CMB,34.6171,SH0ES,0.238984,15.3641,0.237454,10.1899,0.002,227.956,46.251,-41.1108,0
2009gf,0.01925,CMB,34.576,SH0ES,0.296243,15.323,0.29501,10.9824,0.007,213.905,14.2802,205.329,0
PS15coh,0.01796,CMB,34.4393,SH0ES,0.226901,15.1863,0.225289,8.09212,0.002,33.9935,12.2372,-126.669,0
ASASSN-17co,0.01791,CMB,34.2005,SH0ES,0.280568,14.9475,0.279266,10.9028,0.001,272.336,18.2983,-102.666,0
2010ai,0.01918,CMB,34.9792,SH0ES,0.21848,15.7262,0.216805,9.114,0.448,194.85,27.9964,270.964,0
1992bo,0.01805,CMB,34.6078,SH0ES,0.20147,15.3548,0.199653,10.4023,0.28089,20.4925,-34.212,-8.5279,0
ASASSN-15od,0.01678,CMB,34.3409,SH0ES,0.228387,15.0879,0.226785,9.51783,0.001,35.8049,-4.5172,-57.138,0
ASASSN-15ti,0.01671,CMB,34.4894,SH0ES,0.310314,15.2364,0.309138,8.44463,0.001,46.2858,37.9,-61.2857,0
1998ef,0.0161,CMB,33.8975,SH0ES,0.264562,14.6445,0.26318,10.3088,0.15,15.862,32.2368,-236.776,0
1999ej,0.01534,CMB,34.2581,SH0ES,0.272528,15.0051,0.271187,10.0866,,20.7391,33.4661,-45.8971,0
2008eo,0.01539,CMB,34.3317,SH0ES,0.278713,15.0787,0.277402,9.01416,0.009,10.4668,32.9903,-78.2972,0
2008ec,0.01506,CMB,34.1302,SH0ES,0.33431,14.8772,0.333218,10.6407,0.001,345.819,8.8722,-166.157,0
2001V,0.01592,CMB,33.8072,SH0ES,0.290395,14.5542,0.289137,10.9081,3.854,179.354,25.2025,102.366,0
2001en,0.01534,CMB,33.8852,SH0ES,0.313932,14.6322,0.312769,9.47732,0.078,21.3454,34.0251,-45.8971,0
2011im,0.01493,CMB,34.2732,SH0ES,0.34036,15.0202,0.339288,10.5259,0.001,341.105,-0.1672,-164.78,0
2005al,0.01629,CMB,33.9986,SH0ES,0.219937,14.7456,0.218273,10.2599,0.01,207.501,-30.5762,148.664,0
2008bc,0.01572,CMB,34.0331,SH0ES,0.226465,14.7801,0.22485,9.92086,10.0,144.63,-63.9738,78.504,0
iPTF16auf,0.01566,CMB,34.0744,SH0ES,0.314862,14.8214,0.313702,9.05163,0.017,217.788,27.236,68.1596,0
ATLAS16cxr,0.01518,CMB,34.3426,SH0ES,0.372888,15.0896,0.371909,7.98113,0.002,272.027,25.4088,-72.364,0
ASASSN-16ad,0.01522,CMB,34.0334,SH0ES,0.344305,14.7804,0.343245,8.61292,0.002,24.8836,33.8268,-21.2326,0
SN2017jl,0.01529,CMB,33.7706,SH0ES,0.30219,14.5176,0.300982,8.7366,0.008,14.3829,30.1852,11.8215,0
2005de,0.01495,CMB,34.1793,SH0ES,0.26677,14.9263,0.2654,7.0,,270.597,26.0521,-72.364,0
2001cn,0.01509,CMB,33.8877,SH0ES,0.294985,14.6347,0.293747,10.0603,0.28089,281.574,-65.7616,-20.0052,0
2005el,0.01483,CMB,33.9261,SH0ES,0.231708,14.6731,0.23013,8.06485,2.674,77.953,5.1943,-46.3298,0
2009nq,0.01527,CMB,34.1657,SH0ES,0.28688,14.9127,0.285607,10.1323,0.513,348.821,19.0229,-146.875,0
2013hn,0.01629,CMB,34.0697,SH0ES,0.290382,14.8167,0.289124,11.5,0.038,207.247,-30.2907,148.664,0
2013fw,0.0157,CMB,34.1608,SH0ES,0.218117,14.9078,0.216439,9.7636,,318.437,13.576,-253.348,0
PSNJ0107203,0.01601,CMB,33.9673,SH0ES,0.284408,14.7143,0.283124,11.0223,0.001,16.8346,32.3997,-240.34,0
2007A,0.01646,CMB,34.5341,SH0ES,0.341619,15.2811,0.340551,10.123,0.151,6.3194,12.8868,-104.478,1
ASASSN-16ip,0.01632,CMB,34.1679,SH0ES,0.246475,14.9149,0.244992,9.75333,0.006,36.8407,-23.9287,-135.07,0
SN2016gfr,0.0163,CMB,33.8985,SH0ES,0.245383,14.6455,0.243894,9.56317,0.006,274.898,23.7862,-122.825,0
2007fs,0.01633,CMB,34.3408,SH0ES,0.198023,15.0878,0.196174,10.4452,,330.418,-21.5082,-98.053,0
iPTF13dge,0.01581,CMB,34.2793,SH0ES,0.261916,15.0263,0.260521,10.6697,0.001,75.8962,1.5715,-237.139,0
2013Q,0.01612,CMB,33.9726,SH0ES,0.41528,14.7196,0.414401,7.0,0.008,356.783,29.4865,-131.672,0
2010kg,0.01595,CMB,33.9999,SH0ES,0.334729,14.7469,0.333638,10.2421,0.006,70.035,7.35,-167.485,0
2001bf,0.01556,CMB,33.9926,SH0ES,0.239289,14.7396,0.237761,10.1288,,270.392,26.2506,-72.364,0
2007ss,0.01619,CMB,34.4137,SH0ES,0.34637,15.1607,0.345316,10.31,0.074,190.275,50.3913,-97.1613,0
iPTF14bdn,0.01636,CMB,34.1062,SH0ES,0.281582,14.8532,0.280284,7.76651,0.036,202.687,32.7618,96.3614,0
2002cs,0.01538,CMB,34.0329,SH0ES,0.272511,14.7799,0.27117,7.0,,281.75,45.7055,-154.799,0
1999aa,0.01579,CMB,34.1323,SH0ES,0.209471,14.8793,0.207724,10.8086,0.04,126.925,21.4874,-33.5706,0
1994S,0.01619,CMB,34.0287,SH0ES,0.224824,14.7757,0.223197,10.2053,0.21,187.841,29.1344,92.3246,0
ASASSN-15oh,0.01579,CMB,34.3916,SH0ES,0.270341,15.1386,0.26899,10.1993,0.006,337.675,39.2932,-24.6285,0
2002kf,0.01948,CMB,34.6854,SH0ES,0.204275,15.4324,0.202483,9.26363,4.611,99.3138,49.8528,-156.974,0
2009ds,0.02033,CMB,34.5072,SH0ES,0.233893,15.2542,0.232329,10.9264,0.49,177.267,-9.7291,40.336,0
2011df,0.01402,CMB,33.8524,SH0ES,0.277558,14.5994,0.276241,9.78368,,291.89,54.3865,-268.951,0
2009jb,0.02324,CMB,34.7666,SH0ES,0.340338,15.5136,0.339266,7.79338,0.03,260.925,30.4973,51.6176,0
2017hoq,0.0235,CMB,34.985,SH0ES,0.19074,15.732,0.188819,7.0,,79.8345,-17.6116,137.154,0
2000cn,0.0226,CMB,34.9712,SH0ES,0.237284,15.7182,0.235743,10.7339,0.28089,269.418,27.8328,-112.159,0
ASASSN-15il,0.02374,CMB,34.8584,SH0ES,0.20127,15.6054,0.19945,9.87434,0.002,239.284,-12.6733,232.326,0
2010cr,0.02368,CMB,35.2685,SH0ES,0.304874,16.0155,0.303676,10.1282,0.002,202.354,11.7962,212.718,0
2002ef,0.02224,CMB,34.6849,SH0ES,0.358325,15.4319,0.357306,7.0,,357.873,-13.3796,-142.234,0
2006bq,0.02226,CMB,34.8693,SH0ES,0.2033,15.6163,0.201499,11.2189,0.415,279.995,39.9824,-131.5,0
AT2017cfb,0.02382,CMB,34.8438,SH0ES,0.220547,15.5908,0.218888,8.97146,0.013,208.528,9.4128,339.032,0
ASASSN-17aj,0.02253,CMB,34.7306,SH0ES,0.243141,15.4776,0.241638,7.0,0.014,173.294,-10.2218,-6.6903,0
ASASSN-16bn,0.02253,CMB,35.0392,SH0ES,0.214526,15.7862,0.21282,7.0,,47.6437,4.2697,35.5736,0
2000fa,0.02181,CMB,34.7997,SH0ES,0.25527,15.5467,0.253838,8.26184,4.0,108.874,23.4284,-173.537,0
2006cp,0.02334,CMB,34.8603,SH0ES,0.24312,15.6073,0.241616,8.32354,,184.812,22.4273,277.725,0
2002cu,0.02217,CMB,34.7814,SH0ES,0.224663,15.5284,0.223034,7.0,,272.71,31.109,-55.5213,0
2004bg,0.02214,CMB,34.8704,SH0ES,0.204479,15.6174,0.202689,8.84045,0.138,170.256,21.3398,-56.8675,0
2008ia,0.02257,CMB,34.9245,SH0ES,0.169837,15.6715,0.167677,10.7732,10.0,132.647,-61.2779,76.4961,0
2014ai,0.02317,CMB,35.0225,SH0ES,0.271221,15.7695,0.269874,11.5,0.002,139.934,33.7637,10.2019,0
ASASSN-14fa,0.02262,CMB,34.883,SH0ES,0.27497,15.63,0.273642,9.74865,0.0,43.0961,-31.8217,-159.488,0
2004at,0.02287,CMB,34.9168,SH0ES,0.178524,15.6638,0.17647,7.0,,164.688,59.4867,-99.4465,0
2010gp,0.02436,CMB,34.4711,SH0ES,0.398476,15.2181,0.39756,9.22547,0.006,253.239,2.3879,74.4935,0
AT2017cfc,0.02499,CMB,35.0276,SH0ES,0.190198,15.7746,0.188272,10.4655,0.0,208.163,-2.0022,-39.4698,0
2004br,0.02426,CMB,34.807,SH0ES,0.18246,15.554,0.180451,7.0,,187.783,0.6132,-110.13,0
1994M,0.02426,CMB,34.9528,SH0ES,0.213795,15.6998,0.212083,10.974,0.6,187.786,0.6054,-110.13,0
2008bf,0.02451,CMB,34.8898,SH0ES,0.233972,15.6368,0.232409,10.3728,2.95,181.012,20.2452,-30.0449,0
AT2016bln,0.02425,CMB,35.0771,SH0ES,0.195416,15.8241,0.193541,10.4738,0.209,203.689,13.8539,-12.0915,0
1993H,0.0245,CMB,35.1803,SH0ES,0.232251,15.9273,0.230676,10.4495,,208.209,-30.7079,64.0545,0
1998eg,0.02358,CMB,35.1018,SH0ES,0.195014,15.8488,0.193136,10.7671,0.06,339.876,8.6059,-126.493,0
PS15cku,0.02222,CMB,35.0537,SH0ES,0.229702,15.8007,0.22811,9.13095,0.011,21.0939,3.5876,-301.9,0
ASASSN-16em,0.02296,CMB,34.994,SH0ES,0.277383,15.741,0.276066,8.53565,0.014,203.057,84.6783,-275.079,0
ASASSN-15jt,0.02396,CMB,34.889,SH0ES,0.403697,15.636,0.402793,9.91542,0.001,197.038,27.8264,17.4705,0
2018enc,0.0245,CMB,34.9998,SH0ES,0.217718,15.7468,0.216038,7.0,,229.869,-9.8806,280.999,0
2009al,0.02328,CMB,34.9783,SH0ES,0.225403,15.7253,0.22378,10.7706,0.477,162.842,8.5785,-42.2047,0
2007ci,0.02295,CMB,34.4301,SH0ES,0.279423,15.1771,0.278115,10.8379,0.028,176.441,19.7705,-103.556,0
2006dm,0.02161,CMB,34.8234,SH0ES,0.25811,15.5704,0.256694,11.0056,0.002,355.449,-3.669,-197.622,0
SNF20080514-002,0.02292,CMB,35.0136,SH0ES,0.216159,15.7606,0.214466,7.0,,202.303,11.2724,212.718,0
2005ki,0.02066,CMB,34.4931,SH0ES,0.19075,15.2401,0.188829,11.0605,0.002,160.118,9.2023,88.401,0
2003W,0.02087,CMB,34.6349,SH0ES,0.254511,15.3819,0.253074,10.9327,0.635,146.706,16.0438,14.6045,0
2010A,0.02079,CMB,34.4863,SH0ES,0.330445,15.2333,0.32934,9.92075,0.105,38.1644,0.6195,-6.6815,0
ASASSN-17bs,0.02014,CMB,34.5647,SH0ES,0.249505,15.3117,0.24804,10.0832,0.012,268.026,21.566,-125.067,0
2007st,0.02061,CMB,34.4168,SH0ES,0.217156,15.1638,0.215471,10.7947,10.0,27.177,-48.6494,12.8917,0
PSNJ1602512,0.02039,CMB,34.556,SH0ES,0.333904,15.303,0.33281,9.81701,0.001,240.714,47.2248,-37.1359,0
2001dl,0.01983,CMB,35.1263,SH0ES,0.375783,15.8733,0.374812,7.0,,320.257,9.1807,-194.815,0
ASASSN-15lg,0.02121,CMB,34.6552,SH0ES,0.214591,15.4022,0.212886,9.66664,0.013,198.887,3.5007,224.978,0
ASASSN-16lc,0.02001,CMB,34.6956,SH0ES,0.216494,15.4426,0.214804,7.0,,292.252,-51.971,-278.074,0
ATLAS16dqf,0.02019,CMB,34.5749,SH0ES,0.375822,15.3219,0.374851,7.75897,0.03,317.283,-18.1039,-41.7186,0
2016hpw,0.02019,CMB,34.8165,SH0ES,0.241825,15.5635,0.240313,7.0,,317.283,-18.1039,-41.7186,0
2002jy,0.0187,CMB,34.9988,SH0ES,0.187715,15.7458,0.185763,10.719,0.415,20.3178,40.4987,-453.051,0
2006ej,0.01926,CMB,34.6482,SH0ES,0.187832,15.3952,0.185881,10.1949,0.405,9.749,-9.0157,-285.871,0
2001br,0.02046,CMB,34.8118,SH0ES,0.300223,15.5588,0.299007,7.0,,277.607,34.1036,-127.602,0
AT2016eoa,0.01993,CMB,34.6693,SH0ES,0.230687,15.4163,0.229102,10.2163,0.013,5.3461,22.4354,-331.623,0
ATLAS16dpb,0.02238,CMB,35.0481,SH0ES,0.288632,15.7951,0.287366,10.8735,0.0,44.3919,5.9782,68.0666,0
ASASSN-15uv,0.02104,CMB,34.6114,SH0ES,0.393324,15.3584,0.392396,9.45815,0.001,126.784,27.8116,-143.28,0
ASASSN-18iu,0.02202,CMB,34.8847,SH0ES,0.186029,15.6317,0.184059,7.0,,269.418,50.0386,-15.5141,0
2009na,0.02209,CMB,34.7477,SH0ES,0.199095,15.4947,0.197256,9.88571,0.141,161.756,26.5439,10.3045,0
1995ak,0.02193,CMB,34.6739,SH0ES,0.247785,15.4209,0.246309,10.0066,0.05,41.4535,3.2306,-29.0326,0
2001cp,0.02245,CMB,34.9654,SH0ES,0.216973,15.7124,0.215286,11.1055,,257.761,5.8411,136.814,0
1999dg,0.02263,CMB,34.8589,SH0ES,0.246447,15.6059,0.244964,7.0,,227.868,13.4849,194.005,0
2006et,0.0214,CMB,34.7742,SH0ES,0.253646,15.5212,0.252205,10.1464,0.1,10.6909,-23.5584,-126.054,0
ASASSN-18da,0.02157,CMB,34.7709,SH0ES,0.195863,15.5179,0.193993,7.0,,52.3194,-23.9786,-38.785,0
2018fop,0.02017,CMB,34.5899,SH0ES,0.199177,15.3369,0.197339,7.0,,18.8255,-6.859,-395.682,0
ASASSN-16lg,0.02093,CMB,34.375,SH0ES,0.203089,15.122,0.201286,10.4449,0.001,267.051,17.6256,-66.5899,0
2009dc,0.02179,CMB,34.3468,SH0ES,0.19901,15.0938,0.19717,10.4214,0.05,237.801,25.7078,123.081,0
SN2016ajf,0.01978,CMB,34.7627,SH0ES,0.339971,15.5097,0.338897,11.5,0.001,49.9771,41.565,-460.506,0
2007bc,0.02187,CMB,34.7419,SH0ES,0.187753,15.4889,0.185801,10.5792,0.454,169.811,20.809,163.394,0
2008Z,0.02146,CMB,35.2056,SH0ES,0.304103,15.9526,0.302902,7.0,0.31,145.814,36.2844,82.5593,0
2004bw,0.02207,CMB,34.8194,SH0ES,0.196425,15.5664,0.194561,7.0,,225.945,-3.3046,266.523,0
PSNJ2043531,0.01449,CMB,34.1902,SH0ES,0.372674,14.9372,0.371694,7.58761,0.001,310.972,12.5085,-126.778,0
2002he,0.02469,CMB,35.1139,SH0ES,0.15531,15.8609,0.152945,10.9809,,124.995,62.8203,-146.356,0
2005am,0.00841,CMB,32.3744,SH0ES,0.338325,13.1214,0.337245,11.3117,,139.052,-16.3044,-63.9574,0
2005cf,0.00703,CMB,32.3221,SH0ES,0.322655,13.0691,0.321523,9.184,4.066,230.384,-7.4132,-21.2471,1
1992G,0.00611,CMB,32.4405,SH0ES,0.439634,13.1875,0.438804,10.0995,,159.077,37.3212,-242.468,0
2017erp,0.00727,CMB,32.2048,SH0ES,0.34795,12.9518,0.3469,10.591,,227.312,-11.3342,147.138,1
1996X,0.00812,CMB,31.9733,SH0ES,0.415464,12.7203,0.414586,9.77381,2.3,199.505,-26.8459,405.572,0
1995al,0.00592,CMB,32.3593,SH0ES,0.359446,13.1063,0.358431,10.296,0.02,147.733,33.5526,-242.468,1
2011iv,0.00594,CMB,31.2217,SH0ES,0.420706,11.9687,0.419839,7.0,,54.714,-35.5922,-219.284,0
1997br,0.00801,CMB,31.7321,SH0ES,0.531169,12.4791,0.530482,8.92838,5.0,200.177,-22.0367,405.572,0
2019np,0.0055,CMB,32.4338,SH0ES,0.32229,13.1808,0.321157,10.63,,157.342,29.5106,-289.936,1
2014bv,0.00548,CMB,32.4001,SH0ES,0.482567,13.1471,0.481811,10.4962,0.001,186.129,75.5357,-255.967,0
1998dm,0.00567,CMB,32.8333,SH0ES,0.562902,13.5803,0.562254,7.05776,,21.5582,-6.1039,-191.494,0
2007le,0.00552,CMB,32.0203,SH0ES,0.538159,12.7673,0.537482,9.02452,0.4,354.702,-6.5226,-230.401,0
2007af,0.00635,CMB,32.0337,SH0ES,0.339166,12.7807,0.33809,10.331,0.216,215.588,-0.3938,31.5763,1
2002fk,0.00668,CMB,32.4423,SH0ES,0.300309,13.1893,0.299093,9.89,0.219,50.5238,-15.4009,-152.591,1
2003du,0.00664,CMB,32.7943,SH0ES,0.289134,13.5413,0.28787,9.345,,218.649,59.3344,-244.618,1
2009ig,0.00801,CMB,32.6707,SH0ES,0.286975,13.4177,0.285702,9.906,0.104,39.5484,-1.3125,-43.0674,1
ASASSN-15so,0.00773,CMB,32.7527,SH0ES,0.26758,13.4997,0.266214,10.95,0.001,168.546,48.3187,-249.339,1
2005W,0.00861,CMB,32.852,SH0ES,0.318032,13.599,0.316884,10.827,0.13,27.6906,21.7599,15.8947,1
2001bg,0.00796,CMB,32.6928,SH0ES,0.359218,13.4398,0.358202,10.449,,128.829,28.4683,-174.166,1
2013gh,0.00775,CMB,32.6922,SH0ES,0.484865,13.4392,0.484113,9.71043,0.002,330.591,-18.9168,-189.641,0
1991M,0.00758,CMB,33.2138,SH0ES,0.462834,13.9608,0.462045,7.68875,,239.645,17.458,-185.685,0
1995D,0.0078,CMB,32.484,SH0ES,0.342662,13.231,0.341596,10.5795,0.04,145.228,5.1406,-114.034,0
1996Z,0.00867,CMB,32.4455,SH0ES,0.490787,13.1925,0.490044,7.0,3.0,144.187,-21.1476,149.869,0
2012hr,0.00788,CMB,32.7092,SH0ES,0.367554,13.4562,0.366561,10.1223,0.0,95.4103,-59.7141,-75.7452,0
1998dh,0.00769,CMB,32.6151,SH0ES,0.317457,13.3621,0.316306,10.935,0.37417,348.668,4.5373,-134.006,1
2003kf,0.00769,CMB,32.6418,SH0ES,0.362719,13.3888,0.361712,8.21817,4.196,91.1476,-12.6286,-75.3531,0
2008Q,0.00722,CMB,32.2998,SH0ES,0.396652,13.0468,0.395732,10.553,0.0,21.2385,9.5504,-84.4233,0
2011by,0.00369,CMB,31.7933,SH0ES,0.55272,12.5403,0.55206,10.417,0.002,178.94,55.3256,61.7743,1
2012ht,0.00465,CMB,31.9309,SH0ES,0.442017,12.6779,0.441191,9.53,,163.345,16.7764,-0.2973,1
2013dy,0.00293,CMB,31.5611,SH0ES,0.530838,12.3081,0.530151,9.131,0.004,334.573,40.5693,-413.1,1
2005df_ANU,0.00435,CMB,31.3779,SH0ES,0.479276,12.1249,0.478515,9.552,,64.4077,-62.7693,86.1777,1
2005df,0.00435,CMB,31.3933,SH0ES,0.476404,12.1403,0.475638,10.375,1.0,64.4077,-62.7693,86.1777,1
2021pit,0.00366,CMB,30.9999,SH0ES,0.566505,11.7469,0.565861,-9.0,,56.1257,-44.6325,-55.3501,1
1990N,0.00462,CMB,31.6969,SH0ES,0.550993,12.4439,0.550332,9.802,,190.736,13.2565,308.577,1
1998aq,0.00369,CMB,31.4967,SH0ES,0.545492,12.2437,0.544824,10.199,,179.108,55.1287,61.7743,1
2001el,0.00357,CMB,31.5011,SH0ES,0.591006,12.2481,0.590389,11.28,,56.1275,-44.6398,71.5597,1
1980N,0.0046,CMB,31.2476,SH0ES,0.558603,11.9946,0.557951,11.314,,50.7513,-37.2139,-67.5086,0
2017cbv,0.00478,CMB,30.5107,SH0ES,0.578546,11.2577,0.577916,10.449,,218.143,-44.1341,440.866,1
2013aa,0.00478,CMB,30.5528,SH0ES,0.580251,11.2998,0.579622,10.53,,218.141,-44.2244,440.866,1
1981B,0.0035,CMB,30.7946,SH0ES,0.614535,11.5416,0.613941,9.686,,188.623,2.1998,97.8762,1
1994DRichmond,0.00299,CMB,30.7757,SH0ES,0.881212,11.5227,0.880798,8.46247,,188.51,7.7016,0.0,0
2012cg,0.00256,CMB,30.7449,SH0ES,0.799068,11.4919,0.798612,9.633,0.004,186.803,9.4203,0.0,1
2012fr,0.0046,CMB,31.1331,SH0ES,0.446882,11.8801,0.446066,10.732,0.0,53.4,-36.1271,-67.5086,1
2006dd,0.00551,CMB,31.1857,SH0ES,0.452235,11.9327,0.451429,11.01,10.0,50.6734,-37.2036,-191.492,0
2007sr,0.0066,CMB,31.6799,SH0ES,0.375913,12.4269,0.374942,10.682,,180.47,-18.9728,265.999,1
1981D,0.00551,CMB,30.9079,SH0ES,0.524992,11.6549,0.524297,11.314,,50.6599,-37.2327,-191.492,0
2018gv,0.00596,CMB,31.9102,SH0ES,0.350249,12.6572,0.349206,10.06,,121.394,-11.4379,-18.777,1
2015bp,0.00603,CMB,32.4685,SH0ES,0.487055,13.2155,0.486307,8.048,0.039,226.375,1.634,34.1093,0
1994ae,0.0054,CMB,32.1822,SH0ES,0.339643,12.9292,0.338568,10.196,0.03,161.758,17.2752,-144.588,1
2007gi,0.00505,CMB,31.7403,SH0ES,0.491367,12.4873,0.490624,7.0,,180.348,61.8927,-242.803,0
SN2016coj,0.00489,CMB,31.8985,SH0ES,0.483668,12.6455,0.482914,11.036,0.0,182.028,65.1772,-242.803,0
2007on,0.0046,CMB,31.6525,SH0ES,0.564724,12.3995,0.564078,11.2901,10.0,54.7125,-35.5753,-67.5086,0
2016coj,0.00489,CMB,31.9117,SH0ES,0.469628,12.6587,0.468851,11.036,0.002,182.028,65.1772,-242.803,0
2018aoz,0.00701,CMB,31.7282,SH0ES,0.501431,12.4752,0.500704,9.85343,,177.758,-28.7441,456.87,0
2011B,0.00458,CMB,31.6512,SH0ES,0.514401,12.3982,0.513692,11.08,0.003,133.952,78.2174,-238.157,0
2015F,0.00515,CMB,31.539,SH0ES,0.407028,12.286,0.406132,12.198,,114.066,-69.5064,80.5777,1
1992A,0.0046,CMB,31.34,SH0ES,0.562589,12.087,0.561941,11.5,,54.1142,-34.9587,-67.5086,0
PSNJ0717457,0.00812,CMB,32.7223,SH0ES,0.383433,13.4693,0.382481,9.38921,0.001,109.44,23.3446,-143.618,0
2000dm,0.01472,CMB,34.0109,SH0ES,0.270222,14.7579,0.268869,7.0,,274.746,16.2482,-35.4736,0
2008hv,0.0136,CMB,33.7683,SH0ES,0.232778,14.5153,0.231206,10.5379,0.19,136.892,3.3923,-42.963,0
2007hj,0.01288,CMB,33.9247,SH0ES,0.304606,14.6717,0.303407,10.8348,0.444,345.449,15.5865,-110.604,0
1999dq,0.01334,CMB,33.4717,SH0ES,0.261601,14.2187,0.260204,10.854,0.45,38.4987,20.9751,64.7561,1
2017cfd,0.01222,CMB,33.5673,SH0ES,0.284786,14.3143,0.283503,10.6316,,130.204,73.4875,-244.554,0
AT2017cfd,0.01222,CMB,33.5752,SH0ES,0.292564,14.3222,0.291315,10.6316,0.001,130.204,73.4875,-244.554,0
2013gy,0.01309,CMB,33.7607,SH0ES,0.28722,14.5077,0.285948,10.4638,0.003,55.5703,-4.7218,18.0714,0
2001ep,0.01306,CMB,33.5028,SH0ES,0.331124,14.2498,0.330021,9.88173,0.029,74.2511,-4.7612,65.6891,0
2001bt,0.01407,CMB,33.7492,SH0ES,0.416658,14.4962,0.415783,10.7524,0.28089,288.445,-59.2897,378.659,0
2009kq,0.01247,CMB,33.5178,SH0ES,0.26619,14.2648,0.264818,7.75299,0.104,129.063,28.0671,-35.0185,0
2002ha,0.0122,CMB,33.7246,SH0ES,0.250097,14.4716,0.248635,10.6057,0.452,311.827,0.3127,-112.614,0
2008R,0.0126,CMB,33.8286,SH0ES,0.265115,14.5756,0.263736,11.0466,0.24,45.9738,-11.9943,40.6545,0
1997E,0.01314,CMB,33.7649,SH0ES,0.288791,14.5119,0.287526,8.75604,1.5,101.909,74.4975,-184.243,0
2007cv,0.01361,CMB,33.6741,SH0ES,0.345367,14.4211,0.34431,9.00235,0.021,159.439,-27.0825,-73.3599,0
2006N,0.01416,CMB,33.9078,SH0ES,0.240515,14.6548,0.238994,9.70642,0.437,92.1302,64.7236,-89.215,0
2013fa,0.01429,CMB,33.7894,SH0ES,0.397352,14.5364,0.396434,8.70972,,310.973,12.5144,-126.778,0
2001fe,0.01448,CMB,33.8916,SH0ES,0.240694,14.6386,0.239175,9.95617,0.095,144.488,25.4948,-56.6491,0
2005bo,0.01503,CMB,33.7189,SH0ES,0.39282,14.4659,0.391891,7.89478,,192.421,-11.0965,118.876,0
2003gt,0.01422,CMB,33.9253,SH0ES,0.243928,14.6723,0.242429,7.0,,308.246,9.872,-117.106,0
2004eo,0.0142,CMB,33.8826,SH0ES,0.249316,14.6296,0.24785,9.18868,0.13,308.226,9.9285,-117.106,0
2013gq,0.01457,CMB,33.7526,SH0ES,0.2163,14.4996,0.214608,10.8931,0.002,124.473,23.4696,11.9841,0
2006td,0.01504,CMB,34.1727,SH0ES,0.365029,14.9197,0.364029,9.15931,4.691,29.5657,36.3494,161.174,0
2007ca,0.01509,CMB,34.252,SH0ES,0.397235,14.999,0.396317,9.44451,4.356,202.774,-15.1018,197.318,0
1992al,0.01434,CMB,33.6968,SH0ES,0.233531,14.4438,0.231964,10.0338,0.28089,311.485,-51.3944,134.76,0
2005kc,0.01386,CMB,34.0249,SH0ES,0.352338,14.7719,0.351302,10.6541,0.439,338.531,5.5684,-167.359,0
ASASSN-16la,0.01424,CMB,33.8444,SH0ES,0.265489,14.5914,0.264112,8.23133,0.001,37.3226,18.0879,-1.3947,0
ASASSN-16dn,0.01406,CMB,33.8206,SH0ES,0.250873,14.5676,0.249416,8.03684,0.017,162.206,-20.2639,-13.3692,0
1999dk,0.014,CMB,33.6651,SH0ES,0.296207,14.4121,0.294973,9.64099,,22.8622,14.2849,31.2944,0
2010Y,0.01142,CMB,33.7403,SH0ES,0.254135,14.4873,0.252697,10.1182,0.047,162.766,65.7797,-269.901,0
2009kk,0.01244,CMB,33.7023,SH0ES,0.266666,14.4493,0.265296,9.51953,3.442,57.4345,-3.2644,68.5505,0
2001cz,0.01275,CMB,33.8783,SH0ES,0.346381,14.6253,0.345327,7.0,0.28089,191.876,-39.58,183.108,0
1999cp,0.00998,CMB,33.2135,SH0ES,0.253629,13.9605,0.252188,10.441,,211.63,-5.4469,129.581,1
2009Y,0.0105,CMB,32.6457,SH0ES,0.409088,13.3927,0.408196,10.636,0.008,220.599,-17.2468,161.695,1
PTF10icb,0.009,CMB,33.4753,SH0ES,0.372879,14.2223,0.3719,8.8903,0.002,193.705,58.8819,-273.135,0
1998es,0.00957,CMB,32.9165,SH0ES,0.372831,13.6635,0.371852,9.78837,,24.3233,5.8807,-28.2159,0
2002dj,0.01051,CMB,32.8654,SH0ES,0.334488,13.6124,0.333397,11.1654,2.464,198.251,-19.519,280.754,0
2002cr,0.00998,CMB,33.2469,SH0ES,0.254885,13.9939,0.253451,10.426,3.449,211.657,-5.4394,129.581,1
2013cs,0.01029,CMB,32.3353,SH0ES,0.401367,13.0823,0.400458,9.413,0.033,198.812,-17.9654,280.754,0
2006D,0.00966,CMB,32.9159,SH0ES,0.285505,13.6629,0.284225,9.554,3.708,193.141,-9.7752,120.873,1
2002er,0.00853,CMB,32.7498,SH0ES,0.409525,13.4968,0.408634,9.82908,,257.875,7.9958,-157.182,0
2019ein,0.00837,CMB,32.8616,SH0ES,0.327035,13.6086,0.325919,7.0,,208.371,40.2754,-134.568,0
1997bp,0.00931,CMB,32.4198,SH0ES,0.425219,13.1668,0.42436,9.75,0.43,191.724,-11.6425,201.132,1
2013E,0.01042,CMB,32.7794,SH0ES,0.348547,13.5264,0.3475,10.5748,0.0,150.023,-34.2337,77.0649,0
2011ao,0.01168,CMB,33.4974,SH0ES,0.301502,14.2444,0.30029,7.12388,0.01,178.463,33.3629,-81.5267,0
1997bq,0.00993,CMB,33.0683,SH0ES,0.324016,13.8153,0.322889,12.588,,154.272,73.3839,-255.903,1
2009ab,0.01189,CMB,33.5833,SH0ES,0.281169,14.3303,0.27987,9.3236,0.03,64.1516,2.7642,99.0651,0
2013ex,0.01096,CMB,33.4947,SH0ES,0.325172,14.2417,0.32405,8.72661,0.029,83.1942,-14.0459,-74.5942,0
2010ko,0.01096,CMB,33.8347,SH0ES,0.353909,14.5817,0.352878,7.25539,0.019,83.206,-14.0961,-74.5942,0
iPTF13ebh,0.01238,CMB,33.6369,SH0ES,0.29522,14.3839,0.293983,11.5,0.001,35.4999,33.2705,367.497,0
ASASSN-16jf,0.0104,CMB,33.5709,SH0ES,0.314858,14.3179,0.313698,8.01649,0.013,339.247,-25.232,-166.92,0
2008fv_comb,0.00993,CMB,33.1809,SH0ES,0.377969,13.9279,0.377003,8.37261,0.132,154.239,73.4101,-255.903,1
1997do,0.01048,CMB,33.1081,SH0ES,0.364668,13.8551,0.363667,9.594,0.28089,111.677,47.0933,-76.099,0
1999ac,0.00979,CMB,32.9182,SH0ES,0.365223,13.6652,0.364224,9.83179,,241.812,7.9723,-112.326,0
2002dp,0.01049,CMB,33.2931,SH0ES,0.27457,14.0401,0.273239,10.53,,352.127,22.4289,-34.4658,1
2021hpr,0.00958,CMB,33.0869,SH0ES,0.343916,13.8339,0.342855,6.952,0.132,154.161,73.4005,-255.903,1
2004S,0.0098,CMB,33.1236,SH0ES,0.317227,13.8706,0.316076,7.0,,101.431,-31.2312,-183.95,0
2006bh,0.01042,CMB,33.2788,SH0ES,0.247952,14.0258,0.246478,10.501,10.0,340.067,-66.4851,40.4087,1
2009an,0.00921,CMB,33.2253,SH0ES,0.299086,13.9723,0.297865,10.5117,0.017,185.697,65.8512,-311.409,0
370356,0.025,CMB,35.2277,SH0ES,0.204374,15.9747,0.202583,8.48686,1.0,183.406,46.4835,-50.8392,0
14019,0.21513,CMB,40.4641,SH0ES,0.22943,21.2111,0.227836,9.931,0.093,316.642,-0.648,-20.3581,0
1250017,0.18217,CMB,39.6885,SH0ES,0.152439,20.4355,0.150029,8.797,0.038,43.1937,-0.1275,-34.9294,0
14979,0.17654,CMB,39.5164,SH0ES,0.135467,20.2634,0.132749,10.089,0.066,54.9464,0.9928,-31.9455,0
18604,0.17483,CMB,39.7434,SH0ES,0.182014,20.4904,0.18,11.05,0.073,340.921,0.4214,-37.6911,0
19969,0.17428,CMB,39.4849,SH0ES,0.162645,20.2319,0.160388,10.367,0.062,31.9105,-0.324,-39.7033,0
15583,0.17427,CMB,39.5546,SH0ES,0.230974,20.3016,0.22939,9.434,0.118,37.7311,0.9463,-39.6412,0
5350,0.17431,CMB,39.5053,SH0ES,0.183971,20.2523,0.181979,10.865,0.07,307.219,-0.7792,-17.9761,0
16165,0.17405,CMB,39.3317,SH0ES,0.154309,20.0787,0.151928,7.0,,30.7331,-0.5339,-39.8225,0
14421,0.174,CMB,39.5734,SH0ES,0.137128,20.3204,0.134443,11.5,0.084,31.8299,1.2521,-41.9367,0
15648,0.17383,CMB,39.5986,SH0ES,0.318528,20.3456,0.317382,11.339,0.084,313.718,-0.1948,-23.0594,0
120143,0.1736,CMB,39.3493,SH0ES,0.151501,20.0963,0.149076,9.163,0.213,163.682,58.6266,-46.1522,0
15897,0.17357,CMB,39.5403,SH0ES,0.18318,20.2873,0.181179,10.816,0.088,11.6814,-1.0329,-41.7854,0
3080,0.17315,CMB,39.3871,SH0ES,0.131849,20.1341,0.129054,10.961,0.104,16.9323,-1.0395,-41.544,0
100090,0.17282,CMB,39.7263,SH0ES,0.252568,20.4733,0.251121,9.978,0.071,131.828,43.4081,-37.2187,0
1303279,0.17274,CMB,39.2676,SH0ES,0.152344,20.0146,0.149932,10.617,0.125,54.9068,-27.813,8.667,0
19282,0.17239,CMB,39.5021,SH0ES,0.177409,20.2491,0.175342,7.0,,359.072,-0.5059,-41.783,0
310039,0.17156,CMB,39.4603,SH0ES,0.214715,20.2073,0.21301,9.953,0.011,36.2156,-3.3448,-34.8076,0
590005,0.17137,CMB,39.5424,SH0ES,0.275502,20.2894,0.274175,7.0,1.0,151.018,1.2155,31.7763,0
12856,0.17029,CMB,39.4742,SH0ES,0.132684,20.2212,0.129908,10.352,0.045,332.866,0.756,-35.5291,0
17389,0.1696,CMB,39.6721,SH0ES,0.274897,20.4191,0.273568,9.891,0.077,323.295,-0.9601,-28.2694,0
350233,0.16935,CMB,39.5155,SH0ES,0.182871,20.2625,0.180867,9.181,0.145,149.466,3.4824,28.1347,0
17218,0.17697,CMB,39.5095,SH0ES,0.175623,20.2565,0.173535,10.158,0.065,356.172,-0.0301,-41.0324,0
14451,0.17729,CMB,39.4771,SH0ES,0.138264,20.2241,0.135602,10.124,0.071,308.195,0.9271,-20.6291,0
17220,0.17769,CMB,39.3394,SH0ES,0.257355,20.0864,0.255935,10.863,0.109,9.7015,-0.1792,-42.1287,0
420159,0.18059,CMB,39.5035,SH0ES,0.133745,20.2505,0.130991,11.338,0.011,333.685,1.2178,-34.841,0
17332,0.18203,CMB,39.5863,SH0ES,0.201062,20.3333,0.199241,10.604,0.114,43.7735,-0.1474,-34.6777,0
1339392,0.18148,CMB,39.3953,SH0ES,0.235174,20.1423,0.233619,10.292,0.0435,54.1245,-28.5698,9.0373,0
15443,0.18123,CMB,39.4868,SH0ES,0.134057,20.2338,0.13131,10.339,0.061,49.8674,-0.318,-32.0186,0
370595,0.18138,CMB,39.6585,SH0ES,0.225961,20.4055,0.224342,10.324,0.128,150.498,1.3251,29.917,0
17215,0.1808,CMB,39.6213,SH0ES,0.207991,20.3683,0.206231,11.331,0.068,54.9264,1.0923,-31.4181,0
360112,0.18071,CMB,39.6151,SH0ES,0.246207,20.3621,0.244722,9.381,0.36,130.673,43.5966,-36.6742,0
350548,0.18067,CMB,39.6391,SH0ES,0.133983,20.3861,0.131234,10.636,0.006,128.848,44.9136,-39.0661,0
330023,0.18064,CMB,39.7166,SH0ES,0.179158,20.4636,0.177112,10.623,0.04,35.7981,-2.7801,-34.2363,0
14284,0.18037,CMB,39.3688,SH0ES,0.13762,20.1158,0.134945,10.572,0.078,49.0493,-0.6009,-32.0931,0
370428,0.1778,CMB,39.6477,SH0ES,0.131546,20.3947,0.128745,10.124,0.085,184.375,47.5482,-27.5994,0
13254,0.1799,CMB,39.9979,SH0ES,0.268081,20.7449,0.266717,10.005,0.062,42.0587,-0.347,-35.4028,0
1303496,0.17979,CMB,39.5962,SH0ES,0.208929,20.3432,0.207177,10.643,0.1955,53.8482,-29.5918,10.4164,0
2372,0.17959,CMB,39.5519,SH0ES,0.174634,20.2989,0.172535,10.597,0.072,40.5207,-0.5409,-35.7986,0
1347120,0.17955,CMB,39.5509,SH0ES,0.280575,20.2979,0.279272,7.773,0.0205,52.8899,-28.9121,9.0685,0
13045,0.17916,CMB,39.5355,SH0ES,0.229828,20.2825,0.228237,10.574,0.063,345.025,0.5377,-38.5517,0
300179,0.17896,CMB,39.7672,SH0ES,0.201468,20.5142,0.19965,10.324,0.112,351.142,0.227,-39.8887,0
6936,0.1789,CMB,39.641,SH0ES,0.157339,20.388,0.155005,10.259,0.073,323.234,-0.6998,-27.3884,0
5635,0.17839,CMB,39.9669,SH0ES,0.207864,20.7139,0.206103,9.483,0.062,333.183,-0.0349,-33.2969,0
12853,0.16817,CMB,39.2757,SH0ES,0.165826,20.0227,0.163613,10.364,0.072,316.766,0.7231,-26.8994,0
12843,0.16595,CMB,39.1817,SH0ES,0.193496,19.9287,0.191603,11.258,0.08,323.878,-0.9803,-29.1416,0
20430,0.16593,CMB,39.4938,SH0ES,0.241887,20.2408,0.240376,7.0,,312.417,0.4686,-24.0487,0
1293758,0.14812,CMB,39.2285,SH0ES,0.184985,19.9755,0.183004,11.0622,0.007,8.4839,-43.3497,24.7766,0
15132,0.15304,CMB,39.2175,SH0ES,0.127754,19.9645,0.124868,11.224,54.255,329.7,0.1977,-36.2282,0
18323,0.15272,CMB,39.3239,SH0ES,0.173198,20.0709,0.171081,9.359,0.082,3.4286,0.6522,-48.4794,0
2031,0.15186,CMB,39.0477,SH0ES,0.158769,19.7947,0.156456,9.204,54.124,312.043,-1.1714,-23.0474,0
460003,0.15067,CMB,39.1687,SH0ES,0.134119,19.9157,0.131373,10.8761,0.1,128.835,43.8555,-43.8484,0
000038,0.15036,CMB,39.1058,SH0ES,0.170038,19.8528,0.167881,9.126,0.459,35.0957,-4.6725,-36.9711,0
2308,0.14923,CMB,39.1104,SH0ES,0.175216,19.8574,0.173123,10.3812,,34.2729,0.2803,-45.2652,0
1255502,0.14819,CMB,39.0239,SH0ES,0.142683,19.7709,0.140105,10.1485,0.091,33.9046,-4.2092,-38.6209,0
14437,0.14792,CMB,39.0382,SH0ES,0.157931,19.7852,0.155606,9.91097,0.117,332.081,-1.1964,-36.3792,0
1316385,0.14741,CMB,39.0154,SH0ES,0.197495,19.7624,0.19564,9.63951,0.1255,53.526,-27.6321,8.8354,0
19353,0.15325,CMB,39.2564,SH0ES,0.179373,20.0034,0.177329,11.004,0.059,43.1144,0.2518,-40.8294,0
440008,0.14656,CMB,39.158,SH0ES,0.187578,19.905,0.185624,9.32684,0.21,52.6735,-28.8632,10.5023,0
1296657,0.14624,CMB,39.1857,SH0ES,0.207408,19.9327,0.205643,9.33695,0.0095,36.2552,-6.2786,-34.8677,0
17605,0.14533,CMB,39.1518,SH0ES,0.210163,19.8988,0.208421,10.2332,0.049,309.203,0.0984,-23.7173,0
190260,0.14344,CMB,39.1135,SH0ES,0.129494,19.8605,0.126647,10.2639,0.042,333.967,-0.8252,-38.9038,0
17568,0.14335,CMB,39.5154,SH0ES,0.37065,20.2624,0.369665,9.24061,0.073,313.103,0.2777,-27.2256,0
1317666,0.1412,CMB,39.1237,SH0ES,0.260864,19.8707,0.259463,9.68561,0.2055,36.7711,-5.0031,-37.79,0
17208,0.14084,CMB,39.2835,SH0ES,0.203514,20.0305,0.201715,11.5,0.202,1.4916,1.1031,-52.1075,0
190230,0.13864,CMB,39.0467,SH0ES,0.130742,19.7937,0.127924,10.1494,0.028,333.937,0.4225,-42.0344,0
18740,0.15317,CMB,39.0991,SH0ES,0.159928,19.8461,0.157633,10.663,0.086,16.8553,1.0437,-49.0878,0
16073,0.15339,CMB,39.3639,SH0ES,0.175468,20.1109,0.173378,9.751,0.087,8.1078,-1.054,-46.0229,0
20764,0.16478,CMB,39.3182,SH0ES,0.150918,20.0652,0.148483,11.011,0.075,26.1208,0.2298,-43.7863,0
3317,0.15991,CMB,39.2286,SH0ES,0.167715,19.9756,0.165527,10.054,0.068,26.9626,0.6406,-45.3212,0
19616,0.16455,CMB,39.3293,SH0ES,0.139452,20.0763,0.136814,11.04,0.043,37.1011,0.1847,-40.6844,0
3087,0.16431,CMB,39.2634,SH0ES,0.199319,20.0104,0.197482,9.664,0.087,20.4067,-0.9772,-43.1448,0
17825,0.1622,CMB,39.3252,SH0ES,0.224064,20.0722,0.222431,7.0,,32.9471,-0.9124,-40.9758,0
120336,0.16134,CMB,39.3106,SH0ES,0.246322,20.0576,0.244838,9.757,0.584,149.082,1.4095,32.1038,0
5103,0.1606,CMB,39.2162,SH0ES,0.20927,19.9632,0.207521,9.086,0.074,359.884,0.7372,-46.1569,0
390627,0.16045,CMB,39.4242,SH0ES,0.26036,20.1712,0.258956,11.254,0.022,212.627,53.9,-41.4349,0
2689,0.16036,CMB,39.2057,SH0ES,0.217053,19.9527,0.215367,11.351,0.092,24.9003,-0.7587,-43.616,0
1299775,0.16009,CMB,39.0428,SH0ES,0.270648,19.7898,0.269298,10.783,0.134,53.4389,-29.6767,11.3957,0
5550,0.15493,CMB,39.2076,SH0ES,0.167881,19.9546,0.165696,9.564,0.094,3.5983,0.3331,-47.3893,0
15425,0.15935,CMB,39.0908,SH0ES,0.143045,19.8378,0.140474,10.526,0.062,55.5611,0.4783,-33.6581,0
14782,0.15922,CMB,38.9503,SH0ES,0.143914,19.6973,0.141359,11.427,0.111,314.234,-0.279,-25.0118,0
440042,0.15906,CMB,39.4267,SH0ES,0.283686,20.1737,0.282399,9.028,7.383,35.9021,-3.294,-37.1445,0
16206,0.15838,CMB,39.0794,SH0ES,0.163715,19.8264,0.161473,10.927,0.078,5.7882,-0.0536,-46.2834,0
13354,0.15654,CMB,39.2087,SH0ES,0.210288,19.9557,0.208548,10.472,0.07,27.5648,-0.8873,-43.6478,0
19940,0.15591,CMB,38.9704,SH0ES,0.179204,19.7174,0.177159,9.91499,,315.393,-0.2685,-26.2108,0
18030,0.15518,CMB,39.3994,SH0ES,0.175858,20.1464,0.173773,9.658,0.041,4.933,-0.4001,-46.4317,0
16116,0.15509,CMB,39.278,SH0ES,0.157843,20.025,0.155517,9.52,0.081,355.302,-1.1058,-43.8881,0
1580,0.18216,CMB,39.5259,SH0ES,0.149858,20.2729,0.147406,10.75,0.04,45.3231,-0.6441,-33.4115,0
15453,0.18243,CMB,39.7821,SH0ES,0.177319,20.5291,0.175251,8.989,0.147,319.668,-1.0243,-24.5658,0
21062,0.13729,CMB,39.3511,SH0ES,0.230391,20.0981,0.228804,8.95999,0.081,333.432,0.3963,-42.0794,0
17391,0.18345,CMB,39.5995,SH0ES,0.294191,20.3465,0.29295,7.0,,347.552,-0.9314,-36.6158,0
1327978,0.20699,CMB,39.9225,SH0ES,0.279831,20.6695,0.278525,11.313,0.4135,8.28,-44.1402,19.8793,0
15872,0.20549,CMB,39.8126,SH0ES,0.174944,20.5596,0.172847,9.66,0.089,36.7225,-0.3278,-33.3921,0
17801,0.20515,CMB,40.1661,SH0ES,0.227714,20.9131,0.226108,11.4,0.086,316.093,-0.898,-20.5789,0
110033,0.20471,CMB,39.8427,SH0ES,0.202322,20.5897,0.200513,10.063,0.237,34.9031,-3.5292,-30.1981,0
18965,0.20454,CMB,39.8809,SH0ES,0.160012,20.6279,0.157717,10.63,0.11,13.5091,1.069,-38.883,0
15901,0.20368,CMB,39.9041,SH0ES,0.171481,20.6511,0.169342,9.969,0.085,31.9763,-0.5354,-34.6708,0
7243,0.20323,CMB,39.9335,SH0ES,0.216127,20.6805,0.214434,9.225,0.111,328.079,0.4719,-28.341,0
16032,0.20318,CMB,39.9277,SH0ES,0.173799,20.6747,0.171689,7.0,,44.0692,-0.4108,-31.2577,0
15203,0.20314,CMB,39.8822,SH0ES,0.166845,20.6292,0.164646,10.219,0.069,15.7347,0.1831,-37.9901,0
14212,0.20308,CMB,39.9658,SH0ES,0.146626,20.7128,0.144119,10.497,0.105,330.47,1.045,-30.0683,0
6780,0.20268,CMB,39.8373,SH0ES,0.184965,20.5843,0.182984,11.272,0.08,328.069,0.2671,-28.1561,0
19913,0.20237,CMB,39.9949,SH0ES,0.159703,20.7419,0.157404,10.051,0.087,333.763,-0.3413,-29.856,0
13152,0.20216,CMB,39.6184,SH0ES,0.198124,20.3654,0.196276,9.387,0.096,7.0521,0.118,-38.1187,0
590002,0.20139,CMB,39.8575,SH0ES,0.216953,20.6045,0.215266,11.269,0.049,149.545,0.8783,27.5615,0
370308,0.20074,CMB,39.7672,SH0ES,0.316127,20.5142,0.314972,11.239,0.037,131.317,43.3857,-33.121,0
470232,0.20068,CMB,39.9838,SH0ES,0.252956,20.7308,0.251511,9.737,0.228,129.546,45.2023,-35.8354,0
19101,0.20062,CMB,39.6837,SH0ES,0.194976,20.4307,0.193097,7.0,,7.9727,0.1383,-38.4237,0
560150,0.19957,CMB,39.8965,SH0ES,0.17155,20.6435,0.169412,11.458,0.0555,333.961,1.2276,-32.2034,0
500504,0.19948,CMB,39.6764,SH0ES,0.246154,20.4234,0.244669,11.075,0.0845,212.459,53.4778,-34.1516,0
15201,0.20736,CMB,40.316,SH0ES,0.333666,21.063,0.332572,11.312,0.09,337.519,0.0036,-31.1136,0
1283373,0.20754,CMB,40.0725,SH0ES,0.148972,20.8195,0.146505,10.231,0.0175,54.9467,-26.7304,6.1102,0
20376,0.20831,CMB,39.7299,SH0ES,0.272182,20.4769,0.270839,10.717,0.12,319.396,-0.5239,-22.4733,0
1257366,0.21137,CMB,40.1415,SH0ES,0.266119,20.8885,0.264746,10.965,0.134,53.8996,-26.9693,5.9062,0
1249851,0.21511,CMB,39.8825,SH0ES,0.477887,20.6295,0.477123,11.303,0.016,55.218,-29.4,9.2775,0
110567,0.21442,CMB,40.0179,SH0ES,0.298904,20.7649,0.297682,11.403,0.006,52.7131,-26.46,4.7606,0
6933,0.21383,CMB,39.8874,SH0ES,0.197488,20.6344,0.195634,7.0,,11.3517,1.0756,-37.5118,0
8495,0.21353,CMB,40.0084,SH0ES,0.19033,20.7554,0.188405,11.034,0.063,335.261,-0.7482,-28.6867,0
13305,0.21339,CMB,40.0218,SH0ES,0.16528,20.7688,0.16306,10.055,0.073,331.1,0.6912,-28.7085,0
18927,0.21214,CMB,39.9374,SH0ES,0.243726,20.6844,0.242226,11.5,0.005,46.6825,-0.754,-28.8368,0
17811,0.21186,CMB,39.9136,SH0ES,0.194498,20.6606,0.192614,7.0,,12.8787,-0.9474,-35.4819,0
7847,0.2116,CMB,39.9676,SH0ES,0.230498,20.7146,0.228911,10.696,0.124,32.4599,-0.0618,-34.0422,0
18940,0.21099,CMB,39.9552,SH0ES,0.163264,20.7022,0.161016,10.226,0.077,10.349,0.412,-37.2132,0
15467,0.20847,CMB,39.8758,SH0ES,0.146778,20.6228,0.144273,10.43,0.044,320.02,-0.1774,-23.1925,0
14157,0.21083,CMB,39.806,SH0ES,0.155718,20.553,0.153359,11.127,0.062,51.1367,1.0224,-29.2394,0
460105,0.21071,CMB,39.9632,SH0ES,0.223017,20.7102,0.221376,11.5,0.037,129.37,44.0453,-33.2442,0
19149,0.21023,CMB,39.4543,SH0ES,0.186032,20.2013,0.184063,9.612,0.088,31.46,-0.3319,-34.0992,0
550154,0.21003,CMB,40.1479,SH0ES,0.148877,20.8949,0.146409,10.582,0.013,36.3556,-3.5962,-29.1086,0
16482,0.20937,CMB,39.8413,SH0ES,0.262138,20.5883,0.260744,11.5,0.103,328.71,0.9337,-28.4436,0
140152,0.20864,CMB,39.8798,SH0ES,0.15965,20.6268,0.157351,9.694,0.744,162.393,57.6157,-38.6812,0
15259,0.20857,CMB,39.8639,SH0ES,0.197696,20.6109,0.195843,9.789,0.256,337.544,-0.4078,-30.4528,0
200132,0.20856,CMB,40.1034,SH0ES,0.239508,20.8504,0.237981,9.056,0.742,334.494,-0.6969,-29.0471,0
110460,0.19956,CMB,39.8511,SH0ES,0.254227,20.5981,0.252789,9.5517,0.1,53.8448,-27.8403,7.3033,0
18768,0.19892,CMB,40.0216,SH0ES,0.217638,20.7686,0.215956,9.778,0.22,17.2167,1.1979,-39.7628,0
19658,0.19863,CMB,39.889,SH0ES,0.174502,20.636,0.172401,8.996,0.182,8.9032,-0.2327,-38.333,0
16281,0.18507,CMB,39.5427,SH0ES,0.172189,20.2897,0.170059,10.394,0.109,352.942,-0.6681,-38.0655,0
18787,0.18915,CMB,40.1408,SH0ES,0.200523,20.8878,0.198697,11.072,0.117,29.7298,-1.0271,-36.7569,0
1273127,0.18937,CMB,39.9359,SH0ES,0.228953,20.6829,0.227356,10.406,0.07,8.5563,-43.2759,20.1809,0
16100,0.18893,CMB,39.8089,SH0ES,0.256269,20.5559,0.254842,9.661,0.157,30.4363,-1.0324,-36.6694,0
12927,0.18892,CMB,39.4384,SH0ES,0.149571,20.1854,0.147113,10.401,0.06,41.7861,0.7751,-35.5642,0
5994,0.18801,CMB,39.7451,SH0ES,0.191467,20.4921,0.189553,7.0,,312.603,-0.1679,-20.9778,0
18807,0.18714,CMB,39.7694,SH0ES,0.13671,20.5164,0.134017,10.998,0.075,46.6409,0.7933,-33.9421,0
15365,0.18651,CMB,39.7559,SH0ES,0.144508,20.5029,0.141963,11.178,0.075,354.557,1.2491,-40.5785,0
370563,0.18538,CMB,39.7882,SH0ES,0.139358,20.5352,0.136717,10.859,0.09,150.952,2.646,27.8695,0
6422,0.18501,CMB,39.6347,SH0ES,0.160441,20.3817,0.158153,9.765,0.093,349.139,-0.6632,-37.1467,0
440643,0.18955,CMB,39.7624,SH0ES,0.238646,20.5094,0.237114,8.731,0.349,53.6036,-26.7739,6.0704,0
1336453,0.18492,CMB,39.7435,SH0ES,0.159325,20.4905,0.157021,9.326,0.0175,40.9697,-1.2293,-33.8537,0
15461,0.18482,CMB,39.613,SH0ES,0.134864,20.36,0.132133,10.516,0.075,326.848,-0.4947,-28.8231,0
8213,0.18468,CMB,39.6548,SH0ES,0.27682,20.4018,0.2755,10.522,0.147,357.521,-0.9214,-38.7122,0
15421,0.18443,CMB,39.7891,SH0ES,0.142656,20.5361,0.140077,10.166,0.07,33.7416,0.6025,-38.5897,0
1296321,0.18444,CMB,39.9384,SH0ES,0.282465,20.6854,0.281171,9.384,0.0035,40.9169,-0.7619,-34.555,0
20048,0.18388,CMB,39.796,SH0ES,0.218377,20.543,0.216702,10.86,0.09,339.308,0.7364,-35.9495,0
17168,0.18376,CMB,39.752,SH0ES,0.19743,20.499,0.195575,9.757,0.08,339.724,-1.1671,-33.728,0
1257695,0.18383,CMB,39.68,SH0ES,0.151568,20.427,0.149144,9.854,0.0545,7.6016,-42.2982,19.2686,0
18749,0.18931,CMB,39.7413,SH0ES,0.209197,20.4883,0.207448,11.172,0.078,12.5473,0.6754,-41.0273,0
6304,0.18979,CMB,39.7286,SH0ES,0.224725,20.4756,0.223097,10.656,0.055,26.4976,1.196,-40.1299,0
360145,0.1986,CMB,39.8881,SH0ES,0.211487,20.6351,0.209756,9.911,0.157,163.669,59.019,-41.7366,0
15129,0.19611,CMB,39.7747,SH0ES,0.157962,20.5217,0.155637,10.971,0.066,318.902,-0.3214,-23.6296,0
13370,0.19846,CMB,40.3246,SH0ES,0.238597,21.0716,0.237064,9.95,0.173,27.1515,0.3282,-37.5011,0
1316431,0.19815,CMB,39.8879,SH0ES,0.174409,20.6349,0.172306,7.0,2.0,42.2394,-0.4084,-32.5934,0
15222,0.19801,CMB,39.7561,SH0ES,0.182544,20.5031,0.180536,11.5,0.11,2.8534,0.7027,-39.1848,0
1302058,0.19786,CMB,39.492,SH0ES,0.189171,20.239,0.187234,9.664,0.039,53.3964,-29.1906,8.9286,0
18804,0.19726,CMB,39.6932,SH0ES,0.130873,20.4402,0.128057,10.3,0.074,25.2656,-0.4484,-37.0548,0
13070,0.19719,CMB,39.8018,SH0ES,0.14158,20.5488,0.138981,10.267,0.053,357.785,-0.7463,-36.8766,0
1334620,0.19624,CMB,39.8927,SH0ES,0.29342,20.6397,0.292175,10.351,0.1955,35.7529,-6.2642,-27.5399,0
1298893,0.19616,CMB,39.8397,SH0ES,0.254651,20.5867,0.253215,10.784,0.1435,35.724,-6.2568,-27.5575,0
000236,0.19602,CMB,39.7288,SH0ES,0.124812,20.4758,0.121857,10.902,0.009,131.58,44.0731,-34.4292,0
762,0.19009,CMB,39.8807,SH0ES,0.15799,20.6277,0.155666,11.236,0.075,15.5353,-0.879,-38.7816,0
15674,0.19555,CMB,39.958,SH0ES,0.212325,20.705,0.210601,7.0,,340.829,0.2629,-34.1816,0
14984,0.19549,CMB,39.9082,SH0ES,0.195934,20.6552,0.194065,10.395,0.065,313.834,-0.0928,-21.1401,0
1253920,0.19556,CMB,39.7111,SH0ES,0.156617,20.4581,0.154272,9.234,0.033,54.6293,-27.0428,6.7068,0
20821,0.19534,CMB,40.1343,SH0ES,0.403955,20.8813,0.403052,10.572,0.085,55.5726,1.0631,-29.1563,0
2246,0.19422,CMB,39.8787,SH0ES,0.222002,20.6257,0.220354,10.798,0.099,50.0904,-0.8856,-29.3993,0
16276,0.19397,CMB,39.7983,SH0ES,0.218857,20.5453,0.217185,9.288,0.2,20.5787,1.0106,-40.0866,0
2440,0.1903,CMB,39.9182,SH0ES,0.154841,20.6652,0.152469,10.325,0.071,42.6337,0.8078,-35.059,0
20687,0.19026,CMB,39.6892,SH0ES,0.294972,20.4362,0.293734,10.976,0.064,16.7181,1.1541,-41.2508,0
12928,0.13868,CMB,38.9999,SH0ES,0.176022,19.7469,0.173939,10.3657,0.075,305.009,-0.9757,-19.5305,0
14108,0.13463,CMB,39.2366,SH0ES,0.199357,19.9836,0.19752,10.2314,0.233,53.5946,-1.1232,-37.1162,0
2018jjd,0.02547,CMB,34.9842,SH0ES,0.185284,15.7312,0.183307,7.0,,66.0835,-31.9874,74.5409,0
2007nq,0.04275,CMB,36.2137,SH0ES,0.152187,16.9607,0.149773,11.1165,0.16,14.3899,-1.3886,-212.649,0
2005eu,0.03369,CMB,35.8012,SH0ES,0.48333,16.5482,0.482576,8.86794,,36.9303,28.1768,-427.555,0
2003iv,0.03351,CMB,35.9118,SH0ES,0.165632,16.6588,0.163417,10.8038,3.872,42.5302,12.8462,-405.523,0
ATLAS17ajs,0.0337,CMB,35.9757,SH0ES,0.358083,16.7227,0.357064,9.50928,0.012,171.977,27.3458,-232.655,0
2007ba,0.03533,CMB,35.825,SH0ES,0.340606,16.572,0.339534,11.1077,0.0,229.178,7.3966,266.821,0
2011dl,0.03432,CMB,35.7587,SH0ES,0.312966,16.5057,0.311799,9.08368,0.07,244.521,21.5511,84.3244,0
ASASSN-16bc,0.03314,CMB,35.6164,SH0ES,0.168015,16.3634,0.165831,10.3011,0.002,181.357,-21.4004,45.2689,0
2006os,0.03212,CMB,35.7992,SH0ES,0.326022,16.5462,0.324902,10.8407,0.15,43.7542,16.0097,-239.41,0
2008gl,0.03246,CMB,35.6431,SH0ES,0.148421,16.3901,0.145945,11.1311,0.02,20.2284,4.8053,-75.1477,0
2007ai,0.03212,CMB,35.8577,SH0ES,0.294619,16.6047,0.293379,10.7402,3.632,243.224,-21.6302,-141.191,0
2010gn,0.03123,CMB,35.9119,SH0ES,0.273901,16.6589,0.272567,8.98332,0.021,259.458,40.8811,-70.0449,0
2006bw,0.03075,CMB,35.6231,SH0ES,0.320886,16.3701,0.319748,11.5,0.132,218.486,3.7988,-166.505,0
2006bt,0.03241,CMB,35.7867,SH0ES,0.216659,16.5337,0.21497,10.8988,0.102,239.127,20.046,349.34,0
2008at,0.03497,CMB,35.8349,SH0ES,0.334212,16.5819,0.33312,11.3036,3.329,156.801,71.4157,-70.4758,0
2007hu,0.03518,CMB,35.9905,SH0ES,0.374822,16.7375,0.373848,11.2439,0.026,254.125,27.9779,-94.2535,0
2008O,0.0394,CMB,36.2254,SH0ES,0.311188,16.9724,0.310014,11.4466,10.0,104.394,-45.8123,267.873,0
ASASSN-16ct,0.04252,CMB,36.2457,SH0ES,0.207056,16.9927,0.205288,8.98925,0.053,228.476,4.7573,-155.752,0
2006cz,0.04251,CMB,35.9138,SH0ES,0.29449,16.6608,0.29325,10.8544,3.35,222.153,-4.7419,-49.9495,0
2007jh,0.04023,CMB,36.5601,SH0ES,0.280122,17.3071,0.278818,10.84,0.16,54.0064,1.1034,-415.609,0
SN2017coa,0.04045,CMB,36.4104,SH0ES,0.307187,17.1574,0.305998,8.76499,0.03,132.48,56.099,-143.561,0
SN2016glz,0.03975,CMB,35.9918,SH0ES,0.210464,16.7388,0.208725,9.40195,0.1,1.4732,8.4302,-294.353,0
1999aw,0.03928,CMB,36.2125,SH0ES,0.18352,16.9595,0.181523,9.41836,0.3,165.402,-6.1088,53.0963,0
ASASSN-15pn,0.038,CMB,36.1962,SH0ES,0.220822,16.9432,0.219165,9.1308,0.096,60.8598,-5.492,-314.397,0
2010dw,0.03871,CMB,36.0125,SH0ES,0.204712,16.7595,0.202924,10.008,4.047,230.668,-5.9211,-89.871,0
SN2017ciy,0.03762,CMB,36.5177,SH0ES,0.245806,17.2647,0.244319,9.7066,0.001,256.029,25.0529,-206.067,0
AT2016fbk,0.03495,CMB,36.1545,SH0ES,0.230318,16.9015,0.22873,10.7289,0.201,26.0272,34.3827,-233.258,0
2002eu,0.03672,CMB,36.0624,SH0ES,0.163008,16.8094,0.160756,10.5735,,27.4317,32.6286,-342.829,0
AT2016cvw,0.03761,CMB,36.0063,SH0ES,0.206656,16.7533,0.204884,10.8943,0.001,341.553,10.5588,-75.0326,0
2008ei,0.03654,CMB,36.08,SH0ES,0.336812,16.827,0.335728,7.0,,334.388,33.2559,-139.346,0
2006mo,0.03616,CMB,36.0695,SH0ES,0.175025,16.8165,0.17293,10.793,0.471,11.6606,36.3327,-249.263,0
2002G,0.03631,CMB,35.9287,SH0ES,0.318471,16.6757,0.317324,10.5613,0.021,196.98,34.0851,-203.358,0
2000dg,0.03725,CMB,36.0748,SH0ES,0.289284,16.8218,0.288021,7.0,,1.5575,8.8882,80.3064,0
ASASSN-15lu,0.03577,CMB,36.0035,SH0ES,0.185251,16.7505,0.183273,9.65851,0.01,200.304,40.2657,-168.232,0
MASTEROTJ08,0.03156,CMB,35.6675,SH0ES,0.174531,16.4145,0.17243,10.638,0.1,128.237,-3.8579,111.161,0
AT2017wb,0.03093,CMB,35.5304,SH0ES,0.283582,16.2774,0.282294,9.28082,0.014,165.331,70.6649,-70.0187,0
SNF20080909-030,0.03013,CMB,35.565,SH0ES,0.183722,16.312,0.181727,7.0,,330.454,13.0553,-282.084,0
2007su,0.0266,CMB,35.3042,SH0ES,0.352852,16.0512,0.351818,8.47416,0.081,334.787,13.1779,-231.919,0
2004gs,0.02829,CMB,35.5996,SH0ES,0.235009,16.3466,0.233453,10.7301,0.01,129.597,17.6277,-79.7506,0
AT2017ns,0.02802,CMB,35.1963,SH0ES,0.366604,15.9433,0.365609,9.90071,0.007,42.2932,14.6008,-138.084,0
2002el,0.02778,CMB,35.1049,SH0ES,0.181734,15.8519,0.179717,7.0,,314.125,-18.5595,-207.475,0
2003U,0.02794,CMB,35.2665,SH0ES,0.177545,16.0135,0.17548,10.2925,0.041,260.69,62.164,-113.641,0
2006ev,0.02759,CMB,35.6739,SH0ES,0.216353,16.4209,0.214662,11.3017,0.12,322.747,13.9892,-149.123,0
2006gj,0.0277,CMB,35.7258,SH0ES,0.321699,16.4728,0.320564,10.9096,0.16,49.3992,-1.6917,-95.7491,0
ASASSN-16av,0.02676,CMB,35.3467,SH0ES,0.289875,16.0937,0.288615,10.9106,0.001,177.868,22.0261,-284.498,0
ASASSN-15fa,0.02721,CMB,35.5236,SH0ES,0.225337,16.2706,0.223713,10.6915,0.001,257.442,62.9743,-57.8254,0
SNF20071021-000,0.0264,CMB,35.3224,SH0ES,0.216057,16.0694,0.214364,7.0,,3.7493,16.335,-215.716,0
2013bs,0.02859,CMB,35.4105,SH0ES,0.201911,16.1575,0.200097,10.8022,0.002,259.342,41.0667,-21.3549,0
ASASSN-15mf,0.02691,CMB,35.1184,SH0ES,0.181369,15.8654,0.179348,10.9913,0.001,213.595,2.9755,-14.0106,0
ASASSN-15uu,0.02579,CMB,35.0223,SH0ES,0.372346,15.7693,0.371366,9.70579,0.007,25.9859,17.0626,-153.683,0
2005mc,0.02597,CMB,35.3429,SH0ES,0.323231,16.0899,0.322102,10.5777,0.543,126.776,21.646,-83.8418,0
PSNJ2352371,0.02525,CMB,35.4014,SH0ES,0.200491,16.1484,0.198664,10.5389,0.005,358.155,14.5525,-208.216,0
1992ag,0.02592,CMB,34.7664,SH0ES,0.344692,15.5134,0.343633,10.3918,0.28089,201.041,-23.8788,21.8269,0
ASASSN-16bq,0.02582,CMB,35.1882,SH0ES,0.176701,15.9352,0.174626,10.6831,0.001,212.86,1.286,141.164,0
SN2017ckx,0.02779,CMB,35.6596,SH0ES,0.251383,16.4066,0.249928,10.2137,0.001,117.045,28.2307,-229.768,0
1993ah,0.02828,CMB,35.2763,SH0ES,0.655117,16.0233,0.65456,10.5245,,357.959,-27.9618,-175.058,0
2009fv,0.03072,CMB,35.3374,SH0ES,0.375292,16.0844,0.37432,11.4959,0.838,247.434,40.8116,-103.764,0
ASASSN-16fo,0.02994,CMB,35.4803,SH0ES,0.173804,16.2273,0.171694,10.0329,0.001,203.149,-5.2725,-122.179,0
2009eu,0.03072,CMB,35.9224,SH0ES,0.399302,16.6694,0.398388,11.5,0.002,247.171,39.5535,-103.764,0
2001ba,0.03136,CMB,35.6481,SH0ES,0.206672,16.3951,0.204901,10.7576,0.28089,174.507,-32.3308,117.018,0
PS15cwx,0.03007,CMB,35.4164,SH0ES,0.184841,16.1634,0.182859,10.0401,0.001,78.6992,7.0504,-232.022,0
ASASSN-15uw,0.03004,CMB,35.6084,SH0ES,0.212671,16.3554,0.21095,10.3471,0.001,38.893,-6.0629,-208.768,0
2013fy,0.03099,CMB,35.3522,SH0ES,0.343157,16.0992,0.342093,10.7658,0.0,324.363,-47.0319,71.4876,0
AT2016cyt,0.02965,CMB,35.3586,SH0ES,0.164518,16.1056,0.162287,10.685,0.001,317.399,15.1255,-274.78,0
ASASSN-16es,0.02973,CMB,35.5345,SH0ES,0.258248,16.2815,0.256833,7.0,,177.727,2.3069,-214.519,0
ASASSN-15nq,0.03025,CMB,35.5185,SH0ES,0.166012,16.2655,0.163802,10.6826,0.013,259.33,33.4621,4.0424,0
2006qo,0.02871,CMB,35.4779,SH0ES,0.275376,16.2249,0.274049,11.1792,0.029,120.035,56.3688,-77.261,0
1997dg,0.02962,CMB,35.861,SH0ES,0.192522,16.608,0.19062,8.80558,0.31,355.059,26.2033,-99.2102,0
ATLAS17ajn,0.02988,CMB,35.5116,SH0ES,0.190788,16.2586,0.188868,10.6465,0.013,176.111,-28.4574,28.509,0
AT2017zd,0.03048,CMB,35.2781,SH0ES,0.194122,16.0251,0.192235,9.91749,0.001,203.176,-21.8011,230.524,0
ASASSN-16br,0.029,CMB,35.5064,SH0ES,0.190895,16.2534,0.188976,9.6179,0.002,236.376,-13.1528,-162.175,0
ASASSN-16aj,0.03053,CMB,35.4654,SH0ES,0.177866,16.2124,0.175805,10.9323,0.006,65.4509,-15.7554,289.93,0
ASASSN-16fs,0.0299,CMB,35.2761,SH0ES,0.180915,16.0231,0.178889,11.2163,0.002,221.777,11.5949,135.19,0
ASASSN-16ay,0.02895,CMB,35.6222,SH0ES,0.299966,16.3692,0.298748,10.3341,0.001,108.059,7.2395,-124.578,0
2003ch,0.02895,CMB,35.6024,SH0ES,0.169987,16.3494,0.167829,11.2701,3.794,109.491,9.693,-71.2297,0
SN2016ayg,0.04328,CMB,36.4165,SH0ES,0.166064,17.1635,0.163855,8.05522,0.099,112.572,25.0321,-60.5626,0
1334084,0.13349,CMB,38.8266,SH0ES,0.283718,19.5736,0.28243,9.74734,0.0645,41.734,-0.6906,-44.6496,0
2006gt,0.04366,CMB,36.5114,SH0ES,0.286272,17.2584,0.284996,9.98853,0.13,14.0721,-1.6294,-282.87,0
20064,0.10351,CMB,38.2079,SH0ES,0.196456,18.9549,0.194592,10.7045,0.06,358.586,-0.9176,-61.7049,0
13135,0.10338,CMB,38.3338,SH0ES,0.12638,19.0808,0.123462,10.8558,0.081,4.1723,-0.4245,-63.7684,0
100405,0.10298,CMB,38.1815,SH0ES,0.18625,18.9285,0.184283,10.3204,0.1,53.6285,-27.3206,11.109,0
010010,0.09968,CMB,38.4377,SH0ES,0.194713,19.1847,0.192832,9.50285,0.089,150.859,1.0294,49.113,0
12781,0.08282,CMB,37.9939,SH0ES,0.195118,18.7409,0.193241,10.4457,0.078,5.4066,-1.01,-73.9179,0
12898,0.08255,CMB,37.6774,SH0ES,0.265638,18.4244,0.264262,9.35181,0.045,26.7931,-0.147,-73.7593,0
130308,0.08221,CMB,37.8192,SH0ES,0.217606,18.5662,0.215925,10.1141,0.513,213.238,52.7437,-67.1114,0
17186,0.07849,CMB,38.0154,SH0ES,0.239252,18.7624,0.237723,10.1643,0.057,31.6128,-0.8995,-72.372,0
Gaia16acv,0.07833,CMB,37.8315,SH0ES,0.146078,18.5785,0.143561,8.87001,0.093,179.957,54.8022,-72.0818,0
PS15bif,0.07855,CMB,37.5715,SH0ES,0.150392,18.3185,0.147949,9.58141,0.003,305.074,-23.7435,27.7549,0
AT2016gsu,0.07529,CMB,37.5461,SH0ES,0.217171,18.2931,0.215486,9.75909,0.002,17.1024,21.1516,-129.563,0
2010hs,0.07514,CMB,37.8142,SH0ES,0.289148,18.5612,0.287885,10.4575,0.005,36.4131,24.7649,-129.296,0
7876,0.0749,CMB,37.4763,SH0ES,0.179761,18.2233,0.177722,9.78646,0.04,19.1825,0.7946,-83.8601,0
1992ae,0.07478,CMB,37.4346,SH0ES,0.222054,18.1816,0.220406,10.1995,0.3,322.075,-61.5504,104.461,0
PS15atx,0.07301,CMB,37.6225,SH0ES,0.304764,18.3695,0.303565,10.2531,0.001,195.827,-23.0658,136.355,0
2007jd,0.07196,CMB,37.6319,SH0ES,0.199695,18.3789,0.197861,9.75914,0.11,44.9724,1.1607,-73.5081,0
PS15mt,0.07193,CMB,37.5618,SH0ES,0.180815,18.3088,0.178788,8.92458,0.047,148.684,23.1981,-2.2308,0
370566,0.07134,CMB,37.4155,SH0ES,0.208957,18.1625,0.207205,9.18771,0.192,159.985,58.4149,-92.1098,0
PS15bdr,0.07094,CMB,37.3552,SH0ES,0.196012,18.1022,0.194143,10.5352,0.001,253.706,36.7252,-60.5418,0
13038,0.10485,CMB,38.4295,SH0ES,0.236183,19.1765,0.234634,8.87462,,347.827,0.5046,-60.2355,0
3256,0.10694,CMB,38.4295,SH0ES,0.210466,19.1765,0.208727,9.894,0.054,329.268,-0.2235,-46.9706,0
120225,0.10728,CMB,38.7801,SH0ES,0.468541,19.5271,0.467763,11.4183,0.1,150.818,3.4749,41.4031,0
570062,0.12363,CMB,38.8242,SH0ES,0.150324,19.5712,0.147879,9.98879,0.23,353.102,0.2956,-54.4795,0
151034,0.13269,CMB,38.7841,SH0ES,0.122177,19.5311,0.119156,10.6436,4.426,185.137,46.6661,-33.3543,0
18809,0.13153,CMB,38.802,SH0ES,0.134576,19.549,0.13184,10.6395,0.072,50.8813,0.6666,-42.5001,0
18415,0.1294,CMB,38.8429,SH0ES,0.142748,19.5899,0.140171,10.6005,0.077,337.478,1.0586,-47.3615,0
5751,0.12929,CMB,38.833,SH0ES,0.250442,19.58,0.248982,10.1354,0.084,11.6342,0.8382,-56.2101,0
1032,0.12904,CMB,38.8403,SH0ES,0.212795,19.5873,0.211075,10.2777,0.067,46.7957,1.1196,-46.3166,0
22075,0.129,CMB,38.7547,SH0ES,0.150979,19.5017,0.148545,10.7935,0.067,29.9631,1.2165,-53.8671,0
16069,0.12688,CMB,38.8125,SH0ES,0.259679,19.5595,0.258272,10.179,0.05,341.246,-1.0066,-46.4179,0
15459,0.12542,CMB,39.1417,SH0ES,0.298944,19.8887,0.297722,8.73681,0.056,340.701,-0.9018,-46.771,0
13894,0.12356,CMB,38.8009,SH0ES,0.333367,19.5479,0.332272,8.72392,0.105,1.6906,-0.0368,-55.8795,0
7147,0.10886,CMB,38.4016,SH0ES,0.133183,19.1486,0.130417,10.039,0.064,350.018,-0.0554,-58.3622,0
2916,0.12303,CMB,38.5967,SH0ES,0.274641,19.3437,0.273311,9.77924,0.008,315.922,0.5696,-33.607,0
18835,0.12262,CMB,38.6853,SH0ES,0.144584,19.4323,0.14204,10.1221,0.095,53.6851,0.3555,-42.5292,0
390259,0.12208,CMB,38.6119,SH0ES,0.231142,19.3589,0.22956,9.15024,1.299,242.396,53.8672,-61.8636,0
12860,0.12042,CMB,38.7926,SH0ES,0.252257,19.5396,0.250808,10.1701,0.049,323.694,1.1759,-41.4675,0
5549,0.11992,CMB,38.5958,SH0ES,0.200195,19.3428,0.198366,8.5812,0.096,3.2505,0.2482,-58.0773,0
000137,0.11878,CMB,38.5629,SH0ES,0.212381,19.3099,0.210657,10.2136,0.035,161.159,57.8111,-61.7786,0
1371,0.11797,CMB,38.4157,SH0ES,0.127058,19.1627,0.124156,10.5372,0.067,349.374,0.4294,-55.3939,0
16259,0.11771,CMB,38.6088,SH0ES,0.214419,19.3558,0.212712,10.994,0.063,352.03,0.8564,-57.3066,0
ATLAS16bwu,0.07074,CMB,37.3712,SH0ES,0.228257,18.1182,0.226654,9.63137,0.017,18.5927,-13.1531,-47.7797,0
470043,0.07061,CMB,37.7291,SH0ES,0.501827,18.4761,0.5011,7.0,7.899,128.994,44.7675,-79.7204,0
2006on,0.07068,CMB,37.4543,SH0ES,0.24781,18.2013,0.246335,10.2479,0.014,328.994,-1.0702,-60.9172,0
1990af,0.05018,CMB,36.5997,SH0ES,0.202684,17.3467,0.200877,11.2421,0.28089,323.747,-62.7371,238.032,0
1993O,0.05148,CMB,36.7759,SH0ES,0.228182,17.5229,0.226579,10.2759,,202.785,-33.2152,-131.156,0
2003ic,0.05196,CMB,36.393,SH0ES,0.201448,17.14,0.199631,9.30338,0.462,10.4593,-9.3053,198.527,0
AT2016cor,0.04995,CMB,36.8523,SH0ES,0.302557,17.5993,0.30135,9.59462,0.014,236.13,16.3035,-201.718,0
2008hu,0.05071,CMB,36.7036,SH0ES,0.133364,17.4506,0.130602,11.5,0.2,122.312,-18.6536,55.2605,0
PS15brr,0.05063,CMB,36.5461,SH0ES,0.190961,17.2931,0.189043,9.68818,0.013,358.356,-15.6545,40.2678,0
ASASSN-17eb,0.0497,CMB,36.4621,SH0ES,0.201896,17.2091,0.200082,10.8378,0.0,234.642,13.3478,-213.562,0
1998dx,0.0498,CMB,36.5693,SH0ES,0.155812,17.3163,0.153455,11.2793,0.28089,272.8,49.8613,-106.539,0
1993ag,0.05019,CMB,36.6402,SH0ES,0.244395,17.3872,0.242899,10.7191,0.28089,150.894,-35.4626,96.2267,0
AT2016gmg,0.04839,CMB,36.641,SH0ES,0.181462,17.388,0.179443,10.9955,0.001,320.924,33.1147,-72.714,0
PS16n,0.05268,CMB,36.7752,SH0ES,0.161766,17.5222,0.159497,10.0228,0.038,75.9333,3.4125,-119.126,0
ATLAS16agv,0.04777,CMB,36.4976,SH0ES,0.165873,17.2446,0.16366,9.10622,0.1,250.29,50.9724,-119.844,0
2016afk,0.04677,CMB,36.5642,SH0ES,0.229149,17.3112,0.227553,9.44086,0.002,155.625,15.0966,-172.356,0
2004gu,0.0467,CMB,36.4713,SH0ES,0.19409,17.2183,0.192203,10.026,0.14,191.603,11.9489,18.5312,0
AT2016ews,0.04612,CMB,36.5394,SH0ES,0.159223,17.2864,0.156917,10.3881,0.005,225.652,23.3528,-54.4087,0
PS17tn,0.04549,CMB,36.3811,SH0ES,0.196005,17.1281,0.194137,10.2394,0.001,145.807,41.3173,-116.657,0
SN2016esh,0.04488,CMB,36.1579,SH0ES,0.182756,16.9049,0.180751,9.49048,0.007,241.06,16.6902,-273.17,0
PS16cqa,0.04433,CMB,36.6866,SH0ES,0.304921,17.4336,0.303723,10.6243,0.001,234.779,9.2946,-252.758,0
2006hx,0.04429,CMB,36.4565,SH0ES,0.162334,17.2035,0.160073,10.1086,0.13,18.4888,0.3717,-166.742,0
PS16bby,0.0543,CMB,36.8327,SH0ES,0.178902,17.5797,0.176852,10.4871,0.002,215.075,-22.189,-108.878,0
PS16em,0.07113,CMB,37.4814,SH0ES,0.447068,18.2284,0.446252,10.0881,0.002,163.892,-3.3663,84.9082,0
2008go,0.06116,CMB,36.9691,SH0ES,0.141986,17.7161,0.139395,10.7539,0.16,332.687,-20.7881,-60.2294,0
PS17yt,0.07046,CMB,37.4787,SH0ES,0.176182,18.2257,0.174101,9.95752,0.1,150.992,49.0412,-73.4287,0
PTSS17-niq,0.0691,CMB,37.2817,SH0ES,0.174144,18.0287,0.172038,10.6052,0.001,215.069,15.3417,35.4616,0
2006al,0.06908,CMB,37.4213,SH0ES,0.159324,18.1683,0.15702,10.5011,0.01,159.868,5.1834,60.4147,0
CSS160129,0.06841,CMB,37.2381,SH0ES,0.191221,17.9851,0.189306,8.86459,0.1,115.123,10.9333,-8.7606,0
PS15bjg,0.06758,CMB,37.4935,SH0ES,0.190499,18.2405,0.188576,11.2378,0.001,343.793,-0.4102,-77.8014,0
AT2016aj,0.06731,CMB,37.2344,SH0ES,0.203006,17.9814,0.201202,10.7026,0.0,70.6025,-21.7244,17.2632,0
PS16bnz,0.06398,CMB,37.0786,SH0ES,0.154429,17.8256,0.15205,11.2932,0.0,155.154,-2.4668,-135.381,0
SN2016aqb,0.06419,CMB,37.0197,SH0ES,0.155855,17.7667,0.153498,9.62423,0.013,170.493,-13.9837,100.695,0
SN2017cpu,0.05529,CMB,36.6433,SH0ES,0.175423,17.3903,0.173333,10.521,0.001,211.969,9.642,78.2932,0
SN2016hhv,0.06067,CMB,37.1383,SH0ES,0.198009,17.8853,0.196159,10.7875,0.002,353.952,20.7088,-151.965,0
SN2017cjv,0.06079,CMB,37.032,SH0ES,0.17759,17.779,0.175525,10.6078,0.013,152.69,-3.7775,-37.2838,0
LSQ13crf,0.05934,CMB,36.3001,SH0ES,0.617516,17.0471,0.616925,8.80055,0.01,47.7093,1.4219,-112.03,0
2006ob,0.0576,CMB,36.9324,SH0ES,0.14674,17.6794,0.144234,11.0302,0.048,27.9506,0.2633,-179.424,0
2006py,0.05658,CMB,36.9098,SH0ES,0.185051,17.6568,0.18307,9.57313,0.01,340.425,-0.1369,14.3375,0
AT2017oz,0.05641,CMB,36.8109,SH0ES,0.193162,17.5579,0.191265,9.48953,0.014,211.673,30.3188,78.8558,0
colfax,2.2613,CMB,46.1828,SH0ES,0.281309,26.9298,0.280011,10.0,,189.157,62.3092,-7.2661,0
